{
    "Information_Collection": {
        "Comprehensiveness": {
            "Coverage": 0.9617834394904459
        },
        "Relevance": {
            "Paper_Level": 0.9728434504792333,
            "Section_Level": 0.2268370607028754,
            "Sentence_Level": 0.24281150159744408
        }
    },
    "Survey_Structure": {
        "Structure_Quality(LLM_as_judge)": 0,
        "SH-Recall": 0.9961970219019101
    },
    "Survey_Content": {
        "Relevance": {
            "ROUGE-1": 0.9098722598172896,
            "ROUGE-2": 0.8916645523795111,
            "ROUGE-L": 0.8970105821907524,
            "BLEU": 90.67172684142591
        },
        "Logic": 3.55
    },
    "survey_id": "0"
}

{
    "Information_Collection": {
        "Comprehensiveness": {
            "Coverage": 0.9617834394904459
        },
        "Relevance": {
            "Paper_Level": 0.9728434504792333,
            "Section_Level": 0.2268370607028754,
            "Sentence_Level": 0.24281150159744408
        }
    },
    "Survey_Structure": {
        "Structure_Quality(LLM_as_judge)": 0.0,
        "SH-Recall": 0.9961970219019101
    },
    "Survey_Content": {
        "Relevance": {
            "ROUGE-1": 0.9098722598172896,
            "ROUGE-2": 0.8916645523795111,
            "ROUGE-L": 0.8970105821907524,
            "BLEU": 90.67172684142591
        },
        "Logic": 3.55
    },
    "survey_id": "Average"
}