{
    "Information_Collection": {
        "Comprehensiveness": {
            "Coverage": 0.044585987261146494
        },
        "Relevance": {
            "Paper_Level": 0.08433734939759036,
            "Section_Level": 0.02099236641221374,
            "Sentence_Level": 0.022900763358778626
        }
    },
    "Survey_Structure": {
        "Structure_Quality(LLM_as_judge)": 1,
        "SH-Recall": 0.7559765625,
        "Subtitle_similarity": null,
        "subtitle_similarity": 0.7692307692307693
    },
    "Survey_Content": {
        "Relevance": {
            "ROUGE-1": 0.35597768705352956,
            "ROUGE-2": 0.08098817884621512,
            "ROUGE-L": 0.14074168740902926,
            "BLEU": 13.595535984295921
        },
        "Content LLM as a judge": 80
    },
    "survey_id": "0"
}

{
    "Information_Collection": {
        "Comprehensiveness": {
            "Coverage": 0.044585987261146494
        },
        "Relevance": {
            "Paper_Level": 0.08433734939759036,
            "Section_Level": 0.02099236641221374,
            "Sentence_Level": 0.022900763358778626
        }
    },
    "Survey_Structure": {
        "Structure_Quality(LLM_as_judge)": 1.0,
        "SH-Recall": 0.7559765625,
        "subtitle_similarity": 0.7692307692307693
    },
    "Survey_Content": {
        "Relevance": {
            "ROUGE-1": 0.35597768705352956,
            "ROUGE-2": 0.08098817884621512,
            "ROUGE-L": 0.14074168740902926,
            "BLEU": 13.595535984295921
        },
        "Content LLM as a judge": 80.0
    },
    "survey_id": "Average"
}