{
    "Information_Collection": {
        "Comprehensiveness": {
            "Coverage": 0.2515923566878981
        },
        "Relevance": {
            "Paper_Level": 0.4444444444444444,
            "Section_Level": 0.13526570048309178,
            "Sentence_Level": 0.13526570048309178
        }
    },
    "Survey_Structure": {
        "Structure_Quality(LLM_as_judge)": 2,
        "SH-Recall": 0.8046061197916666,
        "Subtitle_similarity": null,
        "subtitle_similarity": 0.25
    },
    "Survey_Content": {
        "Relevance": {
            "ROUGE-1": 0.413805897143331,
            "ROUGE-2": 0.13466245762604287,
            "ROUGE-L": 0.18725267804035423,
            "BLEU": 18.656796832757234
        },
        "Content LLM as a judge": 84
    },
    "survey_id": "0"
}

{
    "Information_Collection": {
        "Comprehensiveness": {
            "Coverage": 0.2515923566878981
        },
        "Relevance": {
            "Paper_Level": 0.4444444444444444,
            "Section_Level": 0.13526570048309178,
            "Sentence_Level": 0.13526570048309178
        }
    },
    "Survey_Structure": {
        "Structure_Quality(LLM_as_judge)": 2.0,
        "SH-Recall": 0.8046061197916666,
        "subtitle_similarity": 0.25
    },
    "Survey_Content": {
        "Relevance": {
            "ROUGE-1": 0.413805897143331,
            "ROUGE-2": 0.13466245762604287,
            "ROUGE-L": 0.18725267804035423,
            "BLEU": 18.656796832757234
        },
        "Content LLM as a judge": 84.0
    },
    "survey_id": "Average"
}