GT_Título,LLM_Título,Nível_GT,Nível_LLM,Similaridade,Caminho_GT,Caminho_LLM,Tamanho_GT,Tamanho_LLM
Transformer with Convolution,5.1 Image Classification,Nível 4,Nível 3,0.91,root > Vision Transformer > Backbone for Representation Learning > Transformer with Convolution,A Survey on Visual Transformers > 5 Applications and Performance Analysis > 5.1 Image Classification,425,574
Transformer with Convolution,5.1 Image Classification,Nível 3,Nível 3,0.91,Vision Transformer > Backbone for Representation Learning > Transformer with Convolution,A Survey on Visual Transformers > 5 Applications and Performance Analysis > 5.1 Image Classification,425,574
Transformer with Convolution,5.1 Image Classification,Nível 2,Nível 3,0.91,Backbone for Representation Learning > Transformer with Convolution,A Survey on Visual Transformers > 5 Applications and Performance Analysis > 5.1 Image Classification,425,574
Transformer with Convolution,5.1 Image Classification,Nível 1,Nível 3,0.91,Transformer with Convolution,A Survey on Visual Transformers > 5 Applications and Performance Analysis > 5.1 Image Classification,425,574
Transformer with Convolution,2.9 Convolutions in Vision Transformers,Nível 4,Nível 3,0.8975,root > Vision Transformer > Backbone for Representation Learning > Transformer with Convolution,A Survey on Visual Transformers > 2 Architectural Innovations in Visual Transformers > 2.9 Convolutions in Vision Transformers,425,710
Transformer with Convolution,2.9 Convolutions in Vision Transformers,Nível 3,Nível 3,0.8975,Vision Transformer > Backbone for Representation Learning > Transformer with Convolution,A Survey on Visual Transformers > 2 Architectural Innovations in Visual Transformers > 2.9 Convolutions in Vision Transformers,425,710
Transformer with Convolution,2.9 Convolutions in Vision Transformers,Nível 2,Nível 3,0.8975,Backbone for Representation Learning > Transformer with Convolution,A Survey on Visual Transformers > 2 Architectural Innovations in Visual Transformers > 2.9 Convolutions in Vision Transformers,425,710
Transformer with Convolution,2.9 Convolutions in Vision Transformers,Nível 1,Nível 3,0.8975,Transformer with Convolution,A Survey on Visual Transformers > 2 Architectural Innovations in Visual Transformers > 2.9 Convolutions in Vision Transformers,425,710
Challenges,5.1 Image Classification,Nível 3,Nível 3,0.897,root > Conclusions and Discussions > Challenges,A Survey on Visual Transformers > 5 Applications and Performance Analysis > 5.1 Image Classification,396,574
Challenges,5.1 Image Classification,Nível 2,Nível 3,0.897,Conclusions and Discussions > Challenges,A Survey on Visual Transformers > 5 Applications and Performance Analysis > 5.1 Image Classification,396,574
Challenges,5.1 Image Classification,Nível 1,Nível 3,0.897,Challenges,A Survey on Visual Transformers > 5 Applications and Performance Analysis > 5.1 Image Classification,396,574
Generic Object Detection,5.2 Object Detection,Nível 4,Nível 3,0.895,root > Vision Transformer > High/Mid-level Vision > Generic Object Detection,A Survey on Visual Transformers > 5 Applications and Performance Analysis > 5.2 Object Detection,1866,810
Generic Object Detection,5.2 Object Detection,Nível 3,Nível 3,0.895,Vision Transformer > High/Mid-level Vision > Generic Object Detection,A Survey on Visual Transformers > 5 Applications and Performance Analysis > 5.2 Object Detection,1866,810
Generic Object Detection,5.2 Object Detection,Nível 2,Nível 3,0.895,High/Mid-level Vision > Generic Object Detection,A Survey on Visual Transformers > 5 Applications and Performance Analysis > 5.2 Object Detection,1866,810
Generic Object Detection,5.2 Object Detection,Nível 1,Nível 3,0.895,Generic Object Detection,A Survey on Visual Transformers > 5 Applications and Performance Analysis > 5.2 Object Detection,1866,810
Transformer with Convolution,1.2 Key Concepts and Architecture Overview,Nível 4,Nível 3,0.8936,root > Vision Transformer > Backbone for Representation Learning > Transformer with Convolution,A Survey on Visual Transformers > 1 Introduction to Visual Transformers > 1.2 Key Concepts and Architecture Overview,425,580
Transformer with Convolution,1.2 Key Concepts and Architecture Overview,Nível 3,Nível 3,0.8936,Vision Transformer > Backbone for Representation Learning > Transformer with Convolution,A Survey on Visual Transformers > 1 Introduction to Visual Transformers > 1.2 Key Concepts and Architecture Overview,425,580
Transformer with Convolution,1.2 Key Concepts and Architecture Overview,Nível 2,Nível 3,0.8936,Backbone for Representation Learning > Transformer with Convolution,A Survey on Visual Transformers > 1 Introduction to Visual Transformers > 1.2 Key Concepts and Architecture Overview,425,580
Transformer with Convolution,1.2 Key Concepts and Architecture Overview,Nível 1,Nível 3,0.8936,Transformer with Convolution,A Survey on Visual Transformers > 1 Introduction to Visual Transformers > 1.2 Key Concepts and Architecture Overview,425,580
Transformer with Convolution,5.2 Object Detection,Nível 4,Nível 3,0.891,root > Vision Transformer > Backbone for Representation Learning > Transformer with Convolution,A Survey on Visual Transformers > 5 Applications and Performance Analysis > 5.2 Object Detection,425,810
Transformer with Convolution,5.2 Object Detection,Nível 3,Nível 3,0.891,Vision Transformer > Backbone for Representation Learning > Transformer with Convolution,A Survey on Visual Transformers > 5 Applications and Performance Analysis > 5.2 Object Detection,425,810
Transformer with Convolution,5.2 Object Detection,Nível 2,Nível 3,0.891,Backbone for Representation Learning > Transformer with Convolution,A Survey on Visual Transformers > 5 Applications and Performance Analysis > 5.2 Object Detection,425,810
Transformer with Convolution,5.2 Object Detection,Nível 1,Nível 3,0.891,Transformer with Convolution,A Survey on Visual Transformers > 5 Applications and Performance Analysis > 5.2 Object Detection,425,810
Future Prospects,5.1 Image Classification,Nível 3,Nível 3,0.888,root > Conclusions and Discussions > Future Prospects,A Survey on Visual Transformers > 5 Applications and Performance Analysis > 5.1 Image Classification,2535,574
Future Prospects,5.1 Image Classification,Nível 2,Nível 3,0.888,Conclusions and Discussions > Future Prospects,A Survey on Visual Transformers > 5 Applications and Performance Analysis > 5.1 Image Classification,2535,574
Future Prospects,5.1 Image Classification,Nível 1,Nível 3,0.888,Future Prospects,A Survey on Visual Transformers > 5 Applications and Performance Analysis > 5.1 Image Classification,2535,574
Transformer with Convolution,5.3 Image Segmentation,Nível 4,Nível 3,0.884,root > Vision Transformer > Backbone for Representation Learning > Transformer with Convolution,A Survey on Visual Transformers > 5 Applications and Performance Analysis > 5.3 Image Segmentation,425,733
Transformer with Convolution,5.3 Image Segmentation,Nível 3,Nível 3,0.884,Vision Transformer > Backbone for Representation Learning > Transformer with Convolution,A Survey on Visual Transformers > 5 Applications and Performance Analysis > 5.3 Image Segmentation,425,733
Transformer with Convolution,5.3 Image Segmentation,Nível 2,Nível 3,0.884,Backbone for Representation Learning > Transformer with Convolution,A Survey on Visual Transformers > 5 Applications and Performance Analysis > 5.3 Image Segmentation,425,733
Transformer with Convolution,5.3 Image Segmentation,Nível 1,Nível 3,0.884,Transformer with Convolution,A Survey on Visual Transformers > 5 Applications and Performance Analysis > 5.3 Image Segmentation,425,733
Transformer with Convolution,1.1 Historical Context and Development,Nível 4,Nível 3,0.88,root > Vision Transformer > Backbone for Representation Learning > Transformer with Convolution,A Survey on Visual Transformers > 1 Introduction to Visual Transformers > 1.1 Historical Context and Development,425,507
Transformer with Convolution,1.1 Historical Context and Development,Nível 3,Nível 3,0.88,Vision Transformer > Backbone for Representation Learning > Transformer with Convolution,A Survey on Visual Transformers > 1 Introduction to Visual Transformers > 1.1 Historical Context and Development,425,507
Transformer with Convolution,1.1 Historical Context and Development,Nível 2,Nível 3,0.88,Backbone for Representation Learning > Transformer with Convolution,A Survey on Visual Transformers > 1 Introduction to Visual Transformers > 1.1 Historical Context and Development,425,507
Transformer with Convolution,1.1 Historical Context and Development,Nível 1,Nível 3,0.88,Transformer with Convolution,A Survey on Visual Transformers > 1 Introduction to Visual Transformers > 1.1 Historical Context and Development,425,507
Pure Transformer,5.1 Image Classification,Nível 4,Nível 3,0.8794,root > Vision Transformer > Backbone for Representation Learning > Pure Transformer,A Survey on Visual Transformers > 5 Applications and Performance Analysis > 5.1 Image Classification,1415,574
Transformer with Convolution,References,Nível 4,Nível 2,0.8794,root > Vision Transformer > Backbone for Representation Learning > Transformer with Convolution,A Survey on Visual Transformers > References,425,642
Pure Transformer,5.1 Image Classification,Nível 3,Nível 3,0.8794,Vision Transformer > Backbone for Representation Learning > Pure Transformer,A Survey on Visual Transformers > 5 Applications and Performance Analysis > 5.1 Image Classification,1415,574
Transformer with Convolution,References,Nível 3,Nível 2,0.8794,Vision Transformer > Backbone for Representation Learning > Transformer with Convolution,A Survey on Visual Transformers > References,425,642
Pure Transformer,5.1 Image Classification,Nível 2,Nível 3,0.8794,Backbone for Representation Learning > Pure Transformer,A Survey on Visual Transformers > 5 Applications and Performance Analysis > 5.1 Image Classification,1415,574
Transformer with Convolution,References,Nível 2,Nível 2,0.8794,Backbone for Representation Learning > Transformer with Convolution,A Survey on Visual Transformers > References,425,642
Pure Transformer,5.1 Image Classification,Nível 1,Nível 3,0.8794,Pure Transformer,A Survey on Visual Transformers > 5 Applications and Performance Analysis > 5.1 Image Classification,1415,574
Transformer with Convolution,References,Nível 1,Nível 2,0.8794,Transformer with Convolution,A Survey on Visual Transformers > References,425,642
Challenges,5.2 Object Detection,Nível 3,Nível 3,0.8794,root > Conclusions and Discussions > Challenges,A Survey on Visual Transformers > 5 Applications and Performance Analysis > 5.2 Object Detection,396,810
Challenges,5.2 Object Detection,Nível 2,Nível 3,0.8794,Conclusions and Discussions > Challenges,A Survey on Visual Transformers > 5 Applications and Performance Analysis > 5.2 Object Detection,396,810
Challenges,5.2 Object Detection,Nível 1,Nível 3,0.8794,Challenges,A Survey on Visual Transformers > 5 Applications and Performance Analysis > 5.2 Object Detection,396,810
Backbone for Representation Learning,5.1 Image Classification,Nível 3,Nível 3,0.8774,root > Vision Transformer > Backbone for Representation Learning,A Survey on Visual Transformers > 5 Applications and Performance Analysis > 5.1 Image Classification,195,574
Challenges,3.4 Data Requirements and Learning Flexibility,Nível 3,Nível 3,0.8774,root > Conclusions and Discussions > Challenges,A Survey on Visual Transformers > 3 Attention Mechanisms and Learning Processes > 3.4 Data Requirements and Learning Flexibility,396,755
Backbone for Representation Learning,5.1 Image Classification,Nível 2,Nível 3,0.8774,Vision Transformer > Backbone for Representation Learning,A Survey on Visual Transformers > 5 Applications and Performance Analysis > 5.1 Image Classification,195,574
Backbone for Representation Learning,5.1 Image Classification,Nível 1,Nível 3,0.8774,Backbone for Representation Learning,A Survey on Visual Transformers > 5 Applications and Performance Analysis > 5.1 Image Classification,195,574
Challenges,3.4 Data Requirements and Learning Flexibility,Nível 2,Nível 3,0.8774,Conclusions and Discussions > Challenges,A Survey on Visual Transformers > 3 Attention Mechanisms and Learning Processes > 3.4 Data Requirements and Learning Flexibility,396,755
Challenges,3.4 Data Requirements and Learning Flexibility,Nível 1,Nível 3,0.8774,Challenges,A Survey on Visual Transformers > 3 Attention Mechanisms and Learning Processes > 3.4 Data Requirements and Learning Flexibility,396,755
Transformer with Convolution,3.4 Data Requirements and Learning Flexibility,Nível 4,Nível 3,0.877,root > Vision Transformer > Backbone for Representation Learning > Transformer with Convolution,A Survey on Visual Transformers > 3 Attention Mechanisms and Learning Processes > 3.4 Data Requirements and Learning Flexibility,425,755
Transformer with Convolution,3.4 Data Requirements and Learning Flexibility,Nível 3,Nível 3,0.877,Vision Transformer > Backbone for Representation Learning > Transformer with Convolution,A Survey on Visual Transformers > 3 Attention Mechanisms and Learning Processes > 3.4 Data Requirements and Learning Flexibility,425,755
Transformer with Convolution,3.4 Data Requirements and Learning Flexibility,Nível 2,Nível 3,0.877,Backbone for Representation Learning > Transformer with Convolution,A Survey on Visual Transformers > 3 Attention Mechanisms and Learning Processes > 3.4 Data Requirements and Learning Flexibility,425,755
Transformer with Convolution,3.4 Data Requirements and Learning Flexibility,Nível 1,Nível 3,0.877,Transformer with Convolution,A Survey on Visual Transformers > 3 Attention Mechanisms and Learning Processes > 3.4 Data Requirements and Learning Flexibility,425,755
Challenges,References,Nível 3,Nível 2,0.875,root > Conclusions and Discussions > Challenges,A Survey on Visual Transformers > References,396,642
Future Prospects,References,Nível 3,Nível 2,0.875,root > Conclusions and Discussions > Future Prospects,A Survey on Visual Transformers > References,2535,642
Challenges,References,Nível 2,Nível 2,0.875,Conclusions and Discussions > Challenges,A Survey on Visual Transformers > References,396,642
Future Prospects,References,Nível 2,Nível 2,0.875,Conclusions and Discussions > Future Prospects,A Survey on Visual Transformers > References,2535,642
Challenges,References,Nível 1,Nível 2,0.875,Challenges,A Survey on Visual Transformers > References,396,642
Future Prospects,References,Nível 1,Nível 2,0.875,Future Prospects,A Survey on Visual Transformers > References,2535,642
Pure Transformer,1.2 Key Concepts and Architecture Overview,Nível 4,Nível 3,0.8745,root > Vision Transformer > Backbone for Representation Learning > Pure Transformer,A Survey on Visual Transformers > 1 Introduction to Visual Transformers > 1.2 Key Concepts and Architecture Overview,1415,580
Pure Transformer,1.2 Key Concepts and Architecture Overview,Nível 3,Nível 3,0.8745,Vision Transformer > Backbone for Representation Learning > Pure Transformer,A Survey on Visual Transformers > 1 Introduction to Visual Transformers > 1.2 Key Concepts and Architecture Overview,1415,580
Pure Transformer,1.2 Key Concepts and Architecture Overview,Nível 2,Nível 3,0.8745,Backbone for Representation Learning > Pure Transformer,A Survey on Visual Transformers > 1 Introduction to Visual Transformers > 1.2 Key Concepts and Architecture Overview,1415,580
Pure Transformer,1.2 Key Concepts and Architecture Overview,Nível 1,Nível 3,0.8745,Pure Transformer,A Survey on Visual Transformers > 1 Introduction to Visual Transformers > 1.2 Key Concepts and Architecture Overview,1415,580
Challenges,6.3 Data Requirements,Nível 3,Nível 3,0.868,root > Conclusions and Discussions > Challenges,A Survey on Visual Transformers > 6 Challenges and Future Directions > 6.3 Data Requirements,396,704
Challenges,6.3 Data Requirements,Nível 2,Nível 3,0.868,Conclusions and Discussions > Challenges,A Survey on Visual Transformers > 6 Challenges and Future Directions > 6.3 Data Requirements,396,704
Challenges,6.3 Data Requirements,Nível 1,Nível 3,0.868,Challenges,A Survey on Visual Transformers > 6 Challenges and Future Directions > 6.3 Data Requirements,396,704
Segmentation,5.3 Image Segmentation,Nível 4,Nível 3,0.8657,root > Vision Transformer > High/Mid-level Vision > Segmentation,A Survey on Visual Transformers > 5 Applications and Performance Analysis > 5.3 Image Segmentation,512,733
Challenges,1.1 Historical Context and Development,Nível 3,Nível 3,0.8657,root > Conclusions and Discussions > Challenges,A Survey on Visual Transformers > 1 Introduction to Visual Transformers > 1.1 Historical Context and Development,396,507
Segmentation,5.3 Image Segmentation,Nível 3,Nível 3,0.8657,Vision Transformer > High/Mid-level Vision > Segmentation,A Survey on Visual Transformers > 5 Applications and Performance Analysis > 5.3 Image Segmentation,512,733
Segmentation,5.3 Image Segmentation,Nível 2,Nível 3,0.8657,High/Mid-level Vision > Segmentation,A Survey on Visual Transformers > 5 Applications and Performance Analysis > 5.3 Image Segmentation,512,733
Segmentation,5.3 Image Segmentation,Nível 1,Nível 3,0.8657,Segmentation,A Survey on Visual Transformers > 5 Applications and Performance Analysis > 5.3 Image Segmentation,512,733
Challenges,1.1 Historical Context and Development,Nível 2,Nível 3,0.8657,Conclusions and Discussions > Challenges,A Survey on Visual Transformers > 1 Introduction to Visual Transformers > 1.1 Historical Context and Development,396,507
Challenges,1.1 Historical Context and Development,Nível 1,Nível 3,0.8657,Challenges,A Survey on Visual Transformers > 1 Introduction to Visual Transformers > 1.1 Historical Context and Development,396,507
Challenges,1.3 Comparison with Traditional Convolutional Neural Networks,Nível 3,Nível 3,0.8657,root > Conclusions and Discussions > Challenges,A Survey on Visual Transformers > 1 Introduction to Visual Transformers > 1.3 Comparison with Traditional Convolutional Neural Networks,396,705
Challenges,1.3 Comparison with Traditional Convolutional Neural Networks,Nível 2,Nível 3,0.8657,Conclusions and Discussions > Challenges,A Survey on Visual Transformers > 1 Introduction to Visual Transformers > 1.3 Comparison with Traditional Convolutional Neural Networks,396,705
Challenges,1.3 Comparison with Traditional Convolutional Neural Networks,Nível 1,Nível 3,0.8657,Challenges,A Survey on Visual Transformers > 1 Introduction to Visual Transformers > 1.3 Comparison with Traditional Convolutional Neural Networks,396,705
Challenges,2.9 Convolutions in Vision Transformers,Nível 3,Nível 3,0.864,root > Conclusions and Discussions > Challenges,A Survey on Visual Transformers > 2 Architectural Innovations in Visual Transformers > 2.9 Convolutions in Vision Transformers,396,710
Challenges,2.9 Convolutions in Vision Transformers,Nível 2,Nível 3,0.864,Conclusions and Discussions > Challenges,A Survey on Visual Transformers > 2 Architectural Innovations in Visual Transformers > 2.9 Convolutions in Vision Transformers,396,710
Challenges,2.9 Convolutions in Vision Transformers,Nível 1,Nível 3,0.864,Challenges,A Survey on Visual Transformers > 2 Architectural Innovations in Visual Transformers > 2.9 Convolutions in Vision Transformers,396,710
Transformer with Convolution,6.3 Data Requirements,Nível 4,Nível 3,0.862,root > Vision Transformer > Backbone for Representation Learning > Transformer with Convolution,A Survey on Visual Transformers > 6 Challenges and Future Directions > 6.3 Data Requirements,425,704
Discussions,5.3 Image Segmentation,Nível 4,Nível 3,0.862,root > Vision Transformer > High/Mid-level Vision > Discussions,A Survey on Visual Transformers > 5 Applications and Performance Analysis > 5.3 Image Segmentation,197,733
Transformer with Convolution,6.3 Data Requirements,Nível 3,Nível 3,0.862,Vision Transformer > Backbone for Representation Learning > Transformer with Convolution,A Survey on Visual Transformers > 6 Challenges and Future Directions > 6.3 Data Requirements,425,704
Discussions,5.3 Image Segmentation,Nível 3,Nível 3,0.862,Vision Transformer > High/Mid-level Vision > Discussions,A Survey on Visual Transformers > 5 Applications and Performance Analysis > 5.3 Image Segmentation,197,733
Transformer with Convolution,6.3 Data Requirements,Nível 2,Nível 3,0.862,Backbone for Representation Learning > Transformer with Convolution,A Survey on Visual Transformers > 6 Challenges and Future Directions > 6.3 Data Requirements,425,704
Transformer with Convolution,6.3 Data Requirements,Nível 1,Nível 3,0.862,Transformer with Convolution,A Survey on Visual Transformers > 6 Challenges and Future Directions > 6.3 Data Requirements,425,704
Discussions,5.3 Image Segmentation,Nível 2,Nível 3,0.862,High/Mid-level Vision > Discussions,A Survey on Visual Transformers > 5 Applications and Performance Analysis > 5.3 Image Segmentation,197,733
Discussions,5.3 Image Segmentation,Nível 1,Nível 3,0.862,Discussions,A Survey on Visual Transformers > 5 Applications and Performance Analysis > 5.3 Image Segmentation,197,733
Future Prospects,1.1 Historical Context and Development,Nível 3,Nível 3,0.861,root > Conclusions and Discussions > Future Prospects,A Survey on Visual Transformers > 1 Introduction to Visual Transformers > 1.1 Historical Context and Development,2535,507
Future Prospects,1.1 Historical Context and Development,Nível 2,Nível 3,0.861,Conclusions and Discussions > Future Prospects,A Survey on Visual Transformers > 1 Introduction to Visual Transformers > 1.1 Historical Context and Development,2535,507
Future Prospects,1.1 Historical Context and Development,Nível 1,Nível 3,0.861,Future Prospects,A Survey on Visual Transformers > 1 Introduction to Visual Transformers > 1.1 Historical Context and Development,2535,507
Transformer with Convolution,1.4 Inductive Biases and Data Requirements,Nível 4,Nível 3,0.86,root > Vision Transformer > Backbone for Representation Learning > Transformer with Convolution,A Survey on Visual Transformers > 1 Introduction to Visual Transformers > 1.4 Inductive Biases and Data Requirements,425,931
Transformer with Convolution,1.4 Inductive Biases and Data Requirements,Nível 3,Nível 3,0.86,Vision Transformer > Backbone for Representation Learning > Transformer with Convolution,A Survey on Visual Transformers > 1 Introduction to Visual Transformers > 1.4 Inductive Biases and Data Requirements,425,931
Transformer with Convolution,1.4 Inductive Biases and Data Requirements,Nível 2,Nível 3,0.86,Backbone for Representation Learning > Transformer with Convolution,A Survey on Visual Transformers > 1 Introduction to Visual Transformers > 1.4 Inductive Biases and Data Requirements,425,931
Transformer with Convolution,1.4 Inductive Biases and Data Requirements,Nível 1,Nível 3,0.86,Transformer with Convolution,A Survey on Visual Transformers > 1 Introduction to Visual Transformers > 1.4 Inductive Biases and Data Requirements,425,931
Transformer with Convolution,2.5 Mobile Deployment Strategies,Nível 4,Nível 3,0.8594,root > Vision Transformer > Backbone for Representation Learning > Transformer with Convolution,A Survey on Visual Transformers > 2 Architectural Innovations in Visual Transformers > 2.5 Mobile Deployment Strategies,425,862
Transformer with Convolution,2.5 Mobile Deployment Strategies,Nível 3,Nível 3,0.8594,Vision Transformer > Backbone for Representation Learning > Transformer with Convolution,A Survey on Visual Transformers > 2 Architectural Innovations in Visual Transformers > 2.5 Mobile Deployment Strategies,425,862
Transformer with Convolution,2.5 Mobile Deployment Strategies,Nível 2,Nível 3,0.8594,Backbone for Representation Learning > Transformer with Convolution,A Survey on Visual Transformers > 2 Architectural Innovations in Visual Transformers > 2.5 Mobile Deployment Strategies,425,862
Transformer with Convolution,2.5 Mobile Deployment Strategies,Nível 1,Nível 3,0.8594,Transformer with Convolution,A Survey on Visual Transformers > 2 Architectural Innovations in Visual Transformers > 2.5 Mobile Deployment Strategies,425,862
Challenges,1.2 Key Concepts and Architecture Overview,Nível 3,Nível 3,0.8574,root > Conclusions and Discussions > Challenges,A Survey on Visual Transformers > 1 Introduction to Visual Transformers > 1.2 Key Concepts and Architecture Overview,396,580
Challenges,1.2 Key Concepts and Architecture Overview,Nível 2,Nível 3,0.8574,Conclusions and Discussions > Challenges,A Survey on Visual Transformers > 1 Introduction to Visual Transformers > 1.2 Key Concepts and Architecture Overview,396,580
Challenges,1.2 Key Concepts and Architecture Overview,Nível 1,Nível 3,0.8574,Challenges,A Survey on Visual Transformers > 1 Introduction to Visual Transformers > 1.2 Key Concepts and Architecture Overview,396,580
Challenges,1.4 Inductive Biases and Data Requirements,Nível 3,Nível 3,0.8574,root > Conclusions and Discussions > Challenges,A Survey on Visual Transformers > 1 Introduction to Visual Transformers > 1.4 Inductive Biases and Data Requirements,396,931
Challenges,1.4 Inductive Biases and Data Requirements,Nível 2,Nível 3,0.8574,Conclusions and Discussions > Challenges,A Survey on Visual Transformers > 1 Introduction to Visual Transformers > 1.4 Inductive Biases and Data Requirements,396,931
Challenges,1.4 Inductive Biases and Data Requirements,Nível 1,Nível 3,0.8574,Challenges,A Survey on Visual Transformers > 1 Introduction to Visual Transformers > 1.4 Inductive Biases and Data Requirements,396,931
Discussions,3.3 Influence of Different Supervision Paradigms,Nível 4,Nível 3,0.857,root > Vision Transformer > High/Mid-level Vision > Discussions,A Survey on Visual Transformers > 3 Attention Mechanisms and Learning Processes > 3.3 Influence of Different Supervision Paradigms,197,833
Discussions,3.3 Influence of Different Supervision Paradigms,Nível 3,Nível 3,0.857,Vision Transformer > High/Mid-level Vision > Discussions,A Survey on Visual Transformers > 3 Attention Mechanisms and Learning Processes > 3.3 Influence of Different Supervision Paradigms,197,833
Discussions,3.3 Influence of Different Supervision Paradigms,Nível 2,Nível 3,0.857,High/Mid-level Vision > Discussions,A Survey on Visual Transformers > 3 Attention Mechanisms and Learning Processes > 3.3 Influence of Different Supervision Paradigms,197,833
Discussions,3.3 Influence of Different Supervision Paradigms,Nível 1,Nível 3,0.857,Discussions,A Survey on Visual Transformers > 3 Attention Mechanisms and Learning Processes > 3.3 Influence of Different Supervision Paradigms,197,833
Future Prospects,3.4 Data Requirements and Learning Flexibility,Nível 3,Nível 3,0.855,root > Conclusions and Discussions > Future Prospects,A Survey on Visual Transformers > 3 Attention Mechanisms and Learning Processes > 3.4 Data Requirements and Learning Flexibility,2535,755
Future Prospects,3.4 Data Requirements and Learning Flexibility,Nível 2,Nível 3,0.855,Conclusions and Discussions > Future Prospects,A Survey on Visual Transformers > 3 Attention Mechanisms and Learning Processes > 3.4 Data Requirements and Learning Flexibility,2535,755
Future Prospects,3.4 Data Requirements and Learning Flexibility,Nível 1,Nível 3,0.855,Future Prospects,A Survey on Visual Transformers > 3 Attention Mechanisms and Learning Processes > 3.4 Data Requirements and Learning Flexibility,2535,755
Discussions,5.2 Object Detection,Nível 4,Nível 3,0.855,root > Vision Transformer > High/Mid-level Vision > Discussions,A Survey on Visual Transformers > 5 Applications and Performance Analysis > 5.2 Object Detection,197,810
Discussions,5.2 Object Detection,Nível 3,Nível 3,0.855,Vision Transformer > High/Mid-level Vision > Discussions,A Survey on Visual Transformers > 5 Applications and Performance Analysis > 5.2 Object Detection,197,810
Discussions,5.2 Object Detection,Nível 2,Nível 3,0.855,High/Mid-level Vision > Discussions,A Survey on Visual Transformers > 5 Applications and Performance Analysis > 5.2 Object Detection,197,810
Discussions,5.2 Object Detection,Nível 1,Nível 3,0.855,Discussions,A Survey on Visual Transformers > 5 Applications and Performance Analysis > 5.2 Object Detection,197,810
Pure Transformer,References,Nível 4,Nível 2,0.8545,root > Vision Transformer > Backbone for Representation Learning > Pure Transformer,A Survey on Visual Transformers > References,1415,642
High-level Video Processing,5.4 Video Understanding,Nível 4,Nível 3,0.8545,root > Vision Transformer > Video Processing > High-level Video Processing,A Survey on Visual Transformers > 5 Applications and Performance Analysis > 5.4 Video Understanding,449,694
Pure Transformer,References,Nível 3,Nível 2,0.8545,Vision Transformer > Backbone for Representation Learning > Pure Transformer,A Survey on Visual Transformers > References,1415,642
High-level Video Processing,5.4 Video Understanding,Nível 3,Nível 3,0.8545,Vision Transformer > Video Processing > High-level Video Processing,A Survey on Visual Transformers > 5 Applications and Performance Analysis > 5.4 Video Understanding,449,694
Pure Transformer,References,Nível 2,Nível 2,0.8545,Backbone for Representation Learning > Pure Transformer,A Survey on Visual Transformers > References,1415,642
Pure Transformer,References,Nível 1,Nível 2,0.8545,Pure Transformer,A Survey on Visual Transformers > References,1415,642
High-level Video Processing,5.4 Video Understanding,Nível 2,Nível 3,0.8545,Video Processing > High-level Video Processing,A Survey on Visual Transformers > 5 Applications and Performance Analysis > 5.4 Video Understanding,449,694
High-level Video Processing,5.4 Video Understanding,Nível 1,Nível 3,0.8545,High-level Video Processing,A Survey on Visual Transformers > 5 Applications and Performance Analysis > 5.4 Video Understanding,449,694
Backbone for Representation Learning,3.4 Data Requirements and Learning Flexibility,Nível 3,Nível 3,0.8545,root > Vision Transformer > Backbone for Representation Learning,A Survey on Visual Transformers > 3 Attention Mechanisms and Learning Processes > 3.4 Data Requirements and Learning Flexibility,195,755
Backbone for Representation Learning,References,Nível 3,Nível 2,0.8545,root > Vision Transformer > Backbone for Representation Learning,A Survey on Visual Transformers > References,195,642
Pure Transformer,2.4 Supervised and Self-Supervised Learning,Nível 4,Nível 3,0.8545,root > Vision Transformer > Backbone for Representation Learning > Pure Transformer,A Survey on Visual Transformers > 2 Architectural Innovations in Visual Transformers > 2.4 Supervised and Self-Supervised Learning,1415,886
Backbone for Representation Learning,3.4 Data Requirements and Learning Flexibility,Nível 2,Nível 3,0.8545,Vision Transformer > Backbone for Representation Learning,A Survey on Visual Transformers > 3 Attention Mechanisms and Learning Processes > 3.4 Data Requirements and Learning Flexibility,195,755
Backbone for Representation Learning,References,Nível 2,Nível 2,0.8545,Vision Transformer > Backbone for Representation Learning,A Survey on Visual Transformers > References,195,642
Pure Transformer,2.4 Supervised and Self-Supervised Learning,Nível 3,Nível 3,0.8545,Vision Transformer > Backbone for Representation Learning > Pure Transformer,A Survey on Visual Transformers > 2 Architectural Innovations in Visual Transformers > 2.4 Supervised and Self-Supervised Learning,1415,886
Backbone for Representation Learning,3.4 Data Requirements and Learning Flexibility,Nível 1,Nível 3,0.8545,Backbone for Representation Learning,A Survey on Visual Transformers > 3 Attention Mechanisms and Learning Processes > 3.4 Data Requirements and Learning Flexibility,195,755
Backbone for Representation Learning,References,Nível 1,Nível 2,0.8545,Backbone for Representation Learning,A Survey on Visual Transformers > References,195,642
Pure Transformer,2.4 Supervised and Self-Supervised Learning,Nível 2,Nível 3,0.8545,Backbone for Representation Learning > Pure Transformer,A Survey on Visual Transformers > 2 Architectural Innovations in Visual Transformers > 2.4 Supervised and Self-Supervised Learning,1415,886
Pure Transformer,2.4 Supervised and Self-Supervised Learning,Nível 1,Nível 3,0.8545,Pure Transformer,A Survey on Visual Transformers > 2 Architectural Innovations in Visual Transformers > 2.4 Supervised and Self-Supervised Learning,1415,886
Transformer with Convolution,Versatility and Limitations,Nível 4,Nível 3,0.8535,root > Vision Transformer > Backbone for Representation Learning > Transformer with Convolution,A Survey on Visual Transformers > 5 Applications and Performance Analysis > Versatility and Limitations,425,180
Transformer with Convolution,Versatility and Limitations,Nível 3,Nível 3,0.8535,Vision Transformer > Backbone for Representation Learning > Transformer with Convolution,A Survey on Visual Transformers > 5 Applications and Performance Analysis > Versatility and Limitations,425,180
Transformer with Convolution,Versatility and Limitations,Nível 2,Nível 3,0.8535,Backbone for Representation Learning > Transformer with Convolution,A Survey on Visual Transformers > 5 Applications and Performance Analysis > Versatility and Limitations,425,180
Transformer with Convolution,Versatility and Limitations,Nível 1,Nível 3,0.8535,Transformer with Convolution,A Survey on Visual Transformers > 5 Applications and Performance Analysis > Versatility and Limitations,425,180
Other Tasks,5.2 Object Detection,Nível 4,Nível 3,0.853,root > Vision Transformer > High/Mid-level Vision > Other Tasks,A Survey on Visual Transformers > 5 Applications and Performance Analysis > 5.2 Object Detection,795,810
Challenges,2.4 Supervised and Self-Supervised Learning,Nível 3,Nível 3,0.853,root > Conclusions and Discussions > Challenges,A Survey on Visual Transformers > 2 Architectural Innovations in Visual Transformers > 2.4 Supervised and Self-Supervised Learning,396,886
Future Prospects,6.3 Data Requirements,Nível 3,Nível 3,0.853,root > Conclusions and Discussions > Future Prospects,A Survey on Visual Transformers > 6 Challenges and Future Directions > 6.3 Data Requirements,2535,704
Other Tasks,5.2 Object Detection,Nível 3,Nível 3,0.853,Vision Transformer > High/Mid-level Vision > Other Tasks,A Survey on Visual Transformers > 5 Applications and Performance Analysis > 5.2 Object Detection,795,810
Other Tasks,5.2 Object Detection,Nível 2,Nível 3,0.853,High/Mid-level Vision > Other Tasks,A Survey on Visual Transformers > 5 Applications and Performance Analysis > 5.2 Object Detection,795,810
Other Tasks,5.2 Object Detection,Nível 1,Nível 3,0.853,Other Tasks,A Survey on Visual Transformers > 5 Applications and Performance Analysis > 5.2 Object Detection,795,810
Challenges,2.4 Supervised and Self-Supervised Learning,Nível 2,Nível 3,0.853,Conclusions and Discussions > Challenges,A Survey on Visual Transformers > 2 Architectural Innovations in Visual Transformers > 2.4 Supervised and Self-Supervised Learning,396,886
Future Prospects,6.3 Data Requirements,Nível 2,Nível 3,0.853,Conclusions and Discussions > Future Prospects,A Survey on Visual Transformers > 6 Challenges and Future Directions > 6.3 Data Requirements,2535,704
Challenges,2.4 Supervised and Self-Supervised Learning,Nível 1,Nível 3,0.853,Challenges,A Survey on Visual Transformers > 2 Architectural Innovations in Visual Transformers > 2.4 Supervised and Self-Supervised Learning,396,886
Future Prospects,6.3 Data Requirements,Nível 1,Nível 3,0.853,Future Prospects,A Survey on Visual Transformers > 6 Challenges and Future Directions > 6.3 Data Requirements,2535,704
Pure Transformer,5.2 Object Detection,Nível 4,Nível 3,0.852,root > Vision Transformer > Backbone for Representation Learning > Pure Transformer,A Survey on Visual Transformers > 5 Applications and Performance Analysis > 5.2 Object Detection,1415,810
Future Prospects,5.2 Object Detection,Nível 3,Nível 3,0.852,root > Conclusions and Discussions > Future Prospects,A Survey on Visual Transformers > 5 Applications and Performance Analysis > 5.2 Object Detection,2535,810
Pure Transformer,5.2 Object Detection,Nível 3,Nível 3,0.852,Vision Transformer > Backbone for Representation Learning > Pure Transformer,A Survey on Visual Transformers > 5 Applications and Performance Analysis > 5.2 Object Detection,1415,810
Pure Transformer,5.2 Object Detection,Nível 2,Nível 3,0.852,Backbone for Representation Learning > Pure Transformer,A Survey on Visual Transformers > 5 Applications and Performance Analysis > 5.2 Object Detection,1415,810
Pure Transformer,5.2 Object Detection,Nível 1,Nível 3,0.852,Pure Transformer,A Survey on Visual Transformers > 5 Applications and Performance Analysis > 5.2 Object Detection,1415,810
Future Prospects,5.2 Object Detection,Nível 2,Nível 3,0.852,Conclusions and Discussions > Future Prospects,A Survey on Visual Transformers > 5 Applications and Performance Analysis > 5.2 Object Detection,2535,810
Future Prospects,5.2 Object Detection,Nível 1,Nível 3,0.852,Future Prospects,A Survey on Visual Transformers > 5 Applications and Performance Analysis > 5.2 Object Detection,2535,810
Compact Architecture Design,6.2 Computational Costs,Nível 4,Nível 3,0.851,root > Vision Transformer > Efficient Transformer > Compact Architecture Design,A Survey on Visual Transformers > 6 Challenges and Future Directions > 6.2 Computational Costs,369,691
Compact Architecture Design,6.2 Computational Costs,Nível 3,Nível 3,0.851,Vision Transformer > Efficient Transformer > Compact Architecture Design,A Survey on Visual Transformers > 6 Challenges and Future Directions > 6.2 Computational Costs,369,691
Compact Architecture Design,6.2 Computational Costs,Nível 2,Nível 3,0.851,Efficient Transformer > Compact Architecture Design,A Survey on Visual Transformers > 6 Challenges and Future Directions > 6.2 Computational Costs,369,691
Compact Architecture Design,6.2 Computational Costs,Nível 1,Nível 3,0.851,Compact Architecture Design,A Survey on Visual Transformers > 6 Challenges and Future Directions > 6.2 Computational Costs,369,691
Backbone for Representation Learning,1.1 Historical Context and Development,Nível 3,Nível 3,0.8506,root > Vision Transformer > Backbone for Representation Learning,A Survey on Visual Transformers > 1 Introduction to Visual Transformers > 1.1 Historical Context and Development,195,507
Self-supervised Representation Learning,2.4 Supervised and Self-Supervised Learning,Nível 4,Nível 3,0.8506,root > Vision Transformer > Backbone for Representation Learning > Self-supervised Representation Learning,A Survey on Visual Transformers > 2 Architectural Innovations in Visual Transformers > 2.4 Supervised and Self-Supervised Learning,982,886
Backbone for Representation Learning,1.1 Historical Context and Development,Nível 2,Nível 3,0.8506,Vision Transformer > Backbone for Representation Learning,A Survey on Visual Transformers > 1 Introduction to Visual Transformers > 1.1 Historical Context and Development,195,507
Self-supervised Representation Learning,2.4 Supervised and Self-Supervised Learning,Nível 3,Nível 3,0.8506,Vision Transformer > Backbone for Representation Learning > Self-supervised Representation Learning,A Survey on Visual Transformers > 2 Architectural Innovations in Visual Transformers > 2.4 Supervised and Self-Supervised Learning,982,886
Backbone for Representation Learning,1.1 Historical Context and Development,Nível 1,Nível 3,0.8506,Backbone for Representation Learning,A Survey on Visual Transformers > 1 Introduction to Visual Transformers > 1.1 Historical Context and Development,195,507
Self-supervised Representation Learning,2.4 Supervised and Self-Supervised Learning,Nível 2,Nível 3,0.8506,Backbone for Representation Learning > Self-supervised Representation Learning,A Survey on Visual Transformers > 2 Architectural Innovations in Visual Transformers > 2.4 Supervised and Self-Supervised Learning,982,886
Self-supervised Representation Learning,2.4 Supervised and Self-Supervised Learning,Nível 1,Nível 3,0.8506,Self-supervised Representation Learning,A Survey on Visual Transformers > 2 Architectural Innovations in Visual Transformers > 2.4 Supervised and Self-Supervised Learning,982,886
Backbone for Representation Learning,1.2 Key Concepts and Architecture Overview,Nível 3,Nível 3,0.8506,root > Vision Transformer > Backbone for Representation Learning,A Survey on Visual Transformers > 1 Introduction to Visual Transformers > 1.2 Key Concepts and Architecture Overview,195,580
Backbone for Representation Learning,6.3 Data Requirements,Nível 3,Nível 3,0.8506,root > Vision Transformer > Backbone for Representation Learning,A Survey on Visual Transformers > 6 Challenges and Future Directions > 6.3 Data Requirements,195,704
Backbone for Representation Learning,1.2 Key Concepts and Architecture Overview,Nível 2,Nível 3,0.8506,Vision Transformer > Backbone for Representation Learning,A Survey on Visual Transformers > 1 Introduction to Visual Transformers > 1.2 Key Concepts and Architecture Overview,195,580
Backbone for Representation Learning,6.3 Data Requirements,Nível 2,Nível 3,0.8506,Vision Transformer > Backbone for Representation Learning,A Survey on Visual Transformers > 6 Challenges and Future Directions > 6.3 Data Requirements,195,704
Backbone for Representation Learning,1.2 Key Concepts and Architecture Overview,Nível 1,Nível 3,0.8506,Backbone for Representation Learning,A Survey on Visual Transformers > 1 Introduction to Visual Transformers > 1.2 Key Concepts and Architecture Overview,195,580
Backbone for Representation Learning,6.3 Data Requirements,Nível 1,Nível 3,0.8506,Backbone for Representation Learning,A Survey on Visual Transformers > 6 Challenges and Future Directions > 6.3 Data Requirements,195,704
Backbone for Representation Learning,5.3 Image Segmentation,Nível 3,Nível 3,0.8496,root > Vision Transformer > Backbone for Representation Learning,A Survey on Visual Transformers > 5 Applications and Performance Analysis > 5.3 Image Segmentation,195,733
Transformer with Convolution,5.5 Low-Level Vision Tasks,Nível 4,Nível 3,0.8496,root > Vision Transformer > Backbone for Representation Learning > Transformer with Convolution,A Survey on Visual Transformers > 5 Applications and Performance Analysis > 5.5 Low-Level Vision Tasks,425,1226
Backbone for Representation Learning,5.3 Image Segmentation,Nível 2,Nível 3,0.8496,Vision Transformer > Backbone for Representation Learning,A Survey on Visual Transformers > 5 Applications and Performance Analysis > 5.3 Image Segmentation,195,733
Transformer with Convolution,5.5 Low-Level Vision Tasks,Nível 3,Nível 3,0.8496,Vision Transformer > Backbone for Representation Learning > Transformer with Convolution,A Survey on Visual Transformers > 5 Applications and Performance Analysis > 5.5 Low-Level Vision Tasks,425,1226
Backbone for Representation Learning,5.3 Image Segmentation,Nível 1,Nível 3,0.8496,Backbone for Representation Learning,A Survey on Visual Transformers > 5 Applications and Performance Analysis > 5.3 Image Segmentation,195,733
Transformer with Convolution,5.5 Low-Level Vision Tasks,Nível 2,Nível 3,0.8496,Backbone for Representation Learning > Transformer with Convolution,A Survey on Visual Transformers > 5 Applications and Performance Analysis > 5.5 Low-Level Vision Tasks,425,1226
Transformer with Convolution,5.5 Low-Level Vision Tasks,Nível 1,Nível 3,0.8496,Transformer with Convolution,A Survey on Visual Transformers > 5 Applications and Performance Analysis > 5.5 Low-Level Vision Tasks,425,1226
Transformer with Convolution,6.2 Computational Costs,Nível 4,Nível 3,0.8486,root > Vision Transformer > Backbone for Representation Learning > Transformer with Convolution,A Survey on Visual Transformers > 6 Challenges and Future Directions > 6.2 Computational Costs,425,691
Pruning and Decomposition,6.2 Computational Costs,Nível 4,Nível 3,0.8486,root > Vision Transformer > Efficient Transformer > Pruning and Decomposition,A Survey on Visual Transformers > 6 Challenges and Future Directions > 6.2 Computational Costs,479,691
Challenges,6.4 Future Research Directions,Nível 3,Nível 3,0.8486,root > Conclusions and Discussions > Challenges,A Survey on Visual Transformers > 6 Challenges and Future Directions > 6.4 Future Research Directions,396,870
Future Prospects,Versatility and Limitations,Nível 3,Nível 3,0.8486,root > Conclusions and Discussions > Future Prospects,A Survey on Visual Transformers > 5 Applications and Performance Analysis > Versatility and Limitations,2535,180
Transformer with Convolution,6.2 Computational Costs,Nível 3,Nível 3,0.8486,Vision Transformer > Backbone for Representation Learning > Transformer with Convolution,A Survey on Visual Transformers > 6 Challenges and Future Directions > 6.2 Computational Costs,425,691
Pruning and Decomposition,6.2 Computational Costs,Nível 3,Nível 3,0.8486,Vision Transformer > Efficient Transformer > Pruning and Decomposition,A Survey on Visual Transformers > 6 Challenges and Future Directions > 6.2 Computational Costs,479,691
Transformer with Convolution,6.2 Computational Costs,Nível 2,Nível 3,0.8486,Backbone for Representation Learning > Transformer with Convolution,A Survey on Visual Transformers > 6 Challenges and Future Directions > 6.2 Computational Costs,425,691
Transformer with Convolution,6.2 Computational Costs,Nível 1,Nível 3,0.8486,Transformer with Convolution,A Survey on Visual Transformers > 6 Challenges and Future Directions > 6.2 Computational Costs,425,691
Pruning and Decomposition,6.2 Computational Costs,Nível 2,Nível 3,0.8486,Efficient Transformer > Pruning and Decomposition,A Survey on Visual Transformers > 6 Challenges and Future Directions > 6.2 Computational Costs,479,691
Pruning and Decomposition,6.2 Computational Costs,Nível 1,Nível 3,0.8486,Pruning and Decomposition,A Survey on Visual Transformers > 6 Challenges and Future Directions > 6.2 Computational Costs,479,691
Challenges,6.4 Future Research Directions,Nível 2,Nível 3,0.8486,Conclusions and Discussions > Challenges,A Survey on Visual Transformers > 6 Challenges and Future Directions > 6.4 Future Research Directions,396,870
Future Prospects,Versatility and Limitations,Nível 2,Nível 3,0.8486,Conclusions and Discussions > Future Prospects,A Survey on Visual Transformers > 5 Applications and Performance Analysis > Versatility and Limitations,2535,180
Challenges,6.4 Future Research Directions,Nível 1,Nível 3,0.8486,Challenges,A Survey on Visual Transformers > 6 Challenges and Future Directions > 6.4 Future Research Directions,396,870
Future Prospects,Versatility and Limitations,Nível 1,Nível 3,0.8486,Future Prospects,A Survey on Visual Transformers > 5 Applications and Performance Analysis > Versatility and Limitations,2535,180
Pure Transformer,1.1 Historical Context and Development,Nível 4,Nível 3,0.848,root > Vision Transformer > Backbone for Representation Learning > Pure Transformer,A Survey on Visual Transformers > 1 Introduction to Visual Transformers > 1.1 Historical Context and Development,1415,507
Pure Transformer,1.1 Historical Context and Development,Nível 3,Nível 3,0.848,Vision Transformer > Backbone for Representation Learning > Pure Transformer,A Survey on Visual Transformers > 1 Introduction to Visual Transformers > 1.1 Historical Context and Development,1415,507
Pure Transformer,1.1 Historical Context and Development,Nível 2,Nível 3,0.848,Backbone for Representation Learning > Pure Transformer,A Survey on Visual Transformers > 1 Introduction to Visual Transformers > 1.1 Historical Context and Development,1415,507
Pure Transformer,1.1 Historical Context and Development,Nível 1,Nível 3,0.848,Pure Transformer,A Survey on Visual Transformers > 1 Introduction to Visual Transformers > 1.1 Historical Context and Development,1415,507
Future Prospects,6.4 Future Research Directions,Nível 3,Nível 3,0.847,root > Conclusions and Discussions > Future Prospects,A Survey on Visual Transformers > 6 Challenges and Future Directions > 6.4 Future Research Directions,2535,870
Future Prospects,6.4 Future Research Directions,Nível 2,Nível 3,0.847,Conclusions and Discussions > Future Prospects,A Survey on Visual Transformers > 6 Challenges and Future Directions > 6.4 Future Research Directions,2535,870
Future Prospects,6.4 Future Research Directions,Nível 1,Nível 3,0.847,Future Prospects,A Survey on Visual Transformers > 6 Challenges and Future Directions > 6.4 Future Research Directions,2535,870
Transformer with Convolution,3.6 Theoretical Foundations of Spatial Structure Learning,Nível 4,Nível 3,0.8457,root > Vision Transformer > Backbone for Representation Learning > Transformer with Convolution,A Survey on Visual Transformers > 3 Attention Mechanisms and Learning Processes > 3.6 Theoretical Foundations of Spatial Structure Learning,425,768
Transformer with Convolution,3.6 Theoretical Foundations of Spatial Structure Learning,Nível 3,Nível 3,0.8457,Vision Transformer > Backbone for Representation Learning > Transformer with Convolution,A Survey on Visual Transformers > 3 Attention Mechanisms and Learning Processes > 3.6 Theoretical Foundations of Spatial Structure Learning,425,768
Transformer with Convolution,3.6 Theoretical Foundations of Spatial Structure Learning,Nível 2,Nível 3,0.8457,Backbone for Representation Learning > Transformer with Convolution,A Survey on Visual Transformers > 3 Attention Mechanisms and Learning Processes > 3.6 Theoretical Foundations of Spatial Structure Learning,425,768
Transformer with Convolution,3.6 Theoretical Foundations of Spatial Structure Learning,Nível 1,Nível 3,0.8457,Transformer with Convolution,A Survey on Visual Transformers > 3 Attention Mechanisms and Learning Processes > 3.6 Theoretical Foundations of Spatial Structure Learning,425,768
Backbone for Representation Learning,2.4 Supervised and Self-Supervised Learning,Nível 3,Nível 3,0.8447,root > Vision Transformer > Backbone for Representation Learning,A Survey on Visual Transformers > 2 Architectural Innovations in Visual Transformers > 2.4 Supervised and Self-Supervised Learning,195,886
Transformer with Convolution,5.4 Video Understanding,Nível 4,Nível 3,0.8447,root > Vision Transformer > Backbone for Representation Learning > Transformer with Convolution,A Survey on Visual Transformers > 5 Applications and Performance Analysis > 5.4 Video Understanding,425,694
Discussions,3.6 Theoretical Foundations of Spatial Structure Learning,Nível 4,Nível 3,0.8447,root > Vision Transformer > High/Mid-level Vision > Discussions,A Survey on Visual Transformers > 3 Attention Mechanisms and Learning Processes > 3.6 Theoretical Foundations of Spatial Structure Learning,197,768
Backbone for Representation Learning,2.4 Supervised and Self-Supervised Learning,Nível 2,Nível 3,0.8447,Vision Transformer > Backbone for Representation Learning,A Survey on Visual Transformers > 2 Architectural Innovations in Visual Transformers > 2.4 Supervised and Self-Supervised Learning,195,886
Transformer with Convolution,5.4 Video Understanding,Nível 3,Nível 3,0.8447,Vision Transformer > Backbone for Representation Learning > Transformer with Convolution,A Survey on Visual Transformers > 5 Applications and Performance Analysis > 5.4 Video Understanding,425,694
Discussions,3.6 Theoretical Foundations of Spatial Structure Learning,Nível 3,Nível 3,0.8447,Vision Transformer > High/Mid-level Vision > Discussions,A Survey on Visual Transformers > 3 Attention Mechanisms and Learning Processes > 3.6 Theoretical Foundations of Spatial Structure Learning,197,768
Backbone for Representation Learning,2.4 Supervised and Self-Supervised Learning,Nível 1,Nível 3,0.8447,Backbone for Representation Learning,A Survey on Visual Transformers > 2 Architectural Innovations in Visual Transformers > 2.4 Supervised and Self-Supervised Learning,195,886
Transformer with Convolution,5.4 Video Understanding,Nível 2,Nível 3,0.8447,Backbone for Representation Learning > Transformer with Convolution,A Survey on Visual Transformers > 5 Applications and Performance Analysis > 5.4 Video Understanding,425,694
Transformer with Convolution,5.4 Video Understanding,Nível 1,Nível 3,0.8447,Transformer with Convolution,A Survey on Visual Transformers > 5 Applications and Performance Analysis > 5.4 Video Understanding,425,694
Discussions,3.6 Theoretical Foundations of Spatial Structure Learning,Nível 2,Nível 3,0.8447,High/Mid-level Vision > Discussions,A Survey on Visual Transformers > 3 Attention Mechanisms and Learning Processes > 3.6 Theoretical Foundations of Spatial Structure Learning,197,768
Discussions,3.6 Theoretical Foundations of Spatial Structure Learning,Nível 1,Nível 3,0.8447,Discussions,A Survey on Visual Transformers > 3 Attention Mechanisms and Learning Processes > 3.6 Theoretical Foundations of Spatial Structure Learning,197,768
Transformer with Convolution,2.4 Supervised and Self-Supervised Learning,Nível 4,Nível 3,0.844,root > Vision Transformer > Backbone for Representation Learning > Transformer with Convolution,A Survey on Visual Transformers > 2 Architectural Innovations in Visual Transformers > 2.4 Supervised and Self-Supervised Learning,425,886
Transformer with Convolution,6.4 Future Research Directions,Nível 4,Nível 3,0.844,root > Vision Transformer > Backbone for Representation Learning > Transformer with Convolution,A Survey on Visual Transformers > 6 Challenges and Future Directions > 6.4 Future Research Directions,425,870
Future Prospects,2.9 Convolutions in Vision Transformers,Nível 3,Nível 3,0.844,root > Conclusions and Discussions > Future Prospects,A Survey on Visual Transformers > 2 Architectural Innovations in Visual Transformers > 2.9 Convolutions in Vision Transformers,2535,710
Transformer with Convolution,2.4 Supervised and Self-Supervised Learning,Nível 3,Nível 3,0.844,Vision Transformer > Backbone for Representation Learning > Transformer with Convolution,A Survey on Visual Transformers > 2 Architectural Innovations in Visual Transformers > 2.4 Supervised and Self-Supervised Learning,425,886
Transformer with Convolution,6.4 Future Research Directions,Nível 3,Nível 3,0.844,Vision Transformer > Backbone for Representation Learning > Transformer with Convolution,A Survey on Visual Transformers > 6 Challenges and Future Directions > 6.4 Future Research Directions,425,870
Transformer with Convolution,2.4 Supervised and Self-Supervised Learning,Nível 2,Nível 3,0.844,Backbone for Representation Learning > Transformer with Convolution,A Survey on Visual Transformers > 2 Architectural Innovations in Visual Transformers > 2.4 Supervised and Self-Supervised Learning,425,886
Transformer with Convolution,6.4 Future Research Directions,Nível 2,Nível 3,0.844,Backbone for Representation Learning > Transformer with Convolution,A Survey on Visual Transformers > 6 Challenges and Future Directions > 6.4 Future Research Directions,425,870
Transformer with Convolution,2.4 Supervised and Self-Supervised Learning,Nível 1,Nível 3,0.844,Transformer with Convolution,A Survey on Visual Transformers > 2 Architectural Innovations in Visual Transformers > 2.4 Supervised and Self-Supervised Learning,425,886
Transformer with Convolution,6.4 Future Research Directions,Nível 1,Nível 3,0.844,Transformer with Convolution,A Survey on Visual Transformers > 6 Challenges and Future Directions > 6.4 Future Research Directions,425,870
Future Prospects,2.9 Convolutions in Vision Transformers,Nível 2,Nível 3,0.844,Conclusions and Discussions > Future Prospects,A Survey on Visual Transformers > 2 Architectural Innovations in Visual Transformers > 2.9 Convolutions in Vision Transformers,2535,710
Future Prospects,2.9 Convolutions in Vision Transformers,Nível 1,Nível 3,0.844,Future Prospects,A Survey on Visual Transformers > 2 Architectural Innovations in Visual Transformers > 2.9 Convolutions in Vision Transformers,2535,710
Pure Transformer,3.4 Data Requirements and Learning Flexibility,Nível 4,Nível 3,0.844,root > Vision Transformer > Backbone for Representation Learning > Pure Transformer,A Survey on Visual Transformers > 3 Attention Mechanisms and Learning Processes > 3.4 Data Requirements and Learning Flexibility,1415,755
Pure Transformer,3.4 Data Requirements and Learning Flexibility,Nível 3,Nível 3,0.844,Vision Transformer > Backbone for Representation Learning > Pure Transformer,A Survey on Visual Transformers > 3 Attention Mechanisms and Learning Processes > 3.4 Data Requirements and Learning Flexibility,1415,755
Pure Transformer,3.4 Data Requirements and Learning Flexibility,Nível 2,Nível 3,0.844,Backbone for Representation Learning > Pure Transformer,A Survey on Visual Transformers > 3 Attention Mechanisms and Learning Processes > 3.4 Data Requirements and Learning Flexibility,1415,755
Pure Transformer,3.4 Data Requirements and Learning Flexibility,Nível 1,Nível 3,0.844,Pure Transformer,A Survey on Visual Transformers > 3 Attention Mechanisms and Learning Processes > 3.4 Data Requirements and Learning Flexibility,1415,755
Transformer with Convolution,1.3 Comparison with Traditional Convolutional Neural Networks,Nível 4,Nível 3,0.8423,root > Vision Transformer > Backbone for Representation Learning > Transformer with Convolution,A Survey on Visual Transformers > 1 Introduction to Visual Transformers > 1.3 Comparison with Traditional Convolutional Neural Networks,425,705
Transformer with Convolution,1.3 Comparison with Traditional Convolutional Neural Networks,Nível 3,Nível 3,0.8423,Vision Transformer > Backbone for Representation Learning > Transformer with Convolution,A Survey on Visual Transformers > 1 Introduction to Visual Transformers > 1.3 Comparison with Traditional Convolutional Neural Networks,425,705
Transformer with Convolution,1.3 Comparison with Traditional Convolutional Neural Networks,Nível 2,Nível 3,0.8423,Backbone for Representation Learning > Transformer with Convolution,A Survey on Visual Transformers > 1 Introduction to Visual Transformers > 1.3 Comparison with Traditional Convolutional Neural Networks,425,705
Transformer with Convolution,1.3 Comparison with Traditional Convolutional Neural Networks,Nível 1,Nível 3,0.8423,Transformer with Convolution,A Survey on Visual Transformers > 1 Introduction to Visual Transformers > 1.3 Comparison with Traditional Convolutional Neural Networks,425,705
Pruning and Decomposition,3.9 Principle of Diversity and Redundancy Reduction,Nível 4,Nível 3,0.842,root > Vision Transformer > Efficient Transformer > Pruning and Decomposition,A Survey on Visual Transformers > 3 Attention Mechanisms and Learning Processes > 3.9 Principle of Diversity and Redundancy Reduction,479,899
Challenges,5.3 Image Segmentation,Nível 3,Nível 3,0.842,root > Conclusions and Discussions > Challenges,A Survey on Visual Transformers > 5 Applications and Performance Analysis > 5.3 Image Segmentation,396,733
Pruning and Decomposition,3.9 Principle of Diversity and Redundancy Reduction,Nível 3,Nível 3,0.842,Vision Transformer > Efficient Transformer > Pruning and Decomposition,A Survey on Visual Transformers > 3 Attention Mechanisms and Learning Processes > 3.9 Principle of Diversity and Redundancy Reduction,479,899
Pruning and Decomposition,3.9 Principle of Diversity and Redundancy Reduction,Nível 2,Nível 3,0.842,Efficient Transformer > Pruning and Decomposition,A Survey on Visual Transformers > 3 Attention Mechanisms and Learning Processes > 3.9 Principle of Diversity and Redundancy Reduction,479,899
Pruning and Decomposition,3.9 Principle of Diversity and Redundancy Reduction,Nível 1,Nível 3,0.842,Pruning and Decomposition,A Survey on Visual Transformers > 3 Attention Mechanisms and Learning Processes > 3.9 Principle of Diversity and Redundancy Reduction,479,899
Challenges,5.3 Image Segmentation,Nível 2,Nível 3,0.842,Conclusions and Discussions > Challenges,A Survey on Visual Transformers > 5 Applications and Performance Analysis > 5.3 Image Segmentation,396,733
Challenges,5.3 Image Segmentation,Nível 1,Nível 3,0.842,Challenges,A Survey on Visual Transformers > 5 Applications and Performance Analysis > 5.3 Image Segmentation,396,733
Pure Transformer,6.3 Data Requirements,Nível 4,Nível 3,0.841,root > Vision Transformer > Backbone for Representation Learning > Pure Transformer,A Survey on Visual Transformers > 6 Challenges and Future Directions > 6.3 Data Requirements,1415,704
Transformer with Convolution,3.9 Principle of Diversity and Redundancy Reduction,Nível 4,Nível 3,0.841,root > Vision Transformer > Backbone for Representation Learning > Transformer with Convolution,A Survey on Visual Transformers > 3 Attention Mechanisms and Learning Processes > 3.9 Principle of Diversity and Redundancy Reduction,425,899
Pure Transformer,6.3 Data Requirements,Nível 3,Nível 3,0.841,Vision Transformer > Backbone for Representation Learning > Pure Transformer,A Survey on Visual Transformers > 6 Challenges and Future Directions > 6.3 Data Requirements,1415,704
Transformer with Convolution,3.9 Principle of Diversity and Redundancy Reduction,Nível 3,Nível 3,0.841,Vision Transformer > Backbone for Representation Learning > Transformer with Convolution,A Survey on Visual Transformers > 3 Attention Mechanisms and Learning Processes > 3.9 Principle of Diversity and Redundancy Reduction,425,899
Pure Transformer,6.3 Data Requirements,Nível 2,Nível 3,0.841,Backbone for Representation Learning > Pure Transformer,A Survey on Visual Transformers > 6 Challenges and Future Directions > 6.3 Data Requirements,1415,704
Transformer with Convolution,3.9 Principle of Diversity and Redundancy Reduction,Nível 2,Nível 3,0.841,Backbone for Representation Learning > Transformer with Convolution,A Survey on Visual Transformers > 3 Attention Mechanisms and Learning Processes > 3.9 Principle of Diversity and Redundancy Reduction,425,899
Pure Transformer,6.3 Data Requirements,Nível 1,Nível 3,0.841,Pure Transformer,A Survey on Visual Transformers > 6 Challenges and Future Directions > 6.3 Data Requirements,1415,704
Transformer with Convolution,3.9 Principle of Diversity and Redundancy Reduction,Nível 1,Nível 3,0.841,Transformer with Convolution,A Survey on Visual Transformers > 3 Attention Mechanisms and Learning Processes > 3.9 Principle of Diversity and Redundancy Reduction,425,899
Backbone for Representation Learning,2.9 Convolutions in Vision Transformers,Nível 3,Nível 3,0.84,root > Vision Transformer > Backbone for Representation Learning,A Survey on Visual Transformers > 2 Architectural Innovations in Visual Transformers > 2.9 Convolutions in Vision Transformers,195,710
Backbone for Representation Learning,2.9 Convolutions in Vision Transformers,Nível 2,Nível 3,0.84,Vision Transformer > Backbone for Representation Learning,A Survey on Visual Transformers > 2 Architectural Innovations in Visual Transformers > 2.9 Convolutions in Vision Transformers,195,710
Backbone for Representation Learning,2.9 Convolutions in Vision Transformers,Nível 1,Nível 3,0.84,Backbone for Representation Learning,A Survey on Visual Transformers > 2 Architectural Innovations in Visual Transformers > 2.9 Convolutions in Vision Transformers,195,710
Discussions,1.1 Historical Context and Development,Nível 4,Nível 3,0.8394,root > Vision Transformer > High/Mid-level Vision > Discussions,A Survey on Visual Transformers > 1 Introduction to Visual Transformers > 1.1 Historical Context and Development,197,507
Discussions,1.1 Historical Context and Development,Nível 3,Nível 3,0.8394,Vision Transformer > High/Mid-level Vision > Discussions,A Survey on Visual Transformers > 1 Introduction to Visual Transformers > 1.1 Historical Context and Development,197,507
Discussions,1.1 Historical Context and Development,Nível 2,Nível 3,0.8394,High/Mid-level Vision > Discussions,A Survey on Visual Transformers > 1 Introduction to Visual Transformers > 1.1 Historical Context and Development,197,507
Discussions,1.1 Historical Context and Development,Nível 1,Nível 3,0.8394,Discussions,A Survey on Visual Transformers > 1 Introduction to Visual Transformers > 1.1 Historical Context and Development,197,507
Other Tasks,5.1 Image Classification,Nível 4,Nível 3,0.8384,root > Vision Transformer > High/Mid-level Vision > Other Tasks,A Survey on Visual Transformers > 5 Applications and Performance Analysis > 5.1 Image Classification,795,574
Other Tasks,5.1 Image Classification,Nível 3,Nível 3,0.8384,Vision Transformer > High/Mid-level Vision > Other Tasks,A Survey on Visual Transformers > 5 Applications and Performance Analysis > 5.1 Image Classification,795,574
Other Tasks,5.1 Image Classification,Nível 2,Nível 3,0.8384,High/Mid-level Vision > Other Tasks,A Survey on Visual Transformers > 5 Applications and Performance Analysis > 5.1 Image Classification,795,574
Other Tasks,5.1 Image Classification,Nível 1,Nível 3,0.8384,Other Tasks,A Survey on Visual Transformers > 5 Applications and Performance Analysis > 5.1 Image Classification,795,574
Backbone for Representation Learning,5.2 Object Detection,Nível 3,Nível 3,0.8374,root > Vision Transformer > Backbone for Representation Learning,A Survey on Visual Transformers > 5 Applications and Performance Analysis > 5.2 Object Detection,195,810
Backbone for Representation Learning,5.2 Object Detection,Nível 2,Nível 3,0.8374,Vision Transformer > Backbone for Representation Learning,A Survey on Visual Transformers > 5 Applications and Performance Analysis > 5.2 Object Detection,195,810
Backbone for Representation Learning,5.2 Object Detection,Nível 1,Nível 3,0.8374,Backbone for Representation Learning,A Survey on Visual Transformers > 5 Applications and Performance Analysis > 5.2 Object Detection,195,810
Discussions,5.1 Image Classification,Nível 4,Nível 3,0.835,root > Vision Transformer > High/Mid-level Vision > Discussions,A Survey on Visual Transformers > 5 Applications and Performance Analysis > 5.1 Image Classification,197,574
Multi-Modal Tasks,1.1 Historical Context and Development,Nível 3,Nível 3,0.835,root > Vision Transformer > Multi-Modal Tasks,A Survey on Visual Transformers > 1 Introduction to Visual Transformers > 1.1 Historical Context and Development,717,507
Discussions,5.1 Image Classification,Nível 3,Nível 3,0.835,Vision Transformer > High/Mid-level Vision > Discussions,A Survey on Visual Transformers > 5 Applications and Performance Analysis > 5.1 Image Classification,197,574
Multi-Modal Tasks,1.1 Historical Context and Development,Nível 2,Nível 3,0.835,Vision Transformer > Multi-Modal Tasks,A Survey on Visual Transformers > 1 Introduction to Visual Transformers > 1.1 Historical Context and Development,717,507
Discussions,5.1 Image Classification,Nível 2,Nível 3,0.835,High/Mid-level Vision > Discussions,A Survey on Visual Transformers > 5 Applications and Performance Analysis > 5.1 Image Classification,197,574
Discussions,5.1 Image Classification,Nível 1,Nível 3,0.835,Discussions,A Survey on Visual Transformers > 5 Applications and Performance Analysis > 5.1 Image Classification,197,574
Multi-Modal Tasks,1.1 Historical Context and Development,Nível 1,Nível 3,0.835,Multi-Modal Tasks,A Survey on Visual Transformers > 1 Introduction to Visual Transformers > 1.1 Historical Context and Development,717,507
Challenges,Versatility and Limitations,Nível 3,Nível 3,0.835,root > Conclusions and Discussions > Challenges,A Survey on Visual Transformers > 5 Applications and Performance Analysis > Versatility and Limitations,396,180
Future Prospects,1.2 Key Concepts and Architecture Overview,Nível 3,Nível 3,0.835,root > Conclusions and Discussions > Future Prospects,A Survey on Visual Transformers > 1 Introduction to Visual Transformers > 1.2 Key Concepts and Architecture Overview,2535,580
Future Prospects,2.4 Supervised and Self-Supervised Learning,Nível 3,Nível 3,0.835,root > Conclusions and Discussions > Future Prospects,A Survey on Visual Transformers > 2 Architectural Innovations in Visual Transformers > 2.4 Supervised and Self-Supervised Learning,2535,886
Challenges,Versatility and Limitations,Nível 2,Nível 3,0.835,Conclusions and Discussions > Challenges,A Survey on Visual Transformers > 5 Applications and Performance Analysis > Versatility and Limitations,396,180
Future Prospects,1.2 Key Concepts and Architecture Overview,Nível 2,Nível 3,0.835,Conclusions and Discussions > Future Prospects,A Survey on Visual Transformers > 1 Introduction to Visual Transformers > 1.2 Key Concepts and Architecture Overview,2535,580
Future Prospects,2.4 Supervised and Self-Supervised Learning,Nível 2,Nível 3,0.835,Conclusions and Discussions > Future Prospects,A Survey on Visual Transformers > 2 Architectural Innovations in Visual Transformers > 2.4 Supervised and Self-Supervised Learning,2535,886
Challenges,Versatility and Limitations,Nível 1,Nível 3,0.835,Challenges,A Survey on Visual Transformers > 5 Applications and Performance Analysis > Versatility and Limitations,396,180
Future Prospects,1.2 Key Concepts and Architecture Overview,Nível 1,Nível 3,0.835,Future Prospects,A Survey on Visual Transformers > 1 Introduction to Visual Transformers > 1.2 Key Concepts and Architecture Overview,2535,580
Future Prospects,2.4 Supervised and Self-Supervised Learning,Nível 1,Nível 3,0.835,Future Prospects,A Survey on Visual Transformers > 2 Architectural Innovations in Visual Transformers > 2.4 Supervised and Self-Supervised Learning,2535,886
Pure Transformer,2.9 Convolutions in Vision Transformers,Nível 4,Nível 3,0.8345,root > Vision Transformer > Backbone for Representation Learning > Pure Transformer,A Survey on Visual Transformers > 2 Architectural Innovations in Visual Transformers > 2.9 Convolutions in Vision Transformers,1415,710
Challenges,6.1 Interpretability Issues,Nível 3,Nível 3,0.8345,root > Conclusions and Discussions > Challenges,A Survey on Visual Transformers > 6 Challenges and Future Directions > 6.1 Interpretability Issues,396,652
Pure Transformer,2.9 Convolutions in Vision Transformers,Nível 3,Nível 3,0.8345,Vision Transformer > Backbone for Representation Learning > Pure Transformer,A Survey on Visual Transformers > 2 Architectural Innovations in Visual Transformers > 2.9 Convolutions in Vision Transformers,1415,710
Pure Transformer,2.9 Convolutions in Vision Transformers,Nível 2,Nível 3,0.8345,Backbone for Representation Learning > Pure Transformer,A Survey on Visual Transformers > 2 Architectural Innovations in Visual Transformers > 2.9 Convolutions in Vision Transformers,1415,710
Pure Transformer,2.9 Convolutions in Vision Transformers,Nível 1,Nível 3,0.8345,Pure Transformer,A Survey on Visual Transformers > 2 Architectural Innovations in Visual Transformers > 2.9 Convolutions in Vision Transformers,1415,710
Challenges,6.1 Interpretability Issues,Nível 2,Nível 3,0.8345,Conclusions and Discussions > Challenges,A Survey on Visual Transformers > 6 Challenges and Future Directions > 6.1 Interpretability Issues,396,652
Challenges,6.1 Interpretability Issues,Nível 1,Nível 3,0.8345,Challenges,A Survey on Visual Transformers > 6 Challenges and Future Directions > 6.1 Interpretability Issues,396,652
Transformer with Convolution,2.7 Global Dependencies with GrafT,Nível 4,Nível 3,0.8335,root > Vision Transformer > Backbone for Representation Learning > Transformer with Convolution,A Survey on Visual Transformers > 2 Architectural Innovations in Visual Transformers > 2.7 Global Dependencies with GrafT,425,591
Transformer with Convolution,2.7 Global Dependencies with GrafT,Nível 3,Nível 3,0.8335,Vision Transformer > Backbone for Representation Learning > Transformer with Convolution,A Survey on Visual Transformers > 2 Architectural Innovations in Visual Transformers > 2.7 Global Dependencies with GrafT,425,591
Transformer with Convolution,2.7 Global Dependencies with GrafT,Nível 2,Nível 3,0.8335,Backbone for Representation Learning > Transformer with Convolution,A Survey on Visual Transformers > 2 Architectural Innovations in Visual Transformers > 2.7 Global Dependencies with GrafT,425,591
Transformer with Convolution,2.7 Global Dependencies with GrafT,Nível 1,Nível 3,0.8335,Transformer with Convolution,A Survey on Visual Transformers > 2 Architectural Innovations in Visual Transformers > 2.7 Global Dependencies with GrafT,425,591
Transformer with Convolution,Visual Grounding,Nível 4,Nível 3,0.8335,root > Vision Transformer > Backbone for Representation Learning > Transformer with Convolution,A Survey on Visual Transformers > 5 Applications and Performance Analysis > Visual Grounding,425,175
Future Prospects,5.5 Low-Level Vision Tasks,Nível 3,Nível 3,0.8335,root > Conclusions and Discussions > Future Prospects,A Survey on Visual Transformers > 5 Applications and Performance Analysis > 5.5 Low-Level Vision Tasks,2535,1226
Transformer with Convolution,Visual Grounding,Nível 3,Nível 3,0.8335,Vision Transformer > Backbone for Representation Learning > Transformer with Convolution,A Survey on Visual Transformers > 5 Applications and Performance Analysis > Visual Grounding,425,175
Transformer with Convolution,Visual Grounding,Nível 2,Nível 3,0.8335,Backbone for Representation Learning > Transformer with Convolution,A Survey on Visual Transformers > 5 Applications and Performance Analysis > Visual Grounding,425,175
Transformer with Convolution,Visual Grounding,Nível 1,Nível 3,0.8335,Transformer with Convolution,A Survey on Visual Transformers > 5 Applications and Performance Analysis > Visual Grounding,425,175
Future Prospects,5.5 Low-Level Vision Tasks,Nível 2,Nível 3,0.8335,Conclusions and Discussions > Future Prospects,A Survey on Visual Transformers > 5 Applications and Performance Analysis > 5.5 Low-Level Vision Tasks,2535,1226
Future Prospects,5.5 Low-Level Vision Tasks,Nível 1,Nível 3,0.8335,Future Prospects,A Survey on Visual Transformers > 5 Applications and Performance Analysis > 5.5 Low-Level Vision Tasks,2535,1226
Future Prospects,6.2 Computational Costs,Nível 3,Nível 3,0.833,root > Conclusions and Discussions > Future Prospects,A Survey on Visual Transformers > 6 Challenges and Future Directions > 6.2 Computational Costs,2535,691
Future Prospects,6.2 Computational Costs,Nível 2,Nível 3,0.833,Conclusions and Discussions > Future Prospects,A Survey on Visual Transformers > 6 Challenges and Future Directions > 6.2 Computational Costs,2535,691
Future Prospects,6.2 Computational Costs,Nível 1,Nível 3,0.833,Future Prospects,A Survey on Visual Transformers > 6 Challenges and Future Directions > 6.2 Computational Costs,2535,691
Conclusions and Discussions,5.1 Image Classification,Nível 2,Nível 3,0.833,root > Conclusions and Discussions,A Survey on Visual Transformers > 5 Applications and Performance Analysis > 5.1 Image Classification,104,574
Conclusions and Discussions,5.1 Image Classification,Nível 1,Nível 3,0.833,Conclusions and Discussions,A Survey on Visual Transformers > 5 Applications and Performance Analysis > 5.1 Image Classification,104,574
Transformer with Convolution,3.3 Influence of Different Supervision Paradigms,Nível 4,Nível 3,0.832,root > Vision Transformer > Backbone for Representation Learning > Transformer with Convolution,A Survey on Visual Transformers > 3 Attention Mechanisms and Learning Processes > 3.3 Influence of Different Supervision Paradigms,425,833
Transformer with Convolution,3.3 Influence of Different Supervision Paradigms,Nível 3,Nível 3,0.832,Vision Transformer > Backbone for Representation Learning > Transformer with Convolution,A Survey on Visual Transformers > 3 Attention Mechanisms and Learning Processes > 3.3 Influence of Different Supervision Paradigms,425,833
Transformer with Convolution,3.3 Influence of Different Supervision Paradigms,Nível 2,Nível 3,0.832,Backbone for Representation Learning > Transformer with Convolution,A Survey on Visual Transformers > 3 Attention Mechanisms and Learning Processes > 3.3 Influence of Different Supervision Paradigms,425,833
Transformer with Convolution,3.3 Influence of Different Supervision Paradigms,Nível 1,Nível 3,0.832,Transformer with Convolution,A Survey on Visual Transformers > 3 Attention Mechanisms and Learning Processes > 3.3 Influence of Different Supervision Paradigms,425,833
Pure Transformer,5.3 Image Segmentation,Nível 4,Nível 3,0.831,root > Vision Transformer > Backbone for Representation Learning > Pure Transformer,A Survey on Visual Transformers > 5 Applications and Performance Analysis > 5.3 Image Segmentation,1415,733
Discussions,Versatility and Limitations,Nível 4,Nível 3,0.831,root > Vision Transformer > High/Mid-level Vision > Discussions,A Survey on Visual Transformers > 5 Applications and Performance Analysis > Versatility and Limitations,197,180
Conclusions and Discussions,5.2 Object Detection,Nível 2,Nível 3,0.831,root > Conclusions and Discussions,A Survey on Visual Transformers > 5 Applications and Performance Analysis > 5.2 Object Detection,104,810
Challenges,3.3 Influence of Different Supervision Paradigms,Nível 3,Nível 3,0.831,root > Conclusions and Discussions > Challenges,A Survey on Visual Transformers > 3 Attention Mechanisms and Learning Processes > 3.3 Influence of Different Supervision Paradigms,396,833
Pure Transformer,5.3 Image Segmentation,Nível 3,Nível 3,0.831,Vision Transformer > Backbone for Representation Learning > Pure Transformer,A Survey on Visual Transformers > 5 Applications and Performance Analysis > 5.3 Image Segmentation,1415,733
Discussions,Versatility and Limitations,Nível 3,Nível 3,0.831,Vision Transformer > High/Mid-level Vision > Discussions,A Survey on Visual Transformers > 5 Applications and Performance Analysis > Versatility and Limitations,197,180
Pure Transformer,5.3 Image Segmentation,Nível 2,Nível 3,0.831,Backbone for Representation Learning > Pure Transformer,A Survey on Visual Transformers > 5 Applications and Performance Analysis > 5.3 Image Segmentation,1415,733
Pure Transformer,5.3 Image Segmentation,Nível 1,Nível 3,0.831,Pure Transformer,A Survey on Visual Transformers > 5 Applications and Performance Analysis > 5.3 Image Segmentation,1415,733
Discussions,Versatility and Limitations,Nível 2,Nível 3,0.831,High/Mid-level Vision > Discussions,A Survey on Visual Transformers > 5 Applications and Performance Analysis > Versatility and Limitations,197,180
Discussions,Versatility and Limitations,Nível 1,Nível 3,0.831,Discussions,A Survey on Visual Transformers > 5 Applications and Performance Analysis > Versatility and Limitations,197,180
Conclusions and Discussions,5.2 Object Detection,Nível 1,Nível 3,0.831,Conclusions and Discussions,A Survey on Visual Transformers > 5 Applications and Performance Analysis > 5.2 Object Detection,104,810
Challenges,3.3 Influence of Different Supervision Paradigms,Nível 2,Nível 3,0.831,Conclusions and Discussions > Challenges,A Survey on Visual Transformers > 3 Attention Mechanisms and Learning Processes > 3.3 Influence of Different Supervision Paradigms,396,833
Challenges,3.3 Influence of Different Supervision Paradigms,Nível 1,Nível 3,0.831,Challenges,A Survey on Visual Transformers > 3 Attention Mechanisms and Learning Processes > 3.3 Influence of Different Supervision Paradigms,396,833
Vision Transformer,1.1 Historical Context and Development,Nível 2,Nível 3,0.831,root > Vision Transformer,A Survey on Visual Transformers > 1 Introduction to Visual Transformers > 1.1 Historical Context and Development,54,507
Discussions,1.2 Key Concepts and Architecture Overview,Nível 4,Nível 3,0.831,root > Vision Transformer > High/Mid-level Vision > Discussions,A Survey on Visual Transformers > 1 Introduction to Visual Transformers > 1.2 Key Concepts and Architecture Overview,197,580
Vision Transformer,1.1 Historical Context and Development,Nível 1,Nível 3,0.831,Vision Transformer,A Survey on Visual Transformers > 1 Introduction to Visual Transformers > 1.1 Historical Context and Development,54,507
Discussions,1.2 Key Concepts and Architecture Overview,Nível 3,Nível 3,0.831,Vision Transformer > High/Mid-level Vision > Discussions,A Survey on Visual Transformers > 1 Introduction to Visual Transformers > 1.2 Key Concepts and Architecture Overview,197,580
Discussions,1.2 Key Concepts and Architecture Overview,Nível 2,Nível 3,0.831,High/Mid-level Vision > Discussions,A Survey on Visual Transformers > 1 Introduction to Visual Transformers > 1.2 Key Concepts and Architecture Overview,197,580
Discussions,1.2 Key Concepts and Architecture Overview,Nível 1,Nível 3,0.831,Discussions,A Survey on Visual Transformers > 1 Introduction to Visual Transformers > 1.2 Key Concepts and Architecture Overview,197,580
Backbone for Representation Learning,Versatility and Limitations,Nível 3,Nível 3,0.8296,root > Vision Transformer > Backbone for Representation Learning,A Survey on Visual Transformers > 5 Applications and Performance Analysis > Versatility and Limitations,195,180
Pure Transformer,2.8 Discrete Representations for Robustness,Nível 4,Nível 3,0.8296,root > Vision Transformer > Backbone for Representation Learning > Pure Transformer,A Survey on Visual Transformers > 2 Architectural Innovations in Visual Transformers > 2.8 Discrete Representations for Robustness,1415,925
Backbone for Representation Learning,Versatility and Limitations,Nível 2,Nível 3,0.8296,Vision Transformer > Backbone for Representation Learning,A Survey on Visual Transformers > 5 Applications and Performance Analysis > Versatility and Limitations,195,180
Pure Transformer,2.8 Discrete Representations for Robustness,Nível 3,Nível 3,0.8296,Vision Transformer > Backbone for Representation Learning > Pure Transformer,A Survey on Visual Transformers > 2 Architectural Innovations in Visual Transformers > 2.8 Discrete Representations for Robustness,1415,925
Backbone for Representation Learning,Versatility and Limitations,Nível 1,Nível 3,0.8296,Backbone for Representation Learning,A Survey on Visual Transformers > 5 Applications and Performance Analysis > Versatility and Limitations,195,180
Pure Transformer,2.8 Discrete Representations for Robustness,Nível 2,Nível 3,0.8296,Backbone for Representation Learning > Pure Transformer,A Survey on Visual Transformers > 2 Architectural Innovations in Visual Transformers > 2.8 Discrete Representations for Robustness,1415,925
Pure Transformer,2.8 Discrete Representations for Robustness,Nível 1,Nível 3,0.8296,Pure Transformer,A Survey on Visual Transformers > 2 Architectural Innovations in Visual Transformers > 2.8 Discrete Representations for Robustness,1415,925
Vision Transformer,5.2 Object Detection,Nível 2,Nível 3,0.8286,root > Vision Transformer,A Survey on Visual Transformers > 5 Applications and Performance Analysis > 5.2 Object Detection,54,810
Discussions,References,Nível 4,Nível 2,0.8286,root > Vision Transformer > High/Mid-level Vision > Discussions,A Survey on Visual Transformers > References,197,642
Compact Architecture Design,2.2 Linear Attention Mechanisms,Nível 4,Nível 3,0.8286,root > Vision Transformer > Efficient Transformer > Compact Architecture Design,A Survey on Visual Transformers > 2 Architectural Innovations in Visual Transformers > 2.2 Linear Attention Mechanisms,369,490
Vision Transformer,5.2 Object Detection,Nível 1,Nível 3,0.8286,Vision Transformer,A Survey on Visual Transformers > 5 Applications and Performance Analysis > 5.2 Object Detection,54,810
Discussions,References,Nível 3,Nível 2,0.8286,Vision Transformer > High/Mid-level Vision > Discussions,A Survey on Visual Transformers > References,197,642
Compact Architecture Design,2.2 Linear Attention Mechanisms,Nível 3,Nível 3,0.8286,Vision Transformer > Efficient Transformer > Compact Architecture Design,A Survey on Visual Transformers > 2 Architectural Innovations in Visual Transformers > 2.2 Linear Attention Mechanisms,369,490
Discussions,References,Nível 2,Nível 2,0.8286,High/Mid-level Vision > Discussions,A Survey on Visual Transformers > References,197,642
Discussions,References,Nível 1,Nível 2,0.8286,Discussions,A Survey on Visual Transformers > References,197,642
Compact Architecture Design,2.2 Linear Attention Mechanisms,Nível 2,Nível 3,0.8286,Efficient Transformer > Compact Architecture Design,A Survey on Visual Transformers > 2 Architectural Innovations in Visual Transformers > 2.2 Linear Attention Mechanisms,369,490
Compact Architecture Design,2.2 Linear Attention Mechanisms,Nível 1,Nível 3,0.8286,Compact Architecture Design,A Survey on Visual Transformers > 2 Architectural Innovations in Visual Transformers > 2.2 Linear Attention Mechanisms,369,490
Pure Transformer,3.6 Theoretical Foundations of Spatial Structure Learning,Nível 4,Nível 3,0.8286,root > Vision Transformer > Backbone for Representation Learning > Pure Transformer,A Survey on Visual Transformers > 3 Attention Mechanisms and Learning Processes > 3.6 Theoretical Foundations of Spatial Structure Learning,1415,768
Discussions,2.9 Convolutions in Vision Transformers,Nível 4,Nível 3,0.8286,root > Vision Transformer > High/Mid-level Vision > Discussions,A Survey on Visual Transformers > 2 Architectural Innovations in Visual Transformers > 2.9 Convolutions in Vision Transformers,197,710
Discussions,6.2 Computational Costs,Nível 4,Nível 3,0.8286,root > Vision Transformer > High/Mid-level Vision > Discussions,A Survey on Visual Transformers > 6 Challenges and Future Directions > 6.2 Computational Costs,197,691
Challenges,5.4 Video Understanding,Nível 3,Nível 3,0.8286,root > Conclusions and Discussions > Challenges,A Survey on Visual Transformers > 5 Applications and Performance Analysis > 5.4 Video Understanding,396,694
Pure Transformer,3.6 Theoretical Foundations of Spatial Structure Learning,Nível 3,Nível 3,0.8286,Vision Transformer > Backbone for Representation Learning > Pure Transformer,A Survey on Visual Transformers > 3 Attention Mechanisms and Learning Processes > 3.6 Theoretical Foundations of Spatial Structure Learning,1415,768
Discussions,2.9 Convolutions in Vision Transformers,Nível 3,Nível 3,0.8286,Vision Transformer > High/Mid-level Vision > Discussions,A Survey on Visual Transformers > 2 Architectural Innovations in Visual Transformers > 2.9 Convolutions in Vision Transformers,197,710
Discussions,6.2 Computational Costs,Nível 3,Nível 3,0.8286,Vision Transformer > High/Mid-level Vision > Discussions,A Survey on Visual Transformers > 6 Challenges and Future Directions > 6.2 Computational Costs,197,691
Pure Transformer,3.6 Theoretical Foundations of Spatial Structure Learning,Nível 2,Nível 3,0.8286,Backbone for Representation Learning > Pure Transformer,A Survey on Visual Transformers > 3 Attention Mechanisms and Learning Processes > 3.6 Theoretical Foundations of Spatial Structure Learning,1415,768
Pure Transformer,3.6 Theoretical Foundations of Spatial Structure Learning,Nível 1,Nível 3,0.8286,Pure Transformer,A Survey on Visual Transformers > 3 Attention Mechanisms and Learning Processes > 3.6 Theoretical Foundations of Spatial Structure Learning,1415,768
Discussions,2.9 Convolutions in Vision Transformers,Nível 2,Nível 3,0.8286,High/Mid-level Vision > Discussions,A Survey on Visual Transformers > 2 Architectural Innovations in Visual Transformers > 2.9 Convolutions in Vision Transformers,197,710
Discussions,6.2 Computational Costs,Nível 2,Nível 3,0.8286,High/Mid-level Vision > Discussions,A Survey on Visual Transformers > 6 Challenges and Future Directions > 6.2 Computational Costs,197,691
Discussions,2.9 Convolutions in Vision Transformers,Nível 1,Nível 3,0.8286,Discussions,A Survey on Visual Transformers > 2 Architectural Innovations in Visual Transformers > 2.9 Convolutions in Vision Transformers,197,710
Discussions,6.2 Computational Costs,Nível 1,Nível 3,0.8286,Discussions,A Survey on Visual Transformers > 6 Challenges and Future Directions > 6.2 Computational Costs,197,691
Challenges,5.4 Video Understanding,Nível 2,Nível 3,0.8286,Conclusions and Discussions > Challenges,A Survey on Visual Transformers > 5 Applications and Performance Analysis > 5.4 Video Understanding,396,694
Challenges,5.4 Video Understanding,Nível 1,Nível 3,0.8286,Challenges,A Survey on Visual Transformers > 5 Applications and Performance Analysis > 5.4 Video Understanding,396,694
Discussions,3.4 Data Requirements and Learning Flexibility,Nível 4,Nível 3,0.828,root > Vision Transformer > High/Mid-level Vision > Discussions,A Survey on Visual Transformers > 3 Attention Mechanisms and Learning Processes > 3.4 Data Requirements and Learning Flexibility,197,755
Image Generation,1.2 Key Concepts and Architecture Overview,Nível 4,Nível 3,0.828,root > Vision Transformer > Low-level Vision > Image Generation,A Survey on Visual Transformers > 1 Introduction to Visual Transformers > 1.2 Key Concepts and Architecture Overview,669,580
Challenges,2.5 Mobile Deployment Strategies,Nível 3,Nível 3,0.828,root > Conclusions and Discussions > Challenges,A Survey on Visual Transformers > 2 Architectural Innovations in Visual Transformers > 2.5 Mobile Deployment Strategies,396,862
Discussions,3.4 Data Requirements and Learning Flexibility,Nível 3,Nível 3,0.828,Vision Transformer > High/Mid-level Vision > Discussions,A Survey on Visual Transformers > 3 Attention Mechanisms and Learning Processes > 3.4 Data Requirements and Learning Flexibility,197,755
Image Generation,1.2 Key Concepts and Architecture Overview,Nível 3,Nível 3,0.828,Vision Transformer > Low-level Vision > Image Generation,A Survey on Visual Transformers > 1 Introduction to Visual Transformers > 1.2 Key Concepts and Architecture Overview,669,580
Discussions,3.4 Data Requirements and Learning Flexibility,Nível 2,Nível 3,0.828,High/Mid-level Vision > Discussions,A Survey on Visual Transformers > 3 Attention Mechanisms and Learning Processes > 3.4 Data Requirements and Learning Flexibility,197,755
Discussions,3.4 Data Requirements and Learning Flexibility,Nível 1,Nível 3,0.828,Discussions,A Survey on Visual Transformers > 3 Attention Mechanisms and Learning Processes > 3.4 Data Requirements and Learning Flexibility,197,755
Image Generation,1.2 Key Concepts and Architecture Overview,Nível 2,Nível 3,0.828,Low-level Vision > Image Generation,A Survey on Visual Transformers > 1 Introduction to Visual Transformers > 1.2 Key Concepts and Architecture Overview,669,580
Image Generation,1.2 Key Concepts and Architecture Overview,Nível 1,Nível 3,0.828,Image Generation,A Survey on Visual Transformers > 1 Introduction to Visual Transformers > 1.2 Key Concepts and Architecture Overview,669,580
Challenges,2.5 Mobile Deployment Strategies,Nível 2,Nível 3,0.828,Conclusions and Discussions > Challenges,A Survey on Visual Transformers > 2 Architectural Innovations in Visual Transformers > 2.5 Mobile Deployment Strategies,396,862
Challenges,2.5 Mobile Deployment Strategies,Nível 1,Nível 3,0.828,Challenges,A Survey on Visual Transformers > 2 Architectural Innovations in Visual Transformers > 2.5 Mobile Deployment Strategies,396,862
Conclusions and Discussions,1.1 Historical Context and Development,Nível 2,Nível 3,0.828,root > Conclusions and Discussions,A Survey on Visual Transformers > 1 Introduction to Visual Transformers > 1.1 Historical Context and Development,104,507
Conclusions and Discussions,1.1 Historical Context and Development,Nível 1,Nível 3,0.828,Conclusions and Discussions,A Survey on Visual Transformers > 1 Introduction to Visual Transformers > 1.1 Historical Context and Development,104,507
Generic Object Detection,5.3 Image Segmentation,Nível 4,Nível 3,0.827,root > Vision Transformer > High/Mid-level Vision > Generic Object Detection,A Survey on Visual Transformers > 5 Applications and Performance Analysis > 5.3 Image Segmentation,1866,733
Challenges,5.5 Low-Level Vision Tasks,Nível 3,Nível 3,0.827,root > Conclusions and Discussions > Challenges,A Survey on Visual Transformers > 5 Applications and Performance Analysis > 5.5 Low-Level Vision Tasks,396,1226
Generic Object Detection,5.3 Image Segmentation,Nível 3,Nível 3,0.827,Vision Transformer > High/Mid-level Vision > Generic Object Detection,A Survey on Visual Transformers > 5 Applications and Performance Analysis > 5.3 Image Segmentation,1866,733
Generic Object Detection,5.3 Image Segmentation,Nível 2,Nível 3,0.827,High/Mid-level Vision > Generic Object Detection,A Survey on Visual Transformers > 5 Applications and Performance Analysis > 5.3 Image Segmentation,1866,733
Generic Object Detection,5.3 Image Segmentation,Nível 1,Nível 3,0.827,Generic Object Detection,A Survey on Visual Transformers > 5 Applications and Performance Analysis > 5.3 Image Segmentation,1866,733
Challenges,5.5 Low-Level Vision Tasks,Nível 2,Nível 3,0.827,Conclusions and Discussions > Challenges,A Survey on Visual Transformers > 5 Applications and Performance Analysis > 5.5 Low-Level Vision Tasks,396,1226
Challenges,5.5 Low-Level Vision Tasks,Nível 1,Nível 3,0.827,Challenges,A Survey on Visual Transformers > 5 Applications and Performance Analysis > 5.5 Low-Level Vision Tasks,396,1226
Discussions,2.4 Supervised and Self-Supervised Learning,Nível 4,Nível 3,0.826,root > Vision Transformer > High/Mid-level Vision > Discussions,A Survey on Visual Transformers > 2 Architectural Innovations in Visual Transformers > 2.4 Supervised and Self-Supervised Learning,197,886
Multi-Modal Tasks,Versatility and Limitations,Nível 3,Nível 3,0.826,root > Vision Transformer > Multi-Modal Tasks,A Survey on Visual Transformers > 5 Applications and Performance Analysis > Versatility and Limitations,717,180
Discussions,2.4 Supervised and Self-Supervised Learning,Nível 3,Nível 3,0.826,Vision Transformer > High/Mid-level Vision > Discussions,A Survey on Visual Transformers > 2 Architectural Innovations in Visual Transformers > 2.4 Supervised and Self-Supervised Learning,197,886
Multi-Modal Tasks,Versatility and Limitations,Nível 2,Nível 3,0.826,Vision Transformer > Multi-Modal Tasks,A Survey on Visual Transformers > 5 Applications and Performance Analysis > Versatility and Limitations,717,180
Discussions,2.4 Supervised and Self-Supervised Learning,Nível 2,Nível 3,0.826,High/Mid-level Vision > Discussions,A Survey on Visual Transformers > 2 Architectural Innovations in Visual Transformers > 2.4 Supervised and Self-Supervised Learning,197,886
Discussions,2.4 Supervised and Self-Supervised Learning,Nível 1,Nível 3,0.826,Discussions,A Survey on Visual Transformers > 2 Architectural Innovations in Visual Transformers > 2.4 Supervised and Self-Supervised Learning,197,886
Multi-Modal Tasks,Versatility and Limitations,Nível 1,Nível 3,0.826,Multi-Modal Tasks,A Survey on Visual Transformers > 5 Applications and Performance Analysis > Versatility and Limitations,717,180
Pure Transformer,1.3 Comparison with Traditional Convolutional Neural Networks,Nível 4,Nível 3,0.826,root > Vision Transformer > Backbone for Representation Learning > Pure Transformer,A Survey on Visual Transformers > 1 Introduction to Visual Transformers > 1.3 Comparison with Traditional Convolutional Neural Networks,1415,705
Pure Transformer,1.3 Comparison with Traditional Convolutional Neural Networks,Nível 3,Nível 3,0.826,Vision Transformer > Backbone for Representation Learning > Pure Transformer,A Survey on Visual Transformers > 1 Introduction to Visual Transformers > 1.3 Comparison with Traditional Convolutional Neural Networks,1415,705
Pure Transformer,1.3 Comparison with Traditional Convolutional Neural Networks,Nível 2,Nível 3,0.826,Backbone for Representation Learning > Pure Transformer,A Survey on Visual Transformers > 1 Introduction to Visual Transformers > 1.3 Comparison with Traditional Convolutional Neural Networks,1415,705
Pure Transformer,1.3 Comparison with Traditional Convolutional Neural Networks,Nível 1,Nível 3,0.826,Pure Transformer,A Survey on Visual Transformers > 1 Introduction to Visual Transformers > 1.3 Comparison with Traditional Convolutional Neural Networks,1415,705
Backbone for Representation Learning,5.5 Low-Level Vision Tasks,Nível 3,Nível 3,0.8257,root > Vision Transformer > Backbone for Representation Learning,A Survey on Visual Transformers > 5 Applications and Performance Analysis > 5.5 Low-Level Vision Tasks,195,1226
Self-supervised Representation Learning,3.3 Influence of Different Supervision Paradigms,Nível 4,Nível 3,0.8257,root > Vision Transformer > Backbone for Representation Learning > Self-supervised Representation Learning,A Survey on Visual Transformers > 3 Attention Mechanisms and Learning Processes > 3.3 Influence of Different Supervision Paradigms,982,833
Discussions,5.1 Image Classification,Nível 4,Nível 3,0.8257,root > Vision Transformer > Backbone for Representation Learning > Discussions,A Survey on Visual Transformers > 5 Applications and Performance Analysis > 5.1 Image Classification,117,574
Image Generation,5.2 Object Detection,Nível 4,Nível 3,0.8257,root > Vision Transformer > Low-level Vision > Image Generation,A Survey on Visual Transformers > 5 Applications and Performance Analysis > 5.2 Object Detection,669,810
Challenges,2.8 Discrete Representations for Robustness,Nível 3,Nível 3,0.8257,root > Conclusions and Discussions > Challenges,A Survey on Visual Transformers > 2 Architectural Innovations in Visual Transformers > 2.8 Discrete Representations for Robustness,396,925
Challenges,3.9 Principle of Diversity and Redundancy Reduction,Nível 3,Nível 3,0.8257,root > Conclusions and Discussions > Challenges,A Survey on Visual Transformers > 3 Attention Mechanisms and Learning Processes > 3.9 Principle of Diversity and Redundancy Reduction,396,899
Future Prospects,3.9 Principle of Diversity and Redundancy Reduction,Nível 3,Nível 3,0.8257,root > Conclusions and Discussions > Future Prospects,A Survey on Visual Transformers > 3 Attention Mechanisms and Learning Processes > 3.9 Principle of Diversity and Redundancy Reduction,2535,899
Backbone for Representation Learning,5.5 Low-Level Vision Tasks,Nível 2,Nível 3,0.8257,Vision Transformer > Backbone for Representation Learning,A Survey on Visual Transformers > 5 Applications and Performance Analysis > 5.5 Low-Level Vision Tasks,195,1226
Self-supervised Representation Learning,3.3 Influence of Different Supervision Paradigms,Nível 3,Nível 3,0.8257,Vision Transformer > Backbone for Representation Learning > Self-supervised Representation Learning,A Survey on Visual Transformers > 3 Attention Mechanisms and Learning Processes > 3.3 Influence of Different Supervision Paradigms,982,833
Discussions,5.1 Image Classification,Nível 3,Nível 3,0.8257,Vision Transformer > Backbone for Representation Learning > Discussions,A Survey on Visual Transformers > 5 Applications and Performance Analysis > 5.1 Image Classification,117,574
Image Generation,5.2 Object Detection,Nível 3,Nível 3,0.8257,Vision Transformer > Low-level Vision > Image Generation,A Survey on Visual Transformers > 5 Applications and Performance Analysis > 5.2 Object Detection,669,810
Backbone for Representation Learning,5.5 Low-Level Vision Tasks,Nível 1,Nível 3,0.8257,Backbone for Representation Learning,A Survey on Visual Transformers > 5 Applications and Performance Analysis > 5.5 Low-Level Vision Tasks,195,1226
Self-supervised Representation Learning,3.3 Influence of Different Supervision Paradigms,Nível 2,Nível 3,0.8257,Backbone for Representation Learning > Self-supervised Representation Learning,A Survey on Visual Transformers > 3 Attention Mechanisms and Learning Processes > 3.3 Influence of Different Supervision Paradigms,982,833
Discussions,5.1 Image Classification,Nível 2,Nível 3,0.8257,Backbone for Representation Learning > Discussions,A Survey on Visual Transformers > 5 Applications and Performance Analysis > 5.1 Image Classification,117,574
Self-supervised Representation Learning,3.3 Influence of Different Supervision Paradigms,Nível 1,Nível 3,0.8257,Self-supervised Representation Learning,A Survey on Visual Transformers > 3 Attention Mechanisms and Learning Processes > 3.3 Influence of Different Supervision Paradigms,982,833
Discussions,5.1 Image Classification,Nível 1,Nível 3,0.8257,Discussions,A Survey on Visual Transformers > 5 Applications and Performance Analysis > 5.1 Image Classification,117,574
Image Generation,5.2 Object Detection,Nível 2,Nível 3,0.8257,Low-level Vision > Image Generation,A Survey on Visual Transformers > 5 Applications and Performance Analysis > 5.2 Object Detection,669,810
Image Generation,5.2 Object Detection,Nível 1,Nível 3,0.8257,Image Generation,A Survey on Visual Transformers > 5 Applications and Performance Analysis > 5.2 Object Detection,669,810
Challenges,2.8 Discrete Representations for Robustness,Nível 2,Nível 3,0.8257,Conclusions and Discussions > Challenges,A Survey on Visual Transformers > 2 Architectural Innovations in Visual Transformers > 2.8 Discrete Representations for Robustness,396,925
Challenges,3.9 Principle of Diversity and Redundancy Reduction,Nível 2,Nível 3,0.8257,Conclusions and Discussions > Challenges,A Survey on Visual Transformers > 3 Attention Mechanisms and Learning Processes > 3.9 Principle of Diversity and Redundancy Reduction,396,899
Future Prospects,3.9 Principle of Diversity and Redundancy Reduction,Nível 2,Nível 3,0.8257,Conclusions and Discussions > Future Prospects,A Survey on Visual Transformers > 3 Attention Mechanisms and Learning Processes > 3.9 Principle of Diversity and Redundancy Reduction,2535,899
Challenges,2.8 Discrete Representations for Robustness,Nível 1,Nível 3,0.8257,Challenges,A Survey on Visual Transformers > 2 Architectural Innovations in Visual Transformers > 2.8 Discrete Representations for Robustness,396,925
Challenges,3.9 Principle of Diversity and Redundancy Reduction,Nível 1,Nível 3,0.8257,Challenges,A Survey on Visual Transformers > 3 Attention Mechanisms and Learning Processes > 3.9 Principle of Diversity and Redundancy Reduction,396,899
Future Prospects,3.9 Principle of Diversity and Redundancy Reduction,Nível 1,Nível 3,0.8257,Future Prospects,A Survey on Visual Transformers > 3 Attention Mechanisms and Learning Processes > 3.9 Principle of Diversity and Redundancy Reduction,2535,899
Pure Transformer,6.4 Future Research Directions,Nível 4,Nível 3,0.8247,root > Vision Transformer > Backbone for Representation Learning > Pure Transformer,A Survey on Visual Transformers > 6 Challenges and Future Directions > 6.4 Future Research Directions,1415,870
Pure Transformer,6.4 Future Research Directions,Nível 3,Nível 3,0.8247,Vision Transformer > Backbone for Representation Learning > Pure Transformer,A Survey on Visual Transformers > 6 Challenges and Future Directions > 6.4 Future Research Directions,1415,870
Pure Transformer,6.4 Future Research Directions,Nível 2,Nível 3,0.8247,Backbone for Representation Learning > Pure Transformer,A Survey on Visual Transformers > 6 Challenges and Future Directions > 6.4 Future Research Directions,1415,870
Pure Transformer,6.4 Future Research Directions,Nível 1,Nível 3,0.8247,Pure Transformer,A Survey on Visual Transformers > 6 Challenges and Future Directions > 6.4 Future Research Directions,1415,870
Transformer with Convolution,6.1 Interpretability Issues,Nível 4,Nível 3,0.8247,root > Vision Transformer > Backbone for Representation Learning > Transformer with Convolution,A Survey on Visual Transformers > 6 Challenges and Future Directions > 6.1 Interpretability Issues,425,652
Other Tasks,2.9 Convolutions in Vision Transformers,Nível 4,Nível 3,0.8247,root > Vision Transformer > High/Mid-level Vision > Other Tasks,A Survey on Visual Transformers > 2 Architectural Innovations in Visual Transformers > 2.9 Convolutions in Vision Transformers,795,710
Future Prospects,5.3 Image Segmentation,Nível 3,Nível 3,0.8247,root > Conclusions and Discussions > Future Prospects,A Survey on Visual Transformers > 5 Applications and Performance Analysis > 5.3 Image Segmentation,2535,733
Transformer with Convolution,6.1 Interpretability Issues,Nível 3,Nível 3,0.8247,Vision Transformer > Backbone for Representation Learning > Transformer with Convolution,A Survey on Visual Transformers > 6 Challenges and Future Directions > 6.1 Interpretability Issues,425,652
Other Tasks,2.9 Convolutions in Vision Transformers,Nível 3,Nível 3,0.8247,Vision Transformer > High/Mid-level Vision > Other Tasks,A Survey on Visual Transformers > 2 Architectural Innovations in Visual Transformers > 2.9 Convolutions in Vision Transformers,795,710
Transformer with Convolution,6.1 Interpretability Issues,Nível 2,Nível 3,0.8247,Backbone for Representation Learning > Transformer with Convolution,A Survey on Visual Transformers > 6 Challenges and Future Directions > 6.1 Interpretability Issues,425,652
Transformer with Convolution,6.1 Interpretability Issues,Nível 1,Nível 3,0.8247,Transformer with Convolution,A Survey on Visual Transformers > 6 Challenges and Future Directions > 6.1 Interpretability Issues,425,652
Other Tasks,2.9 Convolutions in Vision Transformers,Nível 2,Nível 3,0.8247,High/Mid-level Vision > Other Tasks,A Survey on Visual Transformers > 2 Architectural Innovations in Visual Transformers > 2.9 Convolutions in Vision Transformers,795,710
Other Tasks,2.9 Convolutions in Vision Transformers,Nível 1,Nível 3,0.8247,Other Tasks,A Survey on Visual Transformers > 2 Architectural Innovations in Visual Transformers > 2.9 Convolutions in Vision Transformers,795,710
Future Prospects,5.3 Image Segmentation,Nível 2,Nível 3,0.8247,Conclusions and Discussions > Future Prospects,A Survey on Visual Transformers > 5 Applications and Performance Analysis > 5.3 Image Segmentation,2535,733
Future Prospects,5.3 Image Segmentation,Nível 1,Nível 3,0.8247,Future Prospects,A Survey on Visual Transformers > 5 Applications and Performance Analysis > 5.3 Image Segmentation,2535,733
Pure Transformer,5.5 Low-Level Vision Tasks,Nível 4,Nível 3,0.824,root > Vision Transformer > Backbone for Representation Learning > Pure Transformer,A Survey on Visual Transformers > 5 Applications and Performance Analysis > 5.5 Low-Level Vision Tasks,1415,1226
Other Tasks,2.5 Mobile Deployment Strategies,Nível 4,Nível 3,0.824,root > Vision Transformer > High/Mid-level Vision > Other Tasks,A Survey on Visual Transformers > 2 Architectural Innovations in Visual Transformers > 2.5 Mobile Deployment Strategies,795,862
Pure Transformer,5.5 Low-Level Vision Tasks,Nível 3,Nível 3,0.824,Vision Transformer > Backbone for Representation Learning > Pure Transformer,A Survey on Visual Transformers > 5 Applications and Performance Analysis > 5.5 Low-Level Vision Tasks,1415,1226
Other Tasks,2.5 Mobile Deployment Strategies,Nível 3,Nível 3,0.824,Vision Transformer > High/Mid-level Vision > Other Tasks,A Survey on Visual Transformers > 2 Architectural Innovations in Visual Transformers > 2.5 Mobile Deployment Strategies,795,862
Pure Transformer,5.5 Low-Level Vision Tasks,Nível 2,Nível 3,0.824,Backbone for Representation Learning > Pure Transformer,A Survey on Visual Transformers > 5 Applications and Performance Analysis > 5.5 Low-Level Vision Tasks,1415,1226
Pure Transformer,5.5 Low-Level Vision Tasks,Nível 1,Nível 3,0.824,Pure Transformer,A Survey on Visual Transformers > 5 Applications and Performance Analysis > 5.5 Low-Level Vision Tasks,1415,1226
Other Tasks,2.5 Mobile Deployment Strategies,Nível 2,Nível 3,0.824,High/Mid-level Vision > Other Tasks,A Survey on Visual Transformers > 2 Architectural Innovations in Visual Transformers > 2.5 Mobile Deployment Strategies,795,862
Other Tasks,2.5 Mobile Deployment Strategies,Nível 1,Nível 3,0.824,Other Tasks,A Survey on Visual Transformers > 2 Architectural Innovations in Visual Transformers > 2.5 Mobile Deployment Strategies,795,862
Formulation of Transformer,1.1 Historical Context and Development,Nível 2,Nível 3,0.823,root > Formulation of Transformer,A Survey on Visual Transformers > 1 Introduction to Visual Transformers > 1.1 Historical Context and Development,105,507
Backbone for Representation Learning,1.4 Inductive Biases and Data Requirements,Nível 3,Nível 3,0.823,root > Vision Transformer > Backbone for Representation Learning,A Survey on Visual Transformers > 1 Introduction to Visual Transformers > 1.4 Inductive Biases and Data Requirements,195,931
Other Tasks,5.3 Image Segmentation,Nível 4,Nível 3,0.823,root > Vision Transformer > High/Mid-level Vision > Other Tasks,A Survey on Visual Transformers > 5 Applications and Performance Analysis > 5.3 Image Segmentation,795,733
Future Prospects,1.3 Comparison with Traditional Convolutional Neural Networks,Nível 3,Nível 3,0.823,root > Conclusions and Discussions > Future Prospects,A Survey on Visual Transformers > 1 Introduction to Visual Transformers > 1.3 Comparison with Traditional Convolutional Neural Networks,2535,705
Formulation of Transformer,1.1 Historical Context and Development,Nível 1,Nível 3,0.823,Formulation of Transformer,A Survey on Visual Transformers > 1 Introduction to Visual Transformers > 1.1 Historical Context and Development,105,507
Backbone for Representation Learning,1.4 Inductive Biases and Data Requirements,Nível 2,Nível 3,0.823,Vision Transformer > Backbone for Representation Learning,A Survey on Visual Transformers > 1 Introduction to Visual Transformers > 1.4 Inductive Biases and Data Requirements,195,931
Other Tasks,5.3 Image Segmentation,Nível 3,Nível 3,0.823,Vision Transformer > High/Mid-level Vision > Other Tasks,A Survey on Visual Transformers > 5 Applications and Performance Analysis > 5.3 Image Segmentation,795,733
Backbone for Representation Learning,1.4 Inductive Biases and Data Requirements,Nível 1,Nível 3,0.823,Backbone for Representation Learning,A Survey on Visual Transformers > 1 Introduction to Visual Transformers > 1.4 Inductive Biases and Data Requirements,195,931
Other Tasks,5.3 Image Segmentation,Nível 2,Nível 3,0.823,High/Mid-level Vision > Other Tasks,A Survey on Visual Transformers > 5 Applications and Performance Analysis > 5.3 Image Segmentation,795,733
Other Tasks,5.3 Image Segmentation,Nível 1,Nível 3,0.823,Other Tasks,A Survey on Visual Transformers > 5 Applications and Performance Analysis > 5.3 Image Segmentation,795,733
Future Prospects,1.3 Comparison with Traditional Convolutional Neural Networks,Nível 2,Nível 3,0.823,Conclusions and Discussions > Future Prospects,A Survey on Visual Transformers > 1 Introduction to Visual Transformers > 1.3 Comparison with Traditional Convolutional Neural Networks,2535,705
Future Prospects,1.3 Comparison with Traditional Convolutional Neural Networks,Nível 1,Nível 3,0.823,Future Prospects,A Survey on Visual Transformers > 1 Introduction to Visual Transformers > 1.3 Comparison with Traditional Convolutional Neural Networks,2535,705
Conclusions and Discussions,5.3 Image Segmentation,Nível 2,Nível 3,0.8223,root > Conclusions and Discussions,A Survey on Visual Transformers > 5 Applications and Performance Analysis > 5.3 Image Segmentation,104,733
Challenges,6.2 Computational Costs,Nível 3,Nível 3,0.8223,root > Conclusions and Discussions > Challenges,A Survey on Visual Transformers > 6 Challenges and Future Directions > 6.2 Computational Costs,396,691
Conclusions and Discussions,5.3 Image Segmentation,Nível 1,Nível 3,0.8223,Conclusions and Discussions,A Survey on Visual Transformers > 5 Applications and Performance Analysis > 5.3 Image Segmentation,104,733
Challenges,6.2 Computational Costs,Nível 2,Nível 3,0.8223,Conclusions and Discussions > Challenges,A Survey on Visual Transformers > 6 Challenges and Future Directions > 6.2 Computational Costs,396,691
Challenges,6.2 Computational Costs,Nível 1,Nível 3,0.8223,Challenges,A Survey on Visual Transformers > 6 Challenges and Future Directions > 6.2 Computational Costs,396,691
Discussions,2.4 Supervised and Self-Supervised Learning,Nível 4,Nível 3,0.8223,root > Vision Transformer > Backbone for Representation Learning > Discussions,A Survey on Visual Transformers > 2 Architectural Innovations in Visual Transformers > 2.4 Supervised and Self-Supervised Learning,117,886
Compact Architecture Design,1.2 Key Concepts and Architecture Overview,Nível 4,Nível 3,0.8223,root > Vision Transformer > Efficient Transformer > Compact Architecture Design,A Survey on Visual Transformers > 1 Introduction to Visual Transformers > 1.2 Key Concepts and Architecture Overview,369,580
Conclusions and Discussions,2.9 Convolutions in Vision Transformers,Nível 2,Nível 3,0.8223,root > Conclusions and Discussions,A Survey on Visual Transformers > 2 Architectural Innovations in Visual Transformers > 2.9 Convolutions in Vision Transformers,104,710
Future Prospects,2.5 Mobile Deployment Strategies,Nível 3,Nível 3,0.8223,root > Conclusions and Discussions > Future Prospects,A Survey on Visual Transformers > 2 Architectural Innovations in Visual Transformers > 2.5 Mobile Deployment Strategies,2535,862
Discussions,2.4 Supervised and Self-Supervised Learning,Nível 3,Nível 3,0.8223,Vision Transformer > Backbone for Representation Learning > Discussions,A Survey on Visual Transformers > 2 Architectural Innovations in Visual Transformers > 2.4 Supervised and Self-Supervised Learning,117,886
Compact Architecture Design,1.2 Key Concepts and Architecture Overview,Nível 3,Nível 3,0.8223,Vision Transformer > Efficient Transformer > Compact Architecture Design,A Survey on Visual Transformers > 1 Introduction to Visual Transformers > 1.2 Key Concepts and Architecture Overview,369,580
Discussions,2.4 Supervised and Self-Supervised Learning,Nível 2,Nível 3,0.8223,Backbone for Representation Learning > Discussions,A Survey on Visual Transformers > 2 Architectural Innovations in Visual Transformers > 2.4 Supervised and Self-Supervised Learning,117,886
Discussions,2.4 Supervised and Self-Supervised Learning,Nível 1,Nível 3,0.8223,Discussions,A Survey on Visual Transformers > 2 Architectural Innovations in Visual Transformers > 2.4 Supervised and Self-Supervised Learning,117,886
Compact Architecture Design,1.2 Key Concepts and Architecture Overview,Nível 2,Nível 3,0.8223,Efficient Transformer > Compact Architecture Design,A Survey on Visual Transformers > 1 Introduction to Visual Transformers > 1.2 Key Concepts and Architecture Overview,369,580
Compact Architecture Design,1.2 Key Concepts and Architecture Overview,Nível 1,Nível 3,0.8223,Compact Architecture Design,A Survey on Visual Transformers > 1 Introduction to Visual Transformers > 1.2 Key Concepts and Architecture Overview,369,580
Conclusions and Discussions,2.9 Convolutions in Vision Transformers,Nível 1,Nível 3,0.8223,Conclusions and Discussions,A Survey on Visual Transformers > 2 Architectural Innovations in Visual Transformers > 2.9 Convolutions in Vision Transformers,104,710
Future Prospects,2.5 Mobile Deployment Strategies,Nível 2,Nível 3,0.8223,Conclusions and Discussions > Future Prospects,A Survey on Visual Transformers > 2 Architectural Innovations in Visual Transformers > 2.5 Mobile Deployment Strategies,2535,862
Future Prospects,2.5 Mobile Deployment Strategies,Nível 1,Nível 3,0.8223,Future Prospects,A Survey on Visual Transformers > 2 Architectural Innovations in Visual Transformers > 2.5 Mobile Deployment Strategies,2535,862
Discussions,3.3 Influence of Different Supervision Paradigms,Nível 4,Nível 3,0.822,root > Vision Transformer > Backbone for Representation Learning > Discussions,A Survey on Visual Transformers > 3 Attention Mechanisms and Learning Processes > 3.3 Influence of Different Supervision Paradigms,117,833
Discussions,3.3 Influence of Different Supervision Paradigms,Nível 3,Nível 3,0.822,Vision Transformer > Backbone for Representation Learning > Discussions,A Survey on Visual Transformers > 3 Attention Mechanisms and Learning Processes > 3.3 Influence of Different Supervision Paradigms,117,833
Discussions,3.3 Influence of Different Supervision Paradigms,Nível 2,Nível 3,0.822,Backbone for Representation Learning > Discussions,A Survey on Visual Transformers > 3 Attention Mechanisms and Learning Processes > 3.3 Influence of Different Supervision Paradigms,117,833
Discussions,3.3 Influence of Different Supervision Paradigms,Nível 1,Nível 3,0.822,Discussions,A Survey on Visual Transformers > 3 Attention Mechanisms and Learning Processes > 3.3 Influence of Different Supervision Paradigms,117,833
Backbone for Representation Learning,3.3 Influence of Different Supervision Paradigms,Nível 3,Nível 3,0.822,root > Vision Transformer > Backbone for Representation Learning,A Survey on Visual Transformers > 3 Attention Mechanisms and Learning Processes > 3.3 Influence of Different Supervision Paradigms,195,833
Transformer with Convolution,2.3 Patch-Based Mixing Models,Nível 4,Nível 3,0.822,root > Vision Transformer > Backbone for Representation Learning > Transformer with Convolution,A Survey on Visual Transformers > 2 Architectural Innovations in Visual Transformers > 2.3 Patch-Based Mixing Models,425,677
Multi-Modal Tasks,1.2 Key Concepts and Architecture Overview,Nível 3,Nível 3,0.822,root > Vision Transformer > Multi-Modal Tasks,A Survey on Visual Transformers > 1 Introduction to Visual Transformers > 1.2 Key Concepts and Architecture Overview,717,580
Future Prospects,3.3 Influence of Different Supervision Paradigms,Nível 3,Nível 3,0.822,root > Conclusions and Discussions > Future Prospects,A Survey on Visual Transformers > 3 Attention Mechanisms and Learning Processes > 3.3 Influence of Different Supervision Paradigms,2535,833
Backbone for Representation Learning,3.3 Influence of Different Supervision Paradigms,Nível 2,Nível 3,0.822,Vision Transformer > Backbone for Representation Learning,A Survey on Visual Transformers > 3 Attention Mechanisms and Learning Processes > 3.3 Influence of Different Supervision Paradigms,195,833
Transformer with Convolution,2.3 Patch-Based Mixing Models,Nível 3,Nível 3,0.822,Vision Transformer > Backbone for Representation Learning > Transformer with Convolution,A Survey on Visual Transformers > 2 Architectural Innovations in Visual Transformers > 2.3 Patch-Based Mixing Models,425,677
Multi-Modal Tasks,1.2 Key Concepts and Architecture Overview,Nível 2,Nível 3,0.822,Vision Transformer > Multi-Modal Tasks,A Survey on Visual Transformers > 1 Introduction to Visual Transformers > 1.2 Key Concepts and Architecture Overview,717,580
Backbone for Representation Learning,3.3 Influence of Different Supervision Paradigms,Nível 1,Nível 3,0.822,Backbone for Representation Learning,A Survey on Visual Transformers > 3 Attention Mechanisms and Learning Processes > 3.3 Influence of Different Supervision Paradigms,195,833
Transformer with Convolution,2.3 Patch-Based Mixing Models,Nível 2,Nível 3,0.822,Backbone for Representation Learning > Transformer with Convolution,A Survey on Visual Transformers > 2 Architectural Innovations in Visual Transformers > 2.3 Patch-Based Mixing Models,425,677
Transformer with Convolution,2.3 Patch-Based Mixing Models,Nível 1,Nível 3,0.822,Transformer with Convolution,A Survey on Visual Transformers > 2 Architectural Innovations in Visual Transformers > 2.3 Patch-Based Mixing Models,425,677
Multi-Modal Tasks,1.2 Key Concepts and Architecture Overview,Nível 1,Nível 3,0.822,Multi-Modal Tasks,A Survey on Visual Transformers > 1 Introduction to Visual Transformers > 1.2 Key Concepts and Architecture Overview,717,580
Future Prospects,3.3 Influence of Different Supervision Paradigms,Nível 2,Nível 3,0.822,Conclusions and Discussions > Future Prospects,A Survey on Visual Transformers > 3 Attention Mechanisms and Learning Processes > 3.3 Influence of Different Supervision Paradigms,2535,833
Future Prospects,3.3 Influence of Different Supervision Paradigms,Nível 1,Nível 3,0.822,Future Prospects,A Survey on Visual Transformers > 3 Attention Mechanisms and Learning Processes > 3.3 Influence of Different Supervision Paradigms,2535,833
Pruning and Decomposition,1.2 Key Concepts and Architecture Overview,Nível 4,Nível 3,0.821,root > Vision Transformer > Efficient Transformer > Pruning and Decomposition,A Survey on Visual Transformers > 1 Introduction to Visual Transformers > 1.2 Key Concepts and Architecture Overview,479,580
Pruning and Decomposition,1.2 Key Concepts and Architecture Overview,Nível 3,Nível 3,0.821,Vision Transformer > Efficient Transformer > Pruning and Decomposition,A Survey on Visual Transformers > 1 Introduction to Visual Transformers > 1.2 Key Concepts and Architecture Overview,479,580
Pruning and Decomposition,1.2 Key Concepts and Architecture Overview,Nível 2,Nível 3,0.821,Efficient Transformer > Pruning and Decomposition,A Survey on Visual Transformers > 1 Introduction to Visual Transformers > 1.2 Key Concepts and Architecture Overview,479,580
Pruning and Decomposition,1.2 Key Concepts and Architecture Overview,Nível 1,Nível 3,0.821,Pruning and Decomposition,A Survey on Visual Transformers > 1 Introduction to Visual Transformers > 1.2 Key Concepts and Architecture Overview,479,580
Pruning and Decomposition,3.8 Visual Analytics for Attention Head Importance,Nível 4,Nível 3,0.82,root > Vision Transformer > Efficient Transformer > Pruning and Decomposition,A Survey on Visual Transformers > 3 Attention Mechanisms and Learning Processes > 3.8 Visual Analytics for Attention Head Importance,479,917
Pruning and Decomposition,3.8 Visual Analytics for Attention Head Importance,Nível 3,Nível 3,0.82,Vision Transformer > Efficient Transformer > Pruning and Decomposition,A Survey on Visual Transformers > 3 Attention Mechanisms and Learning Processes > 3.8 Visual Analytics for Attention Head Importance,479,917
Pruning and Decomposition,3.8 Visual Analytics for Attention Head Importance,Nível 2,Nível 3,0.82,Efficient Transformer > Pruning and Decomposition,A Survey on Visual Transformers > 3 Attention Mechanisms and Learning Processes > 3.8 Visual Analytics for Attention Head Importance,479,917
Pruning and Decomposition,3.8 Visual Analytics for Attention Head Importance,Nível 1,Nível 3,0.82,Pruning and Decomposition,A Survey on Visual Transformers > 3 Attention Mechanisms and Learning Processes > 3.8 Visual Analytics for Attention Head Importance,479,917
Backbone for Representation Learning,5.4 Video Understanding,Nível 3,Nível 3,0.82,root > Vision Transformer > Backbone for Representation Learning,A Survey on Visual Transformers > 5 Applications and Performance Analysis > 5.4 Video Understanding,195,694
High/Mid-level Vision,5.2 Object Detection,Nível 3,Nível 3,0.82,root > Vision Transformer > High/Mid-level Vision,A Survey on Visual Transformers > 5 Applications and Performance Analysis > 5.2 Object Detection,31,810
Discussions,6.3 Data Requirements,Nível 4,Nível 3,0.82,root > Vision Transformer > High/Mid-level Vision > Discussions,A Survey on Visual Transformers > 6 Challenges and Future Directions > 6.3 Data Requirements,197,704
Image Generation,5.1 Image Classification,Nível 4,Nível 3,0.82,root > Vision Transformer > Low-level Vision > Image Generation,A Survey on Visual Transformers > 5 Applications and Performance Analysis > 5.1 Image Classification,669,574
Backbone for Representation Learning,5.4 Video Understanding,Nível 2,Nível 3,0.82,Vision Transformer > Backbone for Representation Learning,A Survey on Visual Transformers > 5 Applications and Performance Analysis > 5.4 Video Understanding,195,694
High/Mid-level Vision,5.2 Object Detection,Nível 2,Nível 3,0.82,Vision Transformer > High/Mid-level Vision,A Survey on Visual Transformers > 5 Applications and Performance Analysis > 5.2 Object Detection,31,810
Discussions,6.3 Data Requirements,Nível 3,Nível 3,0.82,Vision Transformer > High/Mid-level Vision > Discussions,A Survey on Visual Transformers > 6 Challenges and Future Directions > 6.3 Data Requirements,197,704
Image Generation,5.1 Image Classification,Nível 3,Nível 3,0.82,Vision Transformer > Low-level Vision > Image Generation,A Survey on Visual Transformers > 5 Applications and Performance Analysis > 5.1 Image Classification,669,574
Backbone for Representation Learning,5.4 Video Understanding,Nível 1,Nível 3,0.82,Backbone for Representation Learning,A Survey on Visual Transformers > 5 Applications and Performance Analysis > 5.4 Video Understanding,195,694
High/Mid-level Vision,5.2 Object Detection,Nível 1,Nível 3,0.82,High/Mid-level Vision,A Survey on Visual Transformers > 5 Applications and Performance Analysis > 5.2 Object Detection,31,810
Discussions,6.3 Data Requirements,Nível 2,Nível 3,0.82,High/Mid-level Vision > Discussions,A Survey on Visual Transformers > 6 Challenges and Future Directions > 6.3 Data Requirements,197,704
Discussions,6.3 Data Requirements,Nível 1,Nível 3,0.82,Discussions,A Survey on Visual Transformers > 6 Challenges and Future Directions > 6.3 Data Requirements,197,704
Image Generation,5.1 Image Classification,Nível 2,Nível 3,0.82,Low-level Vision > Image Generation,A Survey on Visual Transformers > 5 Applications and Performance Analysis > 5.1 Image Classification,669,574
Image Generation,5.1 Image Classification,Nível 1,Nível 3,0.82,Image Generation,A Survey on Visual Transformers > 5 Applications and Performance Analysis > 5.1 Image Classification,669,574
Transformer with Convolution,2.6 Token Pruning and Merging Techniques,Nível 4,Nível 3,0.8193,root > Vision Transformer > Backbone for Representation Learning > Transformer with Convolution,A Survey on Visual Transformers > 2 Architectural Innovations in Visual Transformers > 2.6 Token Pruning and Merging Techniques,425,595
Discussions,6.1 Interpretability Issues,Nível 4,Nível 3,0.8193,root > Vision Transformer > High/Mid-level Vision > Discussions,A Survey on Visual Transformers > 6 Challenges and Future Directions > 6.1 Interpretability Issues,197,652
Transformer with Convolution,2.6 Token Pruning and Merging Techniques,Nível 3,Nível 3,0.8193,Vision Transformer > Backbone for Representation Learning > Transformer with Convolution,A Survey on Visual Transformers > 2 Architectural Innovations in Visual Transformers > 2.6 Token Pruning and Merging Techniques,425,595
Discussions,6.1 Interpretability Issues,Nível 3,Nível 3,0.8193,Vision Transformer > High/Mid-level Vision > Discussions,A Survey on Visual Transformers > 6 Challenges and Future Directions > 6.1 Interpretability Issues,197,652
Transformer with Convolution,2.6 Token Pruning and Merging Techniques,Nível 2,Nível 3,0.8193,Backbone for Representation Learning > Transformer with Convolution,A Survey on Visual Transformers > 2 Architectural Innovations in Visual Transformers > 2.6 Token Pruning and Merging Techniques,425,595
Transformer with Convolution,2.6 Token Pruning and Merging Techniques,Nível 1,Nível 3,0.8193,Transformer with Convolution,A Survey on Visual Transformers > 2 Architectural Innovations in Visual Transformers > 2.6 Token Pruning and Merging Techniques,425,595
Discussions,6.1 Interpretability Issues,Nível 2,Nível 3,0.8193,High/Mid-level Vision > Discussions,A Survey on Visual Transformers > 6 Challenges and Future Directions > 6.1 Interpretability Issues,197,652
Discussions,6.1 Interpretability Issues,Nível 1,Nível 3,0.8193,Discussions,A Survey on Visual Transformers > 6 Challenges and Future Directions > 6.1 Interpretability Issues,197,652
Introduction,1.1 Historical Context and Development,Nível 2,Nível 3,0.819,root > Introduction,A Survey on Visual Transformers > 1 Introduction to Visual Transformers > 1.1 Historical Context and Development,1345,507
Multi-Modal Tasks,5.1 Image Classification,Nível 3,Nível 3,0.819,root > Vision Transformer > Multi-Modal Tasks,A Survey on Visual Transformers > 5 Applications and Performance Analysis > 5.1 Image Classification,717,574
Challenges,2.7 Global Dependencies with GrafT,Nível 3,Nível 3,0.819,root > Conclusions and Discussions > Challenges,A Survey on Visual Transformers > 2 Architectural Innovations in Visual Transformers > 2.7 Global Dependencies with GrafT,396,591
Introduction,1.1 Historical Context and Development,Nível 1,Nível 3,0.819,Introduction,A Survey on Visual Transformers > 1 Introduction to Visual Transformers > 1.1 Historical Context and Development,1345,507
Multi-Modal Tasks,5.1 Image Classification,Nível 2,Nível 3,0.819,Vision Transformer > Multi-Modal Tasks,A Survey on Visual Transformers > 5 Applications and Performance Analysis > 5.1 Image Classification,717,574
Multi-Modal Tasks,5.1 Image Classification,Nível 1,Nível 3,0.819,Multi-Modal Tasks,A Survey on Visual Transformers > 5 Applications and Performance Analysis > 5.1 Image Classification,717,574
Challenges,2.7 Global Dependencies with GrafT,Nível 2,Nível 3,0.819,Conclusions and Discussions > Challenges,A Survey on Visual Transformers > 2 Architectural Innovations in Visual Transformers > 2.7 Global Dependencies with GrafT,396,591
Challenges,2.7 Global Dependencies with GrafT,Nível 1,Nível 3,0.819,Challenges,A Survey on Visual Transformers > 2 Architectural Innovations in Visual Transformers > 2.7 Global Dependencies with GrafT,396,591
Image Generation,6.3 Data Requirements,Nível 4,Nível 3,0.818,root > Vision Transformer > Low-level Vision > Image Generation,A Survey on Visual Transformers > 6 Challenges and Future Directions > 6.3 Data Requirements,669,704
Image Generation,6.3 Data Requirements,Nível 3,Nível 3,0.818,Vision Transformer > Low-level Vision > Image Generation,A Survey on Visual Transformers > 6 Challenges and Future Directions > 6.3 Data Requirements,669,704
Image Generation,6.3 Data Requirements,Nível 2,Nível 3,0.818,Low-level Vision > Image Generation,A Survey on Visual Transformers > 6 Challenges and Future Directions > 6.3 Data Requirements,669,704
Image Generation,6.3 Data Requirements,Nível 1,Nível 3,0.818,Image Generation,A Survey on Visual Transformers > 6 Challenges and Future Directions > 6.3 Data Requirements,669,704
Vision Transformer,6.2 Computational Costs,Nível 2,Nível 3,0.8174,root > Vision Transformer,A Survey on Visual Transformers > 6 Challenges and Future Directions > 6.2 Computational Costs,54,691
Backbone for Representation Learning,1.3 Comparison with Traditional Convolutional Neural Networks,Nível 3,Nível 3,0.8174,root > Vision Transformer > Backbone for Representation Learning,A Survey on Visual Transformers > 1 Introduction to Visual Transformers > 1.3 Comparison with Traditional Convolutional Neural Networks,195,705
Vision Transformer,6.2 Computational Costs,Nível 1,Nível 3,0.8174,Vision Transformer,A Survey on Visual Transformers > 6 Challenges and Future Directions > 6.2 Computational Costs,54,691
Backbone for Representation Learning,1.3 Comparison with Traditional Convolutional Neural Networks,Nível 2,Nível 3,0.8174,Vision Transformer > Backbone for Representation Learning,A Survey on Visual Transformers > 1 Introduction to Visual Transformers > 1.3 Comparison with Traditional Convolutional Neural Networks,195,705
Backbone for Representation Learning,1.3 Comparison with Traditional Convolutional Neural Networks,Nível 1,Nível 3,0.8174,Backbone for Representation Learning,A Survey on Visual Transformers > 1 Introduction to Visual Transformers > 1.3 Comparison with Traditional Convolutional Neural Networks,195,705
Image Generation,3.4 Data Requirements and Learning Flexibility,Nível 4,Nível 3,0.817,root > Vision Transformer > Low-level Vision > Image Generation,A Survey on Visual Transformers > 3 Attention Mechanisms and Learning Processes > 3.4 Data Requirements and Learning Flexibility,669,755
Image Generation,5.3 Image Segmentation,Nível 4,Nível 3,0.817,root > Vision Transformer > Low-level Vision > Image Generation,A Survey on Visual Transformers > 5 Applications and Performance Analysis > 5.3 Image Segmentation,669,733
Future Prospects,1.4 Inductive Biases and Data Requirements,Nível 3,Nível 3,0.817,root > Conclusions and Discussions > Future Prospects,A Survey on Visual Transformers > 1 Introduction to Visual Transformers > 1.4 Inductive Biases and Data Requirements,2535,931
Image Generation,3.4 Data Requirements and Learning Flexibility,Nível 3,Nível 3,0.817,Vision Transformer > Low-level Vision > Image Generation,A Survey on Visual Transformers > 3 Attention Mechanisms and Learning Processes > 3.4 Data Requirements and Learning Flexibility,669,755
Image Generation,5.3 Image Segmentation,Nível 3,Nível 3,0.817,Vision Transformer > Low-level Vision > Image Generation,A Survey on Visual Transformers > 5 Applications and Performance Analysis > 5.3 Image Segmentation,669,733
Image Generation,3.4 Data Requirements and Learning Flexibility,Nível 2,Nível 3,0.817,Low-level Vision > Image Generation,A Survey on Visual Transformers > 3 Attention Mechanisms and Learning Processes > 3.4 Data Requirements and Learning Flexibility,669,755
Image Generation,5.3 Image Segmentation,Nível 2,Nível 3,0.817,Low-level Vision > Image Generation,A Survey on Visual Transformers > 5 Applications and Performance Analysis > 5.3 Image Segmentation,669,733
Image Generation,3.4 Data Requirements and Learning Flexibility,Nível 1,Nível 3,0.817,Image Generation,A Survey on Visual Transformers > 3 Attention Mechanisms and Learning Processes > 3.4 Data Requirements and Learning Flexibility,669,755
Image Generation,5.3 Image Segmentation,Nível 1,Nível 3,0.817,Image Generation,A Survey on Visual Transformers > 5 Applications and Performance Analysis > 5.3 Image Segmentation,669,733
Future Prospects,1.4 Inductive Biases and Data Requirements,Nível 2,Nível 3,0.817,Conclusions and Discussions > Future Prospects,A Survey on Visual Transformers > 1 Introduction to Visual Transformers > 1.4 Inductive Biases and Data Requirements,2535,931
Future Prospects,1.4 Inductive Biases and Data Requirements,Nível 1,Nível 3,0.817,Future Prospects,A Survey on Visual Transformers > 1 Introduction to Visual Transformers > 1.4 Inductive Biases and Data Requirements,2535,931
Discussions,6.3 Data Requirements,Nível 4,Nível 3,0.8164,root > Vision Transformer > Backbone for Representation Learning > Discussions,A Survey on Visual Transformers > 6 Challenges and Future Directions > 6.3 Data Requirements,117,704
Discussions,6.3 Data Requirements,Nível 3,Nível 3,0.8164,Vision Transformer > Backbone for Representation Learning > Discussions,A Survey on Visual Transformers > 6 Challenges and Future Directions > 6.3 Data Requirements,117,704
Discussions,6.3 Data Requirements,Nível 2,Nível 3,0.8164,Backbone for Representation Learning > Discussions,A Survey on Visual Transformers > 6 Challenges and Future Directions > 6.3 Data Requirements,117,704
Discussions,6.3 Data Requirements,Nível 1,Nível 3,0.8164,Discussions,A Survey on Visual Transformers > 6 Challenges and Future Directions > 6.3 Data Requirements,117,704
Discussions,2.9 Convolutions in Vision Transformers,Nível 4,Nível 3,0.816,root > Vision Transformer > Backbone for Representation Learning > Discussions,A Survey on Visual Transformers > 2 Architectural Innovations in Visual Transformers > 2.9 Convolutions in Vision Transformers,117,710
Discussions,2.9 Convolutions in Vision Transformers,Nível 3,Nível 3,0.816,Vision Transformer > Backbone for Representation Learning > Discussions,A Survey on Visual Transformers > 2 Architectural Innovations in Visual Transformers > 2.9 Convolutions in Vision Transformers,117,710
Discussions,2.9 Convolutions in Vision Transformers,Nível 2,Nível 3,0.816,Backbone for Representation Learning > Discussions,A Survey on Visual Transformers > 2 Architectural Innovations in Visual Transformers > 2.9 Convolutions in Vision Transformers,117,710
Discussions,2.9 Convolutions in Vision Transformers,Nível 1,Nível 3,0.816,Discussions,A Survey on Visual Transformers > 2 Architectural Innovations in Visual Transformers > 2.9 Convolutions in Vision Transformers,117,710
Discussions,3.1 Understanding Self-Attention Mechanisms in ViTs,Nível 4,Nível 3,0.8154,root > Vision Transformer > High/Mid-level Vision > Discussions,A Survey on Visual Transformers > 3 Attention Mechanisms and Learning Processes > 3.1 Understanding Self-Attention Mechanisms in ViTs,197,793
Discussions,3.1 Understanding Self-Attention Mechanisms in ViTs,Nível 3,Nível 3,0.8154,Vision Transformer > High/Mid-level Vision > Discussions,A Survey on Visual Transformers > 3 Attention Mechanisms and Learning Processes > 3.1 Understanding Self-Attention Mechanisms in ViTs,197,793
Discussions,3.1 Understanding Self-Attention Mechanisms in ViTs,Nível 2,Nível 3,0.8154,High/Mid-level Vision > Discussions,A Survey on Visual Transformers > 3 Attention Mechanisms and Learning Processes > 3.1 Understanding Self-Attention Mechanisms in ViTs,197,793
Discussions,3.1 Understanding Self-Attention Mechanisms in ViTs,Nível 1,Nível 3,0.8154,Discussions,A Survey on Visual Transformers > 3 Attention Mechanisms and Learning Processes > 3.1 Understanding Self-Attention Mechanisms in ViTs,197,793
Vision Transformer,5.3 Image Segmentation,Nível 2,Nível 3,0.815,root > Vision Transformer,A Survey on Visual Transformers > 5 Applications and Performance Analysis > 5.3 Image Segmentation,54,733
Backbone for Representation Learning,2.5 Mobile Deployment Strategies,Nível 3,Nível 3,0.815,root > Vision Transformer > Backbone for Representation Learning,A Survey on Visual Transformers > 2 Architectural Innovations in Visual Transformers > 2.5 Mobile Deployment Strategies,195,862
Pure Transformer,3.3 Influence of Different Supervision Paradigms,Nível 4,Nível 3,0.815,root > Vision Transformer > Backbone for Representation Learning > Pure Transformer,A Survey on Visual Transformers > 3 Attention Mechanisms and Learning Processes > 3.3 Influence of Different Supervision Paradigms,1415,833
Conclusions and Discussions,Versatility and Limitations,Nível 2,Nível 3,0.815,root > Conclusions and Discussions,A Survey on Visual Transformers > 5 Applications and Performance Analysis > Versatility and Limitations,104,180
Future Prospects,5.6 Multi-Modal and Cross-Modal Tasks,Nível 3,Nível 3,0.815,root > Conclusions and Discussions > Future Prospects,A Survey on Visual Transformers > 5 Applications and Performance Analysis > 5.6 Multi-Modal and Cross-Modal Tasks,2535,72
Vision Transformer,5.3 Image Segmentation,Nível 1,Nível 3,0.815,Vision Transformer,A Survey on Visual Transformers > 5 Applications and Performance Analysis > 5.3 Image Segmentation,54,733
Backbone for Representation Learning,2.5 Mobile Deployment Strategies,Nível 2,Nível 3,0.815,Vision Transformer > Backbone for Representation Learning,A Survey on Visual Transformers > 2 Architectural Innovations in Visual Transformers > 2.5 Mobile Deployment Strategies,195,862
Pure Transformer,3.3 Influence of Different Supervision Paradigms,Nível 3,Nível 3,0.815,Vision Transformer > Backbone for Representation Learning > Pure Transformer,A Survey on Visual Transformers > 3 Attention Mechanisms and Learning Processes > 3.3 Influence of Different Supervision Paradigms,1415,833
Backbone for Representation Learning,2.5 Mobile Deployment Strategies,Nível 1,Nível 3,0.815,Backbone for Representation Learning,A Survey on Visual Transformers > 2 Architectural Innovations in Visual Transformers > 2.5 Mobile Deployment Strategies,195,862
Pure Transformer,3.3 Influence of Different Supervision Paradigms,Nível 2,Nível 3,0.815,Backbone for Representation Learning > Pure Transformer,A Survey on Visual Transformers > 3 Attention Mechanisms and Learning Processes > 3.3 Influence of Different Supervision Paradigms,1415,833
Pure Transformer,3.3 Influence of Different Supervision Paradigms,Nível 1,Nível 3,0.815,Pure Transformer,A Survey on Visual Transformers > 3 Attention Mechanisms and Learning Processes > 3.3 Influence of Different Supervision Paradigms,1415,833
Conclusions and Discussions,Versatility and Limitations,Nível 1,Nível 3,0.815,Conclusions and Discussions,A Survey on Visual Transformers > 5 Applications and Performance Analysis > Versatility and Limitations,104,180
Future Prospects,5.6 Multi-Modal and Cross-Modal Tasks,Nível 2,Nível 3,0.815,Conclusions and Discussions > Future Prospects,A Survey on Visual Transformers > 5 Applications and Performance Analysis > 5.6 Multi-Modal and Cross-Modal Tasks,2535,72
Future Prospects,5.6 Multi-Modal and Cross-Modal Tasks,Nível 1,Nível 3,0.815,Future Prospects,A Survey on Visual Transformers > 5 Applications and Performance Analysis > 5.6 Multi-Modal and Cross-Modal Tasks,2535,72
Introduction,5.1 Image Classification,Nível 2,Nível 3,0.8145,root > Introduction,A Survey on Visual Transformers > 5 Applications and Performance Analysis > 5.1 Image Classification,1345,574
Introduction,5.1 Image Classification,Nível 1,Nível 3,0.8145,Introduction,A Survey on Visual Transformers > 5 Applications and Performance Analysis > 5.1 Image Classification,1345,574
Challenges,3.6 Theoretical Foundations of Spatial Structure Learning,Nível 3,Nível 3,0.814,root > Conclusions and Discussions > Challenges,A Survey on Visual Transformers > 3 Attention Mechanisms and Learning Processes > 3.6 Theoretical Foundations of Spatial Structure Learning,396,768
Challenges,3.6 Theoretical Foundations of Spatial Structure Learning,Nível 2,Nível 3,0.814,Conclusions and Discussions > Challenges,A Survey on Visual Transformers > 3 Attention Mechanisms and Learning Processes > 3.6 Theoretical Foundations of Spatial Structure Learning,396,768
Challenges,3.6 Theoretical Foundations of Spatial Structure Learning,Nível 1,Nível 3,0.814,Challenges,A Survey on Visual Transformers > 3 Attention Mechanisms and Learning Processes > 3.6 Theoretical Foundations of Spatial Structure Learning,396,768
Backbone for Representation Learning,3.9 Principle of Diversity and Redundancy Reduction,Nível 3,Nível 3,0.8135,root > Vision Transformer > Backbone for Representation Learning,A Survey on Visual Transformers > 3 Attention Mechanisms and Learning Processes > 3.9 Principle of Diversity and Redundancy Reduction,195,899
Segmentation,5.2 Object Detection,Nível 4,Nível 3,0.8135,root > Vision Transformer > High/Mid-level Vision > Segmentation,A Survey on Visual Transformers > 5 Applications and Performance Analysis > 5.2 Object Detection,512,810
Discussions,6.4 Future Research Directions,Nível 4,Nível 3,0.8135,root > Vision Transformer > High/Mid-level Vision > Discussions,A Survey on Visual Transformers > 6 Challenges and Future Directions > 6.4 Future Research Directions,197,870
Image Processing,5.5 Low-Level Vision Tasks,Nível 4,Nível 3,0.8135,root > Vision Transformer > Low-level Vision > Image Processing,A Survey on Visual Transformers > 5 Applications and Performance Analysis > 5.5 Low-Level Vision Tasks,688,1226
Future Prospects,2.6 Token Pruning and Merging Techniques,Nível 3,Nível 3,0.8135,root > Conclusions and Discussions > Future Prospects,A Survey on Visual Transformers > 2 Architectural Innovations in Visual Transformers > 2.6 Token Pruning and Merging Techniques,2535,595
Backbone for Representation Learning,3.9 Principle of Diversity and Redundancy Reduction,Nível 2,Nível 3,0.8135,Vision Transformer > Backbone for Representation Learning,A Survey on Visual Transformers > 3 Attention Mechanisms and Learning Processes > 3.9 Principle of Diversity and Redundancy Reduction,195,899
Segmentation,5.2 Object Detection,Nível 3,Nível 3,0.8135,Vision Transformer > High/Mid-level Vision > Segmentation,A Survey on Visual Transformers > 5 Applications and Performance Analysis > 5.2 Object Detection,512,810
Discussions,6.4 Future Research Directions,Nível 3,Nível 3,0.8135,Vision Transformer > High/Mid-level Vision > Discussions,A Survey on Visual Transformers > 6 Challenges and Future Directions > 6.4 Future Research Directions,197,870
Image Processing,5.5 Low-Level Vision Tasks,Nível 3,Nível 3,0.8135,Vision Transformer > Low-level Vision > Image Processing,A Survey on Visual Transformers > 5 Applications and Performance Analysis > 5.5 Low-Level Vision Tasks,688,1226
Backbone for Representation Learning,3.9 Principle of Diversity and Redundancy Reduction,Nível 1,Nível 3,0.8135,Backbone for Representation Learning,A Survey on Visual Transformers > 3 Attention Mechanisms and Learning Processes > 3.9 Principle of Diversity and Redundancy Reduction,195,899
Segmentation,5.2 Object Detection,Nível 2,Nível 3,0.8135,High/Mid-level Vision > Segmentation,A Survey on Visual Transformers > 5 Applications and Performance Analysis > 5.2 Object Detection,512,810
Discussions,6.4 Future Research Directions,Nível 2,Nível 3,0.8135,High/Mid-level Vision > Discussions,A Survey on Visual Transformers > 6 Challenges and Future Directions > 6.4 Future Research Directions,197,870
Segmentation,5.2 Object Detection,Nível 1,Nível 3,0.8135,Segmentation,A Survey on Visual Transformers > 5 Applications and Performance Analysis > 5.2 Object Detection,512,810
Discussions,6.4 Future Research Directions,Nível 1,Nível 3,0.8135,Discussions,A Survey on Visual Transformers > 6 Challenges and Future Directions > 6.4 Future Research Directions,197,870
Image Processing,5.5 Low-Level Vision Tasks,Nível 2,Nível 3,0.8135,Low-level Vision > Image Processing,A Survey on Visual Transformers > 5 Applications and Performance Analysis > 5.5 Low-Level Vision Tasks,688,1226
Image Processing,5.5 Low-Level Vision Tasks,Nível 1,Nível 3,0.8135,Image Processing,A Survey on Visual Transformers > 5 Applications and Performance Analysis > 5.5 Low-Level Vision Tasks,688,1226
Future Prospects,2.6 Token Pruning and Merging Techniques,Nível 2,Nível 3,0.8135,Conclusions and Discussions > Future Prospects,A Survey on Visual Transformers > 2 Architectural Innovations in Visual Transformers > 2.6 Token Pruning and Merging Techniques,2535,595
Future Prospects,2.6 Token Pruning and Merging Techniques,Nível 1,Nível 3,0.8135,Future Prospects,A Survey on Visual Transformers > 2 Architectural Innovations in Visual Transformers > 2.6 Token Pruning and Merging Techniques,2535,595
Pure Transformer,3.9 Principle of Diversity and Redundancy Reduction,Nível 4,Nível 3,0.813,root > Vision Transformer > Backbone for Representation Learning > Pure Transformer,A Survey on Visual Transformers > 3 Attention Mechanisms and Learning Processes > 3.9 Principle of Diversity and Redundancy Reduction,1415,899
Self-supervised Representation Learning,6.3 Data Requirements,Nível 4,Nível 3,0.813,root > Vision Transformer > Backbone for Representation Learning > Self-supervised Representation Learning,A Survey on Visual Transformers > 6 Challenges and Future Directions > 6.3 Data Requirements,982,704
Low-level Vision,5.5 Low-Level Vision Tasks,Nível 3,Nível 3,0.813,root > Vision Transformer > Low-level Vision,A Survey on Visual Transformers > 5 Applications and Performance Analysis > 5.5 Low-Level Vision Tasks,62,1226
Pure Transformer,3.9 Principle of Diversity and Redundancy Reduction,Nível 3,Nível 3,0.813,Vision Transformer > Backbone for Representation Learning > Pure Transformer,A Survey on Visual Transformers > 3 Attention Mechanisms and Learning Processes > 3.9 Principle of Diversity and Redundancy Reduction,1415,899
Self-supervised Representation Learning,6.3 Data Requirements,Nível 3,Nível 3,0.813,Vision Transformer > Backbone for Representation Learning > Self-supervised Representation Learning,A Survey on Visual Transformers > 6 Challenges and Future Directions > 6.3 Data Requirements,982,704
Low-level Vision,5.5 Low-Level Vision Tasks,Nível 2,Nível 3,0.813,Vision Transformer > Low-level Vision,A Survey on Visual Transformers > 5 Applications and Performance Analysis > 5.5 Low-Level Vision Tasks,62,1226
Pure Transformer,3.9 Principle of Diversity and Redundancy Reduction,Nível 2,Nível 3,0.813,Backbone for Representation Learning > Pure Transformer,A Survey on Visual Transformers > 3 Attention Mechanisms and Learning Processes > 3.9 Principle of Diversity and Redundancy Reduction,1415,899
Self-supervised Representation Learning,6.3 Data Requirements,Nível 2,Nível 3,0.813,Backbone for Representation Learning > Self-supervised Representation Learning,A Survey on Visual Transformers > 6 Challenges and Future Directions > 6.3 Data Requirements,982,704
Pure Transformer,3.9 Principle of Diversity and Redundancy Reduction,Nível 1,Nível 3,0.813,Pure Transformer,A Survey on Visual Transformers > 3 Attention Mechanisms and Learning Processes > 3.9 Principle of Diversity and Redundancy Reduction,1415,899
Self-supervised Representation Learning,6.3 Data Requirements,Nível 1,Nível 3,0.813,Self-supervised Representation Learning,A Survey on Visual Transformers > 6 Challenges and Future Directions > 6.3 Data Requirements,982,704
Low-level Vision,5.5 Low-Level Vision Tasks,Nível 1,Nível 3,0.813,Low-level Vision,A Survey on Visual Transformers > 5 Applications and Performance Analysis > 5.5 Low-Level Vision Tasks,62,1226
Backbone for Representation Learning,3.6 Theoretical Foundations of Spatial Structure Learning,Nível 3,Nível 3,0.8125,root > Vision Transformer > Backbone for Representation Learning,A Survey on Visual Transformers > 3 Attention Mechanisms and Learning Processes > 3.6 Theoretical Foundations of Spatial Structure Learning,195,768
Backbone for Representation Learning,3.6 Theoretical Foundations of Spatial Structure Learning,Nível 2,Nível 3,0.8125,Vision Transformer > Backbone for Representation Learning,A Survey on Visual Transformers > 3 Attention Mechanisms and Learning Processes > 3.6 Theoretical Foundations of Spatial Structure Learning,195,768
Backbone for Representation Learning,3.6 Theoretical Foundations of Spatial Structure Learning,Nível 1,Nível 3,0.8125,Backbone for Representation Learning,A Survey on Visual Transformers > 3 Attention Mechanisms and Learning Processes > 3.6 Theoretical Foundations of Spatial Structure Learning,195,768
Pure Transformer,3.2 Scale-Invariant Feature Transforms (SIFT) for Enhanced Interpretability,Nível 4,Nível 3,0.812,root > Vision Transformer > Backbone for Representation Learning > Pure Transformer,A Survey on Visual Transformers > 3 Attention Mechanisms and Learning Processes > 3.2 Scale-Invariant Feature Transforms (SIFT) for Enhanced Interpretability,1415,783
Low-level Video Processing,5.4 Video Understanding,Nível 4,Nível 3,0.812,root > Vision Transformer > Video Processing > Low-level Video Processing,A Survey on Visual Transformers > 5 Applications and Performance Analysis > 5.4 Video Understanding,145,694
Pure Transformer,3.2 Scale-Invariant Feature Transforms (SIFT) for Enhanced Interpretability,Nível 3,Nível 3,0.812,Vision Transformer > Backbone for Representation Learning > Pure Transformer,A Survey on Visual Transformers > 3 Attention Mechanisms and Learning Processes > 3.2 Scale-Invariant Feature Transforms (SIFT) for Enhanced Interpretability,1415,783
Low-level Video Processing,5.4 Video Understanding,Nível 3,Nível 3,0.812,Vision Transformer > Video Processing > Low-level Video Processing,A Survey on Visual Transformers > 5 Applications and Performance Analysis > 5.4 Video Understanding,145,694
Pure Transformer,3.2 Scale-Invariant Feature Transforms (SIFT) for Enhanced Interpretability,Nível 2,Nível 3,0.812,Backbone for Representation Learning > Pure Transformer,A Survey on Visual Transformers > 3 Attention Mechanisms and Learning Processes > 3.2 Scale-Invariant Feature Transforms (SIFT) for Enhanced Interpretability,1415,783
Pure Transformer,3.2 Scale-Invariant Feature Transforms (SIFT) for Enhanced Interpretability,Nível 1,Nível 3,0.812,Pure Transformer,A Survey on Visual Transformers > 3 Attention Mechanisms and Learning Processes > 3.2 Scale-Invariant Feature Transforms (SIFT) for Enhanced Interpretability,1415,783
Low-level Video Processing,5.4 Video Understanding,Nível 2,Nível 3,0.812,Video Processing > Low-level Video Processing,A Survey on Visual Transformers > 5 Applications and Performance Analysis > 5.4 Video Understanding,145,694
Low-level Video Processing,5.4 Video Understanding,Nível 1,Nível 3,0.812,Low-level Video Processing,A Survey on Visual Transformers > 5 Applications and Performance Analysis > 5.4 Video Understanding,145,694
Discussions,3.2 Scale-Invariant Feature Transforms (SIFT) for Enhanced Interpretability,Nível 4,Nível 3,0.8115,root > Vision Transformer > High/Mid-level Vision > Discussions,A Survey on Visual Transformers > 3 Attention Mechanisms and Learning Processes > 3.2 Scale-Invariant Feature Transforms (SIFT) for Enhanced Interpretability,197,783
Image Generation,5.5 Low-Level Vision Tasks,Nível 4,Nível 3,0.8115,root > Vision Transformer > Low-level Vision > Image Generation,A Survey on Visual Transformers > 5 Applications and Performance Analysis > 5.5 Low-Level Vision Tasks,669,1226
Pruning and Decomposition,3.1 Understanding Self-Attention Mechanisms in ViTs,Nível 4,Nível 3,0.8115,root > Vision Transformer > Efficient Transformer > Pruning and Decomposition,A Survey on Visual Transformers > 3 Attention Mechanisms and Learning Processes > 3.1 Understanding Self-Attention Mechanisms in ViTs,479,793
Pruning and Decomposition,3.6 Theoretical Foundations of Spatial Structure Learning,Nível 4,Nível 3,0.8115,root > Vision Transformer > Efficient Transformer > Pruning and Decomposition,A Survey on Visual Transformers > 3 Attention Mechanisms and Learning Processes > 3.6 Theoretical Foundations of Spatial Structure Learning,479,768
Compact Architecture Design,3.6 Theoretical Foundations of Spatial Structure Learning,Nível 4,Nível 3,0.8115,root > Vision Transformer > Efficient Transformer > Compact Architecture Design,A Survey on Visual Transformers > 3 Attention Mechanisms and Learning Processes > 3.6 Theoretical Foundations of Spatial Structure Learning,369,768
Discussions,3.2 Scale-Invariant Feature Transforms (SIFT) for Enhanced Interpretability,Nível 3,Nível 3,0.8115,Vision Transformer > High/Mid-level Vision > Discussions,A Survey on Visual Transformers > 3 Attention Mechanisms and Learning Processes > 3.2 Scale-Invariant Feature Transforms (SIFT) for Enhanced Interpretability,197,783
Image Generation,5.5 Low-Level Vision Tasks,Nível 3,Nível 3,0.8115,Vision Transformer > Low-level Vision > Image Generation,A Survey on Visual Transformers > 5 Applications and Performance Analysis > 5.5 Low-Level Vision Tasks,669,1226
Pruning and Decomposition,3.1 Understanding Self-Attention Mechanisms in ViTs,Nível 3,Nível 3,0.8115,Vision Transformer > Efficient Transformer > Pruning and Decomposition,A Survey on Visual Transformers > 3 Attention Mechanisms and Learning Processes > 3.1 Understanding Self-Attention Mechanisms in ViTs,479,793
Pruning and Decomposition,3.6 Theoretical Foundations of Spatial Structure Learning,Nível 3,Nível 3,0.8115,Vision Transformer > Efficient Transformer > Pruning and Decomposition,A Survey on Visual Transformers > 3 Attention Mechanisms and Learning Processes > 3.6 Theoretical Foundations of Spatial Structure Learning,479,768
Compact Architecture Design,3.6 Theoretical Foundations of Spatial Structure Learning,Nível 3,Nível 3,0.8115,Vision Transformer > Efficient Transformer > Compact Architecture Design,A Survey on Visual Transformers > 3 Attention Mechanisms and Learning Processes > 3.6 Theoretical Foundations of Spatial Structure Learning,369,768
Discussions,3.2 Scale-Invariant Feature Transforms (SIFT) for Enhanced Interpretability,Nível 2,Nível 3,0.8115,High/Mid-level Vision > Discussions,A Survey on Visual Transformers > 3 Attention Mechanisms and Learning Processes > 3.2 Scale-Invariant Feature Transforms (SIFT) for Enhanced Interpretability,197,783
Discussions,3.2 Scale-Invariant Feature Transforms (SIFT) for Enhanced Interpretability,Nível 1,Nível 3,0.8115,Discussions,A Survey on Visual Transformers > 3 Attention Mechanisms and Learning Processes > 3.2 Scale-Invariant Feature Transforms (SIFT) for Enhanced Interpretability,197,783
Image Generation,5.5 Low-Level Vision Tasks,Nível 2,Nível 3,0.8115,Low-level Vision > Image Generation,A Survey on Visual Transformers > 5 Applications and Performance Analysis > 5.5 Low-Level Vision Tasks,669,1226
Image Generation,5.5 Low-Level Vision Tasks,Nível 1,Nível 3,0.8115,Image Generation,A Survey on Visual Transformers > 5 Applications and Performance Analysis > 5.5 Low-Level Vision Tasks,669,1226
Pruning and Decomposition,3.1 Understanding Self-Attention Mechanisms in ViTs,Nível 2,Nível 3,0.8115,Efficient Transformer > Pruning and Decomposition,A Survey on Visual Transformers > 3 Attention Mechanisms and Learning Processes > 3.1 Understanding Self-Attention Mechanisms in ViTs,479,793
Pruning and Decomposition,3.6 Theoretical Foundations of Spatial Structure Learning,Nível 2,Nível 3,0.8115,Efficient Transformer > Pruning and Decomposition,A Survey on Visual Transformers > 3 Attention Mechanisms and Learning Processes > 3.6 Theoretical Foundations of Spatial Structure Learning,479,768
Compact Architecture Design,3.6 Theoretical Foundations of Spatial Structure Learning,Nível 2,Nível 3,0.8115,Efficient Transformer > Compact Architecture Design,A Survey on Visual Transformers > 3 Attention Mechanisms and Learning Processes > 3.6 Theoretical Foundations of Spatial Structure Learning,369,768
Pruning and Decomposition,3.1 Understanding Self-Attention Mechanisms in ViTs,Nível 1,Nível 3,0.8115,Pruning and Decomposition,A Survey on Visual Transformers > 3 Attention Mechanisms and Learning Processes > 3.1 Understanding Self-Attention Mechanisms in ViTs,479,793
Pruning and Decomposition,3.6 Theoretical Foundations of Spatial Structure Learning,Nível 1,Nível 3,0.8115,Pruning and Decomposition,A Survey on Visual Transformers > 3 Attention Mechanisms and Learning Processes > 3.6 Theoretical Foundations of Spatial Structure Learning,479,768
Compact Architecture Design,3.6 Theoretical Foundations of Spatial Structure Learning,Nível 1,Nível 3,0.8115,Compact Architecture Design,A Survey on Visual Transformers > 3 Attention Mechanisms and Learning Processes > 3.6 Theoretical Foundations of Spatial Structure Learning,369,768
Pure Transformer,6.1 Interpretability Issues,Nível 4,Nível 3,0.811,root > Vision Transformer > Backbone for Representation Learning > Pure Transformer,A Survey on Visual Transformers > 6 Challenges and Future Directions > 6.1 Interpretability Issues,1415,652
Generic Object Detection,2.9 Convolutions in Vision Transformers,Nível 4,Nível 3,0.811,root > Vision Transformer > High/Mid-level Vision > Generic Object Detection,A Survey on Visual Transformers > 2 Architectural Innovations in Visual Transformers > 2.9 Convolutions in Vision Transformers,1866,710
Other Tasks,References,Nível 4,Nível 2,0.811,root > Vision Transformer > High/Mid-level Vision > Other Tasks,A Survey on Visual Transformers > References,795,642
Multi-Modal Tasks,5.4 Video Understanding,Nível 3,Nível 3,0.811,root > Vision Transformer > Multi-Modal Tasks,A Survey on Visual Transformers > 5 Applications and Performance Analysis > 5.4 Video Understanding,717,694
Pruning and Decomposition,References,Nível 4,Nível 2,0.811,root > Vision Transformer > Efficient Transformer > Pruning and Decomposition,A Survey on Visual Transformers > References,479,642
Conclusions and Discussions,5.5 Low-Level Vision Tasks,Nível 2,Nível 3,0.811,root > Conclusions and Discussions,A Survey on Visual Transformers > 5 Applications and Performance Analysis > 5.5 Low-Level Vision Tasks,104,1226
Pure Transformer,6.1 Interpretability Issues,Nível 3,Nível 3,0.811,Vision Transformer > Backbone for Representation Learning > Pure Transformer,A Survey on Visual Transformers > 6 Challenges and Future Directions > 6.1 Interpretability Issues,1415,652
Generic Object Detection,2.9 Convolutions in Vision Transformers,Nível 3,Nível 3,0.811,Vision Transformer > High/Mid-level Vision > Generic Object Detection,A Survey on Visual Transformers > 2 Architectural Innovations in Visual Transformers > 2.9 Convolutions in Vision Transformers,1866,710
Other Tasks,References,Nível 3,Nível 2,0.811,Vision Transformer > High/Mid-level Vision > Other Tasks,A Survey on Visual Transformers > References,795,642
Multi-Modal Tasks,5.4 Video Understanding,Nível 2,Nível 3,0.811,Vision Transformer > Multi-Modal Tasks,A Survey on Visual Transformers > 5 Applications and Performance Analysis > 5.4 Video Understanding,717,694
Pruning and Decomposition,References,Nível 3,Nível 2,0.811,Vision Transformer > Efficient Transformer > Pruning and Decomposition,A Survey on Visual Transformers > References,479,642
Pure Transformer,6.1 Interpretability Issues,Nível 2,Nível 3,0.811,Backbone for Representation Learning > Pure Transformer,A Survey on Visual Transformers > 6 Challenges and Future Directions > 6.1 Interpretability Issues,1415,652
Pure Transformer,6.1 Interpretability Issues,Nível 1,Nível 3,0.811,Pure Transformer,A Survey on Visual Transformers > 6 Challenges and Future Directions > 6.1 Interpretability Issues,1415,652
Generic Object Detection,2.9 Convolutions in Vision Transformers,Nível 2,Nível 3,0.811,High/Mid-level Vision > Generic Object Detection,A Survey on Visual Transformers > 2 Architectural Innovations in Visual Transformers > 2.9 Convolutions in Vision Transformers,1866,710
Other Tasks,References,Nível 2,Nível 2,0.811,High/Mid-level Vision > Other Tasks,A Survey on Visual Transformers > References,795,642
Generic Object Detection,2.9 Convolutions in Vision Transformers,Nível 1,Nível 3,0.811,Generic Object Detection,A Survey on Visual Transformers > 2 Architectural Innovations in Visual Transformers > 2.9 Convolutions in Vision Transformers,1866,710
Other Tasks,References,Nível 1,Nível 2,0.811,Other Tasks,A Survey on Visual Transformers > References,795,642
Multi-Modal Tasks,5.4 Video Understanding,Nível 1,Nível 3,0.811,Multi-Modal Tasks,A Survey on Visual Transformers > 5 Applications and Performance Analysis > 5.4 Video Understanding,717,694
Pruning and Decomposition,References,Nível 2,Nível 2,0.811,Efficient Transformer > Pruning and Decomposition,A Survey on Visual Transformers > References,479,642
Pruning and Decomposition,References,Nível 1,Nível 2,0.811,Pruning and Decomposition,A Survey on Visual Transformers > References,479,642
Conclusions and Discussions,5.5 Low-Level Vision Tasks,Nível 1,Nível 3,0.811,Conclusions and Discussions,A Survey on Visual Transformers > 5 Applications and Performance Analysis > 5.5 Low-Level Vision Tasks,104,1226
Discussions,5.5 Low-Level Vision Tasks,Nível 4,Nível 3,0.8105,root > Vision Transformer > High/Mid-level Vision > Discussions,A Survey on Visual Transformers > 5 Applications and Performance Analysis > 5.5 Low-Level Vision Tasks,197,1226
Future Prospects,5.4 Video Understanding,Nível 3,Nível 3,0.8105,root > Conclusions and Discussions > Future Prospects,A Survey on Visual Transformers > 5 Applications and Performance Analysis > 5.4 Video Understanding,2535,694
Discussions,5.5 Low-Level Vision Tasks,Nível 3,Nível 3,0.8105,Vision Transformer > High/Mid-level Vision > Discussions,A Survey on Visual Transformers > 5 Applications and Performance Analysis > 5.5 Low-Level Vision Tasks,197,1226
Discussions,5.5 Low-Level Vision Tasks,Nível 2,Nível 3,0.8105,High/Mid-level Vision > Discussions,A Survey on Visual Transformers > 5 Applications and Performance Analysis > 5.5 Low-Level Vision Tasks,197,1226
Discussions,5.5 Low-Level Vision Tasks,Nível 1,Nível 3,0.8105,Discussions,A Survey on Visual Transformers > 5 Applications and Performance Analysis > 5.5 Low-Level Vision Tasks,197,1226
Future Prospects,5.4 Video Understanding,Nível 2,Nível 3,0.8105,Conclusions and Discussions > Future Prospects,A Survey on Visual Transformers > 5 Applications and Performance Analysis > 5.4 Video Understanding,2535,694
Future Prospects,5.4 Video Understanding,Nível 1,Nível 3,0.8105,Future Prospects,A Survey on Visual Transformers > 5 Applications and Performance Analysis > 5.4 Video Understanding,2535,694
Vision Transformer,2.9 Convolutions in Vision Transformers,Nível 2,Nível 3,0.81,root > Vision Transformer,A Survey on Visual Transformers > 2 Architectural Innovations in Visual Transformers > 2.9 Convolutions in Vision Transformers,54,710
Pure Transformer,1.4 Inductive Biases and Data Requirements,Nível 4,Nível 3,0.81,root > Vision Transformer > Backbone for Representation Learning > Pure Transformer,A Survey on Visual Transformers > 1 Introduction to Visual Transformers > 1.4 Inductive Biases and Data Requirements,1415,931
Challenges,2.6 Token Pruning and Merging Techniques,Nível 3,Nível 3,0.81,root > Conclusions and Discussions > Challenges,A Survey on Visual Transformers > 2 Architectural Innovations in Visual Transformers > 2.6 Token Pruning and Merging Techniques,396,595
Vision Transformer,2.9 Convolutions in Vision Transformers,Nível 1,Nível 3,0.81,Vision Transformer,A Survey on Visual Transformers > 2 Architectural Innovations in Visual Transformers > 2.9 Convolutions in Vision Transformers,54,710
Pure Transformer,1.4 Inductive Biases and Data Requirements,Nível 3,Nível 3,0.81,Vision Transformer > Backbone for Representation Learning > Pure Transformer,A Survey on Visual Transformers > 1 Introduction to Visual Transformers > 1.4 Inductive Biases and Data Requirements,1415,931
Pure Transformer,1.4 Inductive Biases and Data Requirements,Nível 2,Nível 3,0.81,Backbone for Representation Learning > Pure Transformer,A Survey on Visual Transformers > 1 Introduction to Visual Transformers > 1.4 Inductive Biases and Data Requirements,1415,931
Pure Transformer,1.4 Inductive Biases and Data Requirements,Nível 1,Nível 3,0.81,Pure Transformer,A Survey on Visual Transformers > 1 Introduction to Visual Transformers > 1.4 Inductive Biases and Data Requirements,1415,931
Challenges,2.6 Token Pruning and Merging Techniques,Nível 2,Nível 3,0.81,Conclusions and Discussions > Challenges,A Survey on Visual Transformers > 2 Architectural Innovations in Visual Transformers > 2.6 Token Pruning and Merging Techniques,396,595
Challenges,2.6 Token Pruning and Merging Techniques,Nível 1,Nível 3,0.81,Challenges,A Survey on Visual Transformers > 2 Architectural Innovations in Visual Transformers > 2.6 Token Pruning and Merging Techniques,396,595
Vision Transformer,5.1 Image Classification,Nível 2,Nível 3,0.8096,root > Vision Transformer,A Survey on Visual Transformers > 5 Applications and Performance Analysis > 5.1 Image Classification,54,574
Backbone for Representation Learning,6.4 Future Research Directions,Nível 3,Nível 3,0.8096,root > Vision Transformer > Backbone for Representation Learning,A Survey on Visual Transformers > 6 Challenges and Future Directions > 6.4 Future Research Directions,195,870
Transformer with Convolution,5.6 Multi-Modal and Cross-Modal Tasks,Nível 4,Nível 3,0.8096,root > Vision Transformer > Backbone for Representation Learning > Transformer with Convolution,A Survey on Visual Transformers > 5 Applications and Performance Analysis > 5.6 Multi-Modal and Cross-Modal Tasks,425,72
Vision Transformer,5.1 Image Classification,Nível 1,Nível 3,0.8096,Vision Transformer,A Survey on Visual Transformers > 5 Applications and Performance Analysis > 5.1 Image Classification,54,574
Backbone for Representation Learning,6.4 Future Research Directions,Nível 2,Nível 3,0.8096,Vision Transformer > Backbone for Representation Learning,A Survey on Visual Transformers > 6 Challenges and Future Directions > 6.4 Future Research Directions,195,870
Transformer with Convolution,5.6 Multi-Modal and Cross-Modal Tasks,Nível 3,Nível 3,0.8096,Vision Transformer > Backbone for Representation Learning > Transformer with Convolution,A Survey on Visual Transformers > 5 Applications and Performance Analysis > 5.6 Multi-Modal and Cross-Modal Tasks,425,72
Backbone for Representation Learning,6.4 Future Research Directions,Nível 1,Nível 3,0.8096,Backbone for Representation Learning,A Survey on Visual Transformers > 6 Challenges and Future Directions > 6.4 Future Research Directions,195,870
Transformer with Convolution,5.6 Multi-Modal and Cross-Modal Tasks,Nível 2,Nível 3,0.8096,Backbone for Representation Learning > Transformer with Convolution,A Survey on Visual Transformers > 5 Applications and Performance Analysis > 5.6 Multi-Modal and Cross-Modal Tasks,425,72
Transformer with Convolution,5.6 Multi-Modal and Cross-Modal Tasks,Nível 1,Nível 3,0.8096,Transformer with Convolution,A Survey on Visual Transformers > 5 Applications and Performance Analysis > 5.6 Multi-Modal and Cross-Modal Tasks,425,72
Pure Transformer,5.4 Video Understanding,Nível 4,Nível 3,0.809,root > Vision Transformer > Backbone for Representation Learning > Pure Transformer,A Survey on Visual Transformers > 5 Applications and Performance Analysis > 5.4 Video Understanding,1415,694
Transformer with Convolution,3.5 Enhancing Efficiency with Uniform Attention,Nível 4,Nível 3,0.809,root > Vision Transformer > Backbone for Representation Learning > Transformer with Convolution,A Survey on Visual Transformers > 3 Attention Mechanisms and Learning Processes > 3.5 Enhancing Efficiency with Uniform Attention,425,613
Pruning and Decomposition,1.1 Historical Context and Development,Nível 4,Nível 3,0.809,root > Vision Transformer > Efficient Transformer > Pruning and Decomposition,A Survey on Visual Transformers > 1 Introduction to Visual Transformers > 1.1 Historical Context and Development,479,507
Pure Transformer,5.4 Video Understanding,Nível 3,Nível 3,0.809,Vision Transformer > Backbone for Representation Learning > Pure Transformer,A Survey on Visual Transformers > 5 Applications and Performance Analysis > 5.4 Video Understanding,1415,694
Transformer with Convolution,3.5 Enhancing Efficiency with Uniform Attention,Nível 3,Nível 3,0.809,Vision Transformer > Backbone for Representation Learning > Transformer with Convolution,A Survey on Visual Transformers > 3 Attention Mechanisms and Learning Processes > 3.5 Enhancing Efficiency with Uniform Attention,425,613
Pruning and Decomposition,1.1 Historical Context and Development,Nível 3,Nível 3,0.809,Vision Transformer > Efficient Transformer > Pruning and Decomposition,A Survey on Visual Transformers > 1 Introduction to Visual Transformers > 1.1 Historical Context and Development,479,507
Pure Transformer,5.4 Video Understanding,Nível 2,Nível 3,0.809,Backbone for Representation Learning > Pure Transformer,A Survey on Visual Transformers > 5 Applications and Performance Analysis > 5.4 Video Understanding,1415,694
Transformer with Convolution,3.5 Enhancing Efficiency with Uniform Attention,Nível 2,Nível 3,0.809,Backbone for Representation Learning > Transformer with Convolution,A Survey on Visual Transformers > 3 Attention Mechanisms and Learning Processes > 3.5 Enhancing Efficiency with Uniform Attention,425,613
Pure Transformer,5.4 Video Understanding,Nível 1,Nível 3,0.809,Pure Transformer,A Survey on Visual Transformers > 5 Applications and Performance Analysis > 5.4 Video Understanding,1415,694
Transformer with Convolution,3.5 Enhancing Efficiency with Uniform Attention,Nível 1,Nível 3,0.809,Transformer with Convolution,A Survey on Visual Transformers > 3 Attention Mechanisms and Learning Processes > 3.5 Enhancing Efficiency with Uniform Attention,425,613
Pruning and Decomposition,1.1 Historical Context and Development,Nível 2,Nível 3,0.809,Efficient Transformer > Pruning and Decomposition,A Survey on Visual Transformers > 1 Introduction to Visual Transformers > 1.1 Historical Context and Development,479,507
Pruning and Decomposition,1.1 Historical Context and Development,Nível 1,Nível 3,0.809,Pruning and Decomposition,A Survey on Visual Transformers > 1 Introduction to Visual Transformers > 1.1 Historical Context and Development,479,507
Pure Transformer,2.7 Global Dependencies with GrafT,Nível 4,Nível 3,0.8086,root > Vision Transformer > Backbone for Representation Learning > Pure Transformer,A Survey on Visual Transformers > 2 Architectural Innovations in Visual Transformers > 2.7 Global Dependencies with GrafT,1415,591
Self-supervised Representation Learning,2.8 Discrete Representations for Robustness,Nível 4,Nível 3,0.8086,root > Vision Transformer > Backbone for Representation Learning > Self-supervised Representation Learning,A Survey on Visual Transformers > 2 Architectural Innovations in Visual Transformers > 2.8 Discrete Representations for Robustness,982,925
Pure Transformer,2.7 Global Dependencies with GrafT,Nível 3,Nível 3,0.8086,Vision Transformer > Backbone for Representation Learning > Pure Transformer,A Survey on Visual Transformers > 2 Architectural Innovations in Visual Transformers > 2.7 Global Dependencies with GrafT,1415,591
Self-supervised Representation Learning,2.8 Discrete Representations for Robustness,Nível 3,Nível 3,0.8086,Vision Transformer > Backbone for Representation Learning > Self-supervised Representation Learning,A Survey on Visual Transformers > 2 Architectural Innovations in Visual Transformers > 2.8 Discrete Representations for Robustness,982,925
Pure Transformer,2.7 Global Dependencies with GrafT,Nível 2,Nível 3,0.8086,Backbone for Representation Learning > Pure Transformer,A Survey on Visual Transformers > 2 Architectural Innovations in Visual Transformers > 2.7 Global Dependencies with GrafT,1415,591
Self-supervised Representation Learning,2.8 Discrete Representations for Robustness,Nível 2,Nível 3,0.8086,Backbone for Representation Learning > Self-supervised Representation Learning,A Survey on Visual Transformers > 2 Architectural Innovations in Visual Transformers > 2.8 Discrete Representations for Robustness,982,925
Pure Transformer,2.7 Global Dependencies with GrafT,Nível 1,Nível 3,0.8086,Pure Transformer,A Survey on Visual Transformers > 2 Architectural Innovations in Visual Transformers > 2.7 Global Dependencies with GrafT,1415,591
Self-supervised Representation Learning,2.8 Discrete Representations for Robustness,Nível 1,Nível 3,0.8086,Self-supervised Representation Learning,A Survey on Visual Transformers > 2 Architectural Innovations in Visual Transformers > 2.8 Discrete Representations for Robustness,982,925
Pure Transformer,Versatility and Limitations,Nível 4,Nível 3,0.808,root > Vision Transformer > Backbone for Representation Learning > Pure Transformer,A Survey on Visual Transformers > 5 Applications and Performance Analysis > Versatility and Limitations,1415,180
Pure Transformer,Versatility and Limitations,Nível 3,Nível 3,0.808,Vision Transformer > Backbone for Representation Learning > Pure Transformer,A Survey on Visual Transformers > 5 Applications and Performance Analysis > Versatility and Limitations,1415,180
Pure Transformer,Versatility and Limitations,Nível 2,Nível 3,0.808,Backbone for Representation Learning > Pure Transformer,A Survey on Visual Transformers > 5 Applications and Performance Analysis > Versatility and Limitations,1415,180
Pure Transformer,Versatility and Limitations,Nível 1,Nível 3,0.808,Pure Transformer,A Survey on Visual Transformers > 5 Applications and Performance Analysis > Versatility and Limitations,1415,180
Discussions,1.2 Key Concepts and Architecture Overview,Nível 4,Nível 3,0.8076,root > Vision Transformer > Backbone for Representation Learning > Discussions,A Survey on Visual Transformers > 1 Introduction to Visual Transformers > 1.2 Key Concepts and Architecture Overview,117,580
Generic Object Detection,5.1 Image Classification,Nível 4,Nível 3,0.8076,root > Vision Transformer > High/Mid-level Vision > Generic Object Detection,A Survey on Visual Transformers > 5 Applications and Performance Analysis > 5.1 Image Classification,1866,574
Discussions,Visual Grounding,Nível 4,Nível 3,0.8076,root > Vision Transformer > High/Mid-level Vision > Discussions,A Survey on Visual Transformers > 5 Applications and Performance Analysis > Visual Grounding,197,175
Conclusions and Discussions,3.4 Data Requirements and Learning Flexibility,Nível 2,Nível 3,0.8076,root > Conclusions and Discussions,A Survey on Visual Transformers > 3 Attention Mechanisms and Learning Processes > 3.4 Data Requirements and Learning Flexibility,104,755
Conclusions and Discussions,5.4 Video Understanding,Nível 2,Nível 3,0.8076,root > Conclusions and Discussions,A Survey on Visual Transformers > 5 Applications and Performance Analysis > 5.4 Video Understanding,104,694
Future Prospects,6.1 Interpretability Issues,Nível 3,Nível 3,0.8076,root > Conclusions and Discussions > Future Prospects,A Survey on Visual Transformers > 6 Challenges and Future Directions > 6.1 Interpretability Issues,2535,652
Discussions,1.2 Key Concepts and Architecture Overview,Nível 3,Nível 3,0.8076,Vision Transformer > Backbone for Representation Learning > Discussions,A Survey on Visual Transformers > 1 Introduction to Visual Transformers > 1.2 Key Concepts and Architecture Overview,117,580
Generic Object Detection,5.1 Image Classification,Nível 3,Nível 3,0.8076,Vision Transformer > High/Mid-level Vision > Generic Object Detection,A Survey on Visual Transformers > 5 Applications and Performance Analysis > 5.1 Image Classification,1866,574
Discussions,Visual Grounding,Nível 3,Nível 3,0.8076,Vision Transformer > High/Mid-level Vision > Discussions,A Survey on Visual Transformers > 5 Applications and Performance Analysis > Visual Grounding,197,175
Discussions,1.2 Key Concepts and Architecture Overview,Nível 2,Nível 3,0.8076,Backbone for Representation Learning > Discussions,A Survey on Visual Transformers > 1 Introduction to Visual Transformers > 1.2 Key Concepts and Architecture Overview,117,580
Discussions,1.2 Key Concepts and Architecture Overview,Nível 1,Nível 3,0.8076,Discussions,A Survey on Visual Transformers > 1 Introduction to Visual Transformers > 1.2 Key Concepts and Architecture Overview,117,580
Generic Object Detection,5.1 Image Classification,Nível 2,Nível 3,0.8076,High/Mid-level Vision > Generic Object Detection,A Survey on Visual Transformers > 5 Applications and Performance Analysis > 5.1 Image Classification,1866,574
Discussions,Visual Grounding,Nível 2,Nível 3,0.8076,High/Mid-level Vision > Discussions,A Survey on Visual Transformers > 5 Applications and Performance Analysis > Visual Grounding,197,175
Generic Object Detection,5.1 Image Classification,Nível 1,Nível 3,0.8076,Generic Object Detection,A Survey on Visual Transformers > 5 Applications and Performance Analysis > 5.1 Image Classification,1866,574
Discussions,Visual Grounding,Nível 1,Nível 3,0.8076,Discussions,A Survey on Visual Transformers > 5 Applications and Performance Analysis > Visual Grounding,197,175
Conclusions and Discussions,3.4 Data Requirements and Learning Flexibility,Nível 1,Nível 3,0.8076,Conclusions and Discussions,A Survey on Visual Transformers > 3 Attention Mechanisms and Learning Processes > 3.4 Data Requirements and Learning Flexibility,104,755
Conclusions and Discussions,5.4 Video Understanding,Nível 1,Nível 3,0.8076,Conclusions and Discussions,A Survey on Visual Transformers > 5 Applications and Performance Analysis > 5.4 Video Understanding,104,694
Future Prospects,6.1 Interpretability Issues,Nível 2,Nível 3,0.8076,Conclusions and Discussions > Future Prospects,A Survey on Visual Transformers > 6 Challenges and Future Directions > 6.1 Interpretability Issues,2535,652
Future Prospects,6.1 Interpretability Issues,Nível 1,Nível 3,0.8076,Future Prospects,A Survey on Visual Transformers > 6 Challenges and Future Directions > 6.1 Interpretability Issues,2535,652
Transformer with Convolution,2.1 Global Aggregation in ViTs,Nível 4,Nível 3,0.8066,root > Vision Transformer > Backbone for Representation Learning > Transformer with Convolution,A Survey on Visual Transformers > 2 Architectural Innovations in Visual Transformers > 2.1 Global Aggregation in ViTs,425,514
Transformer with Convolution,2.1 Global Aggregation in ViTs,Nível 3,Nível 3,0.8066,Vision Transformer > Backbone for Representation Learning > Transformer with Convolution,A Survey on Visual Transformers > 2 Architectural Innovations in Visual Transformers > 2.1 Global Aggregation in ViTs,425,514
Transformer with Convolution,2.1 Global Aggregation in ViTs,Nível 2,Nível 3,0.8066,Backbone for Representation Learning > Transformer with Convolution,A Survey on Visual Transformers > 2 Architectural Innovations in Visual Transformers > 2.1 Global Aggregation in ViTs,425,514
Transformer with Convolution,2.1 Global Aggregation in ViTs,Nível 1,Nível 3,0.8066,Transformer with Convolution,A Survey on Visual Transformers > 2 Architectural Innovations in Visual Transformers > 2.1 Global Aggregation in ViTs,425,514
Generic Object Detection,3.4 Data Requirements and Learning Flexibility,Nível 4,Nível 3,0.806,root > Vision Transformer > High/Mid-level Vision > Generic Object Detection,A Survey on Visual Transformers > 3 Attention Mechanisms and Learning Processes > 3.4 Data Requirements and Learning Flexibility,1866,755
Image Generation,References,Nível 4,Nível 2,0.806,root > Vision Transformer > Low-level Vision > Image Generation,A Survey on Visual Transformers > References,669,642
Compact Architecture Design,References,Nível 4,Nível 2,0.806,root > Vision Transformer > Efficient Transformer > Compact Architecture Design,A Survey on Visual Transformers > References,369,642
Conclusions and Discussions,2.5 Mobile Deployment Strategies,Nível 2,Nível 3,0.806,root > Conclusions and Discussions,A Survey on Visual Transformers > 2 Architectural Innovations in Visual Transformers > 2.5 Mobile Deployment Strategies,104,862
Generic Object Detection,3.4 Data Requirements and Learning Flexibility,Nível 3,Nível 3,0.806,Vision Transformer > High/Mid-level Vision > Generic Object Detection,A Survey on Visual Transformers > 3 Attention Mechanisms and Learning Processes > 3.4 Data Requirements and Learning Flexibility,1866,755
Image Generation,References,Nível 3,Nível 2,0.806,Vision Transformer > Low-level Vision > Image Generation,A Survey on Visual Transformers > References,669,642
Compact Architecture Design,References,Nível 3,Nível 2,0.806,Vision Transformer > Efficient Transformer > Compact Architecture Design,A Survey on Visual Transformers > References,369,642
Generic Object Detection,3.4 Data Requirements and Learning Flexibility,Nível 2,Nível 3,0.806,High/Mid-level Vision > Generic Object Detection,A Survey on Visual Transformers > 3 Attention Mechanisms and Learning Processes > 3.4 Data Requirements and Learning Flexibility,1866,755
Generic Object Detection,3.4 Data Requirements and Learning Flexibility,Nível 1,Nível 3,0.806,Generic Object Detection,A Survey on Visual Transformers > 3 Attention Mechanisms and Learning Processes > 3.4 Data Requirements and Learning Flexibility,1866,755
Image Generation,References,Nível 2,Nível 2,0.806,Low-level Vision > Image Generation,A Survey on Visual Transformers > References,669,642
Image Generation,References,Nível 1,Nível 2,0.806,Image Generation,A Survey on Visual Transformers > References,669,642
Compact Architecture Design,References,Nível 2,Nível 2,0.806,Efficient Transformer > Compact Architecture Design,A Survey on Visual Transformers > References,369,642
Compact Architecture Design,References,Nível 1,Nível 2,0.806,Compact Architecture Design,A Survey on Visual Transformers > References,369,642
Conclusions and Discussions,2.5 Mobile Deployment Strategies,Nível 1,Nível 3,0.806,Conclusions and Discussions,A Survey on Visual Transformers > 2 Architectural Innovations in Visual Transformers > 2.5 Mobile Deployment Strategies,104,862
Backbone for Representation Learning,5.6 Multi-Modal and Cross-Modal Tasks,Nível 3,Nível 3,0.8057,root > Vision Transformer > Backbone for Representation Learning,A Survey on Visual Transformers > 5 Applications and Performance Analysis > 5.6 Multi-Modal and Cross-Modal Tasks,195,72
Discussions,1.1 Historical Context and Development,Nível 4,Nível 3,0.8057,root > Vision Transformer > Backbone for Representation Learning > Discussions,A Survey on Visual Transformers > 1 Introduction to Visual Transformers > 1.1 Historical Context and Development,117,507
Image Generation,2.9 Convolutions in Vision Transformers,Nível 4,Nível 3,0.8057,root > Vision Transformer > Low-level Vision > Image Generation,A Survey on Visual Transformers > 2 Architectural Innovations in Visual Transformers > 2.9 Convolutions in Vision Transformers,669,710
Backbone for Representation Learning,5.6 Multi-Modal and Cross-Modal Tasks,Nível 2,Nível 3,0.8057,Vision Transformer > Backbone for Representation Learning,A Survey on Visual Transformers > 5 Applications and Performance Analysis > 5.6 Multi-Modal and Cross-Modal Tasks,195,72
Discussions,1.1 Historical Context and Development,Nível 3,Nível 3,0.8057,Vision Transformer > Backbone for Representation Learning > Discussions,A Survey on Visual Transformers > 1 Introduction to Visual Transformers > 1.1 Historical Context and Development,117,507
Image Generation,2.9 Convolutions in Vision Transformers,Nível 3,Nível 3,0.8057,Vision Transformer > Low-level Vision > Image Generation,A Survey on Visual Transformers > 2 Architectural Innovations in Visual Transformers > 2.9 Convolutions in Vision Transformers,669,710
Backbone for Representation Learning,5.6 Multi-Modal and Cross-Modal Tasks,Nível 1,Nível 3,0.8057,Backbone for Representation Learning,A Survey on Visual Transformers > 5 Applications and Performance Analysis > 5.6 Multi-Modal and Cross-Modal Tasks,195,72
Discussions,1.1 Historical Context and Development,Nível 2,Nível 3,0.8057,Backbone for Representation Learning > Discussions,A Survey on Visual Transformers > 1 Introduction to Visual Transformers > 1.1 Historical Context and Development,117,507
Discussions,1.1 Historical Context and Development,Nível 1,Nível 3,0.8057,Discussions,A Survey on Visual Transformers > 1 Introduction to Visual Transformers > 1.1 Historical Context and Development,117,507
Image Generation,2.9 Convolutions in Vision Transformers,Nível 2,Nível 3,0.8057,Low-level Vision > Image Generation,A Survey on Visual Transformers > 2 Architectural Innovations in Visual Transformers > 2.9 Convolutions in Vision Transformers,669,710
Image Generation,2.9 Convolutions in Vision Transformers,Nível 1,Nível 3,0.8057,Image Generation,A Survey on Visual Transformers > 2 Architectural Innovations in Visual Transformers > 2.9 Convolutions in Vision Transformers,669,710
Backbone for Representation Learning,6.1 Interpretability Issues,Nível 3,Nível 3,0.805,root > Vision Transformer > Backbone for Representation Learning,A Survey on Visual Transformers > 6 Challenges and Future Directions > 6.1 Interpretability Issues,195,652
Transformer with Convolution,3.2 Scale-Invariant Feature Transforms (SIFT) for Enhanced Interpretability,Nível 4,Nível 3,0.805,root > Vision Transformer > Backbone for Representation Learning > Transformer with Convolution,A Survey on Visual Transformers > 3 Attention Mechanisms and Learning Processes > 3.2 Scale-Invariant Feature Transforms (SIFT) for Enhanced Interpretability,425,783
Image Processing,1.2 Key Concepts and Architecture Overview,Nível 4,Nível 3,0.805,root > Vision Transformer > Low-level Vision > Image Processing,A Survey on Visual Transformers > 1 Introduction to Visual Transformers > 1.2 Key Concepts and Architecture Overview,688,580
Compact Architecture Design,1.1 Historical Context and Development,Nível 4,Nível 3,0.805,root > Vision Transformer > Efficient Transformer > Compact Architecture Design,A Survey on Visual Transformers > 1 Introduction to Visual Transformers > 1.1 Historical Context and Development,369,507
Conclusions and Discussions,6.4 Future Research Directions,Nível 2,Nível 3,0.805,root > Conclusions and Discussions,A Survey on Visual Transformers > 6 Challenges and Future Directions > 6.4 Future Research Directions,104,870
Conclusions and Discussions,References,Nível 2,Nível 2,0.805,root > Conclusions and Discussions,A Survey on Visual Transformers > References,104,642
Backbone for Representation Learning,6.1 Interpretability Issues,Nível 2,Nível 3,0.805,Vision Transformer > Backbone for Representation Learning,A Survey on Visual Transformers > 6 Challenges and Future Directions > 6.1 Interpretability Issues,195,652
Transformer with Convolution,3.2 Scale-Invariant Feature Transforms (SIFT) for Enhanced Interpretability,Nível 3,Nível 3,0.805,Vision Transformer > Backbone for Representation Learning > Transformer with Convolution,A Survey on Visual Transformers > 3 Attention Mechanisms and Learning Processes > 3.2 Scale-Invariant Feature Transforms (SIFT) for Enhanced Interpretability,425,783
Image Processing,1.2 Key Concepts and Architecture Overview,Nível 3,Nível 3,0.805,Vision Transformer > Low-level Vision > Image Processing,A Survey on Visual Transformers > 1 Introduction to Visual Transformers > 1.2 Key Concepts and Architecture Overview,688,580
Compact Architecture Design,1.1 Historical Context and Development,Nível 3,Nível 3,0.805,Vision Transformer > Efficient Transformer > Compact Architecture Design,A Survey on Visual Transformers > 1 Introduction to Visual Transformers > 1.1 Historical Context and Development,369,507
Backbone for Representation Learning,6.1 Interpretability Issues,Nível 1,Nível 3,0.805,Backbone for Representation Learning,A Survey on Visual Transformers > 6 Challenges and Future Directions > 6.1 Interpretability Issues,195,652
Transformer with Convolution,3.2 Scale-Invariant Feature Transforms (SIFT) for Enhanced Interpretability,Nível 2,Nível 3,0.805,Backbone for Representation Learning > Transformer with Convolution,A Survey on Visual Transformers > 3 Attention Mechanisms and Learning Processes > 3.2 Scale-Invariant Feature Transforms (SIFT) for Enhanced Interpretability,425,783
Transformer with Convolution,3.2 Scale-Invariant Feature Transforms (SIFT) for Enhanced Interpretability,Nível 1,Nível 3,0.805,Transformer with Convolution,A Survey on Visual Transformers > 3 Attention Mechanisms and Learning Processes > 3.2 Scale-Invariant Feature Transforms (SIFT) for Enhanced Interpretability,425,783
Image Processing,1.2 Key Concepts and Architecture Overview,Nível 2,Nível 3,0.805,Low-level Vision > Image Processing,A Survey on Visual Transformers > 1 Introduction to Visual Transformers > 1.2 Key Concepts and Architecture Overview,688,580
Image Processing,1.2 Key Concepts and Architecture Overview,Nível 1,Nível 3,0.805,Image Processing,A Survey on Visual Transformers > 1 Introduction to Visual Transformers > 1.2 Key Concepts and Architecture Overview,688,580
Compact Architecture Design,1.1 Historical Context and Development,Nível 2,Nível 3,0.805,Efficient Transformer > Compact Architecture Design,A Survey on Visual Transformers > 1 Introduction to Visual Transformers > 1.1 Historical Context and Development,369,507
Compact Architecture Design,1.1 Historical Context and Development,Nível 1,Nível 3,0.805,Compact Architecture Design,A Survey on Visual Transformers > 1 Introduction to Visual Transformers > 1.1 Historical Context and Development,369,507
Conclusions and Discussions,6.4 Future Research Directions,Nível 1,Nível 3,0.805,Conclusions and Discussions,A Survey on Visual Transformers > 6 Challenges and Future Directions > 6.4 Future Research Directions,104,870
Conclusions and Discussions,References,Nível 1,Nível 2,0.805,Conclusions and Discussions,A Survey on Visual Transformers > References,104,642
Pure Transformer,6.2 Computational Costs,Nível 4,Nível 3,0.8047,root > Vision Transformer > Backbone for Representation Learning > Pure Transformer,A Survey on Visual Transformers > 6 Challenges and Future Directions > 6.2 Computational Costs,1415,691
Discussions,5.4 Video Understanding,Nível 4,Nível 3,0.8047,root > Vision Transformer > High/Mid-level Vision > Discussions,A Survey on Visual Transformers > 5 Applications and Performance Analysis > 5.4 Video Understanding,197,694
Multi-Modal Tasks,5.6 Multi-Modal and Cross-Modal Tasks,Nível 3,Nível 3,0.8047,root > Vision Transformer > Multi-Modal Tasks,A Survey on Visual Transformers > 5 Applications and Performance Analysis > 5.6 Multi-Modal and Cross-Modal Tasks,717,72
Challenges,5.6 Multi-Modal and Cross-Modal Tasks,Nível 3,Nível 3,0.8047,root > Conclusions and Discussions > Challenges,A Survey on Visual Transformers > 5 Applications and Performance Analysis > 5.6 Multi-Modal and Cross-Modal Tasks,396,72
Pure Transformer,6.2 Computational Costs,Nível 3,Nível 3,0.8047,Vision Transformer > Backbone for Representation Learning > Pure Transformer,A Survey on Visual Transformers > 6 Challenges and Future Directions > 6.2 Computational Costs,1415,691
Discussions,5.4 Video Understanding,Nível 3,Nível 3,0.8047,Vision Transformer > High/Mid-level Vision > Discussions,A Survey on Visual Transformers > 5 Applications and Performance Analysis > 5.4 Video Understanding,197,694
Multi-Modal Tasks,5.6 Multi-Modal and Cross-Modal Tasks,Nível 2,Nível 3,0.8047,Vision Transformer > Multi-Modal Tasks,A Survey on Visual Transformers > 5 Applications and Performance Analysis > 5.6 Multi-Modal and Cross-Modal Tasks,717,72
Pure Transformer,6.2 Computational Costs,Nível 2,Nível 3,0.8047,Backbone for Representation Learning > Pure Transformer,A Survey on Visual Transformers > 6 Challenges and Future Directions > 6.2 Computational Costs,1415,691
Pure Transformer,6.2 Computational Costs,Nível 1,Nível 3,0.8047,Pure Transformer,A Survey on Visual Transformers > 6 Challenges and Future Directions > 6.2 Computational Costs,1415,691
Discussions,5.4 Video Understanding,Nível 2,Nível 3,0.8047,High/Mid-level Vision > Discussions,A Survey on Visual Transformers > 5 Applications and Performance Analysis > 5.4 Video Understanding,197,694
Discussions,5.4 Video Understanding,Nível 1,Nível 3,0.8047,Discussions,A Survey on Visual Transformers > 5 Applications and Performance Analysis > 5.4 Video Understanding,197,694
Multi-Modal Tasks,5.6 Multi-Modal and Cross-Modal Tasks,Nível 1,Nível 3,0.8047,Multi-Modal Tasks,A Survey on Visual Transformers > 5 Applications and Performance Analysis > 5.6 Multi-Modal and Cross-Modal Tasks,717,72
Challenges,5.6 Multi-Modal and Cross-Modal Tasks,Nível 2,Nível 3,0.8047,Conclusions and Discussions > Challenges,A Survey on Visual Transformers > 5 Applications and Performance Analysis > 5.6 Multi-Modal and Cross-Modal Tasks,396,72
Challenges,5.6 Multi-Modal and Cross-Modal Tasks,Nível 1,Nível 3,0.8047,Challenges,A Survey on Visual Transformers > 5 Applications and Performance Analysis > 5.6 Multi-Modal and Cross-Modal Tasks,396,72
Formulation of Transformer,3.6 Theoretical Foundations of Spatial Structure Learning,Nível 2,Nível 3,0.8037,root > Formulation of Transformer,A Survey on Visual Transformers > 3 Attention Mechanisms and Learning Processes > 3.6 Theoretical Foundations of Spatial Structure Learning,105,768
Transformer with Convolution,2.10 Hierarchical Pooling Mechanisms,Nível 4,Nível 3,0.8037,root > Vision Transformer > Backbone for Representation Learning > Transformer with Convolution,A Survey on Visual Transformers > 2 Architectural Innovations in Visual Transformers > 2.10 Hierarchical Pooling Mechanisms,425,963
Transformer with Convolution,3.7 Residual Attention Learning for Robustness,Nível 4,Nível 3,0.8037,root > Vision Transformer > Backbone for Representation Learning > Transformer with Convolution,A Survey on Visual Transformers > 3 Attention Mechanisms and Learning Processes > 3.7 Residual Attention Learning for Robustness,425,744
Pruning and Decomposition,4.2 Autoencoder-Based Learning Solutions,Nível 4,Nível 3,0.8037,root > Vision Transformer > Efficient Transformer > Pruning and Decomposition,A Survey on Visual Transformers > 4 Methods for Interpretation and Visualization > 4.2 Autoencoder-Based Learning Solutions,479,790
Formulation of Transformer,3.6 Theoretical Foundations of Spatial Structure Learning,Nível 1,Nível 3,0.8037,Formulation of Transformer,A Survey on Visual Transformers > 3 Attention Mechanisms and Learning Processes > 3.6 Theoretical Foundations of Spatial Structure Learning,105,768
Transformer with Convolution,2.10 Hierarchical Pooling Mechanisms,Nível 3,Nível 3,0.8037,Vision Transformer > Backbone for Representation Learning > Transformer with Convolution,A Survey on Visual Transformers > 2 Architectural Innovations in Visual Transformers > 2.10 Hierarchical Pooling Mechanisms,425,963
Transformer with Convolution,3.7 Residual Attention Learning for Robustness,Nível 3,Nível 3,0.8037,Vision Transformer > Backbone for Representation Learning > Transformer with Convolution,A Survey on Visual Transformers > 3 Attention Mechanisms and Learning Processes > 3.7 Residual Attention Learning for Robustness,425,744
Pruning and Decomposition,4.2 Autoencoder-Based Learning Solutions,Nível 3,Nível 3,0.8037,Vision Transformer > Efficient Transformer > Pruning and Decomposition,A Survey on Visual Transformers > 4 Methods for Interpretation and Visualization > 4.2 Autoencoder-Based Learning Solutions,479,790
Transformer with Convolution,2.10 Hierarchical Pooling Mechanisms,Nível 2,Nível 3,0.8037,Backbone for Representation Learning > Transformer with Convolution,A Survey on Visual Transformers > 2 Architectural Innovations in Visual Transformers > 2.10 Hierarchical Pooling Mechanisms,425,963
Transformer with Convolution,3.7 Residual Attention Learning for Robustness,Nível 2,Nível 3,0.8037,Backbone for Representation Learning > Transformer with Convolution,A Survey on Visual Transformers > 3 Attention Mechanisms and Learning Processes > 3.7 Residual Attention Learning for Robustness,425,744
Transformer with Convolution,2.10 Hierarchical Pooling Mechanisms,Nível 1,Nível 3,0.8037,Transformer with Convolution,A Survey on Visual Transformers > 2 Architectural Innovations in Visual Transformers > 2.10 Hierarchical Pooling Mechanisms,425,963
Transformer with Convolution,3.7 Residual Attention Learning for Robustness,Nível 1,Nível 3,0.8037,Transformer with Convolution,A Survey on Visual Transformers > 3 Attention Mechanisms and Learning Processes > 3.7 Residual Attention Learning for Robustness,425,744
Pruning and Decomposition,4.2 Autoencoder-Based Learning Solutions,Nível 2,Nível 3,0.8037,Efficient Transformer > Pruning and Decomposition,A Survey on Visual Transformers > 4 Methods for Interpretation and Visualization > 4.2 Autoencoder-Based Learning Solutions,479,790
Pruning and Decomposition,4.2 Autoencoder-Based Learning Solutions,Nível 1,Nível 3,0.8037,Pruning and Decomposition,A Survey on Visual Transformers > 4 Methods for Interpretation and Visualization > 4.2 Autoencoder-Based Learning Solutions,479,790
Self-supervised Representation Learning,1.4 Inductive Biases and Data Requirements,Nível 4,Nível 3,0.803,root > Vision Transformer > Backbone for Representation Learning > Self-supervised Representation Learning,A Survey on Visual Transformers > 1 Introduction to Visual Transformers > 1.4 Inductive Biases and Data Requirements,982,931
Image Processing,3.2 Scale-Invariant Feature Transforms (SIFT) for Enhanced Interpretability,Nível 4,Nível 3,0.803,root > Vision Transformer > Low-level Vision > Image Processing,A Survey on Visual Transformers > 3 Attention Mechanisms and Learning Processes > 3.2 Scale-Invariant Feature Transforms (SIFT) for Enhanced Interpretability,688,783
Conclusions and Discussions,5.6 Multi-Modal and Cross-Modal Tasks,Nível 2,Nível 3,0.803,root > Conclusions and Discussions,A Survey on Visual Transformers > 5 Applications and Performance Analysis > 5.6 Multi-Modal and Cross-Modal Tasks,104,72
Self-supervised Representation Learning,1.4 Inductive Biases and Data Requirements,Nível 3,Nível 3,0.803,Vision Transformer > Backbone for Representation Learning > Self-supervised Representation Learning,A Survey on Visual Transformers > 1 Introduction to Visual Transformers > 1.4 Inductive Biases and Data Requirements,982,931
Image Processing,3.2 Scale-Invariant Feature Transforms (SIFT) for Enhanced Interpretability,Nível 3,Nível 3,0.803,Vision Transformer > Low-level Vision > Image Processing,A Survey on Visual Transformers > 3 Attention Mechanisms and Learning Processes > 3.2 Scale-Invariant Feature Transforms (SIFT) for Enhanced Interpretability,688,783
Self-supervised Representation Learning,1.4 Inductive Biases and Data Requirements,Nível 2,Nível 3,0.803,Backbone for Representation Learning > Self-supervised Representation Learning,A Survey on Visual Transformers > 1 Introduction to Visual Transformers > 1.4 Inductive Biases and Data Requirements,982,931
Self-supervised Representation Learning,1.4 Inductive Biases and Data Requirements,Nível 1,Nível 3,0.803,Self-supervised Representation Learning,A Survey on Visual Transformers > 1 Introduction to Visual Transformers > 1.4 Inductive Biases and Data Requirements,982,931
Image Processing,3.2 Scale-Invariant Feature Transforms (SIFT) for Enhanced Interpretability,Nível 2,Nível 3,0.803,Low-level Vision > Image Processing,A Survey on Visual Transformers > 3 Attention Mechanisms and Learning Processes > 3.2 Scale-Invariant Feature Transforms (SIFT) for Enhanced Interpretability,688,783
Image Processing,3.2 Scale-Invariant Feature Transforms (SIFT) for Enhanced Interpretability,Nível 1,Nível 3,0.803,Image Processing,A Survey on Visual Transformers > 3 Attention Mechanisms and Learning Processes > 3.2 Scale-Invariant Feature Transforms (SIFT) for Enhanced Interpretability,688,783
Conclusions and Discussions,5.6 Multi-Modal and Cross-Modal Tasks,Nível 1,Nível 3,0.803,Conclusions and Discussions,A Survey on Visual Transformers > 5 Applications and Performance Analysis > 5.6 Multi-Modal and Cross-Modal Tasks,104,72
Vision Transformer,References,Nível 2,Nível 2,0.8022,root > Vision Transformer,A Survey on Visual Transformers > References,54,642
Pure Transformer,2.5 Mobile Deployment Strategies,Nível 4,Nível 3,0.8022,root > Vision Transformer > Backbone for Representation Learning > Pure Transformer,A Survey on Visual Transformers > 2 Architectural Innovations in Visual Transformers > 2.5 Mobile Deployment Strategies,1415,862
Other Tasks,5.5 Low-Level Vision Tasks,Nível 4,Nível 3,0.8022,root > Vision Transformer > High/Mid-level Vision > Other Tasks,A Survey on Visual Transformers > 5 Applications and Performance Analysis > 5.5 Low-Level Vision Tasks,795,1226
Discussions,2.5 Mobile Deployment Strategies,Nível 4,Nível 3,0.8022,root > Vision Transformer > High/Mid-level Vision > Discussions,A Survey on Visual Transformers > 2 Architectural Innovations in Visual Transformers > 2.5 Mobile Deployment Strategies,197,862
Image Generation,6.4 Future Research Directions,Nível 4,Nível 3,0.8022,root > Vision Transformer > Low-level Vision > Image Generation,A Survey on Visual Transformers > 6 Challenges and Future Directions > 6.4 Future Research Directions,669,870
Multi-Modal Tasks,References,Nível 3,Nível 2,0.8022,root > Vision Transformer > Multi-Modal Tasks,A Survey on Visual Transformers > References,717,642
Pruning and Decomposition,2.6 Token Pruning and Merging Techniques,Nível 4,Nível 3,0.8022,root > Vision Transformer > Efficient Transformer > Pruning and Decomposition,A Survey on Visual Transformers > 2 Architectural Innovations in Visual Transformers > 2.6 Token Pruning and Merging Techniques,479,595
Compact Architecture Design,3.1 Understanding Self-Attention Mechanisms in ViTs,Nível 4,Nível 3,0.8022,root > Vision Transformer > Efficient Transformer > Compact Architecture Design,A Survey on Visual Transformers > 3 Attention Mechanisms and Learning Processes > 3.1 Understanding Self-Attention Mechanisms in ViTs,369,793
Future Prospects,3.6 Theoretical Foundations of Spatial Structure Learning,Nível 3,Nível 3,0.8022,root > Conclusions and Discussions > Future Prospects,A Survey on Visual Transformers > 3 Attention Mechanisms and Learning Processes > 3.6 Theoretical Foundations of Spatial Structure Learning,2535,768
Vision Transformer,References,Nível 1,Nível 2,0.8022,Vision Transformer,A Survey on Visual Transformers > References,54,642
Pure Transformer,2.5 Mobile Deployment Strategies,Nível 3,Nível 3,0.8022,Vision Transformer > Backbone for Representation Learning > Pure Transformer,A Survey on Visual Transformers > 2 Architectural Innovations in Visual Transformers > 2.5 Mobile Deployment Strategies,1415,862
Other Tasks,5.5 Low-Level Vision Tasks,Nível 3,Nível 3,0.8022,Vision Transformer > High/Mid-level Vision > Other Tasks,A Survey on Visual Transformers > 5 Applications and Performance Analysis > 5.5 Low-Level Vision Tasks,795,1226
Discussions,2.5 Mobile Deployment Strategies,Nível 3,Nível 3,0.8022,Vision Transformer > High/Mid-level Vision > Discussions,A Survey on Visual Transformers > 2 Architectural Innovations in Visual Transformers > 2.5 Mobile Deployment Strategies,197,862
Image Generation,6.4 Future Research Directions,Nível 3,Nível 3,0.8022,Vision Transformer > Low-level Vision > Image Generation,A Survey on Visual Transformers > 6 Challenges and Future Directions > 6.4 Future Research Directions,669,870
Multi-Modal Tasks,References,Nível 2,Nível 2,0.8022,Vision Transformer > Multi-Modal Tasks,A Survey on Visual Transformers > References,717,642
Pruning and Decomposition,2.6 Token Pruning and Merging Techniques,Nível 3,Nível 3,0.8022,Vision Transformer > Efficient Transformer > Pruning and Decomposition,A Survey on Visual Transformers > 2 Architectural Innovations in Visual Transformers > 2.6 Token Pruning and Merging Techniques,479,595
Compact Architecture Design,3.1 Understanding Self-Attention Mechanisms in ViTs,Nível 3,Nível 3,0.8022,Vision Transformer > Efficient Transformer > Compact Architecture Design,A Survey on Visual Transformers > 3 Attention Mechanisms and Learning Processes > 3.1 Understanding Self-Attention Mechanisms in ViTs,369,793
Pure Transformer,2.5 Mobile Deployment Strategies,Nível 2,Nível 3,0.8022,Backbone for Representation Learning > Pure Transformer,A Survey on Visual Transformers > 2 Architectural Innovations in Visual Transformers > 2.5 Mobile Deployment Strategies,1415,862
Pure Transformer,2.5 Mobile Deployment Strategies,Nível 1,Nível 3,0.8022,Pure Transformer,A Survey on Visual Transformers > 2 Architectural Innovations in Visual Transformers > 2.5 Mobile Deployment Strategies,1415,862
Other Tasks,5.5 Low-Level Vision Tasks,Nível 2,Nível 3,0.8022,High/Mid-level Vision > Other Tasks,A Survey on Visual Transformers > 5 Applications and Performance Analysis > 5.5 Low-Level Vision Tasks,795,1226
Discussions,2.5 Mobile Deployment Strategies,Nível 2,Nível 3,0.8022,High/Mid-level Vision > Discussions,A Survey on Visual Transformers > 2 Architectural Innovations in Visual Transformers > 2.5 Mobile Deployment Strategies,197,862
Other Tasks,5.5 Low-Level Vision Tasks,Nível 1,Nível 3,0.8022,Other Tasks,A Survey on Visual Transformers > 5 Applications and Performance Analysis > 5.5 Low-Level Vision Tasks,795,1226
Discussions,2.5 Mobile Deployment Strategies,Nível 1,Nível 3,0.8022,Discussions,A Survey on Visual Transformers > 2 Architectural Innovations in Visual Transformers > 2.5 Mobile Deployment Strategies,197,862
Image Generation,6.4 Future Research Directions,Nível 2,Nível 3,0.8022,Low-level Vision > Image Generation,A Survey on Visual Transformers > 6 Challenges and Future Directions > 6.4 Future Research Directions,669,870
Image Generation,6.4 Future Research Directions,Nível 1,Nível 3,0.8022,Image Generation,A Survey on Visual Transformers > 6 Challenges and Future Directions > 6.4 Future Research Directions,669,870
Multi-Modal Tasks,References,Nível 1,Nível 2,0.8022,Multi-Modal Tasks,A Survey on Visual Transformers > References,717,642
Pruning and Decomposition,2.6 Token Pruning and Merging Techniques,Nível 2,Nível 3,0.8022,Efficient Transformer > Pruning and Decomposition,A Survey on Visual Transformers > 2 Architectural Innovations in Visual Transformers > 2.6 Token Pruning and Merging Techniques,479,595
Compact Architecture Design,3.1 Understanding Self-Attention Mechanisms in ViTs,Nível 2,Nível 3,0.8022,Efficient Transformer > Compact Architecture Design,A Survey on Visual Transformers > 3 Attention Mechanisms and Learning Processes > 3.1 Understanding Self-Attention Mechanisms in ViTs,369,793
Pruning and Decomposition,2.6 Token Pruning and Merging Techniques,Nível 1,Nível 3,0.8022,Pruning and Decomposition,A Survey on Visual Transformers > 2 Architectural Innovations in Visual Transformers > 2.6 Token Pruning and Merging Techniques,479,595
Compact Architecture Design,3.1 Understanding Self-Attention Mechanisms in ViTs,Nível 1,Nível 3,0.8022,Compact Architecture Design,A Survey on Visual Transformers > 3 Attention Mechanisms and Learning Processes > 3.1 Understanding Self-Attention Mechanisms in ViTs,369,793
Future Prospects,3.6 Theoretical Foundations of Spatial Structure Learning,Nível 2,Nível 3,0.8022,Conclusions and Discussions > Future Prospects,A Survey on Visual Transformers > 3 Attention Mechanisms and Learning Processes > 3.6 Theoretical Foundations of Spatial Structure Learning,2535,768
Future Prospects,3.6 Theoretical Foundations of Spatial Structure Learning,Nível 1,Nível 3,0.8022,Future Prospects,A Survey on Visual Transformers > 3 Attention Mechanisms and Learning Processes > 3.6 Theoretical Foundations of Spatial Structure Learning,2535,768
Transformer with Convolution,2.2 Linear Attention Mechanisms,Nível 4,Nível 3,0.802,root > Vision Transformer > Backbone for Representation Learning > Transformer with Convolution,A Survey on Visual Transformers > 2 Architectural Innovations in Visual Transformers > 2.2 Linear Attention Mechanisms,425,490
Discussions,5.2 Object Detection,Nível 4,Nível 3,0.802,root > Vision Transformer > Backbone for Representation Learning > Discussions,A Survey on Visual Transformers > 5 Applications and Performance Analysis > 5.2 Object Detection,117,810
Discussions,References,Nível 4,Nível 2,0.802,root > Vision Transformer > Backbone for Representation Learning > Discussions,A Survey on Visual Transformers > References,117,642
Image Generation,1.1 Historical Context and Development,Nível 4,Nível 3,0.802,root > Vision Transformer > Low-level Vision > Image Generation,A Survey on Visual Transformers > 1 Introduction to Visual Transformers > 1.1 Historical Context and Development,669,507
Image Processing,3.6 Theoretical Foundations of Spatial Structure Learning,Nível 4,Nível 3,0.802,root > Vision Transformer > Low-level Vision > Image Processing,A Survey on Visual Transformers > 3 Attention Mechanisms and Learning Processes > 3.6 Theoretical Foundations of Spatial Structure Learning,688,768
Pruning and Decomposition,Principles of Pruning-Based Metrics,Nível 4,Nível 3,0.802,root > Vision Transformer > Efficient Transformer > Pruning and Decomposition,A Survey on Visual Transformers > 4 Methods for Interpretation and Visualization > Principles of Pruning-Based Metrics,479,176
Pruning and Decomposition,Evaluating Unit Contributions,Nível 4,Nível 3,0.802,root > Vision Transformer > Efficient Transformer > Pruning and Decomposition,A Survey on Visual Transformers > 4 Methods for Interpretation and Visualization > Evaluating Unit Contributions,479,270
Compact Architecture Design,3.9 Principle of Diversity and Redundancy Reduction,Nível 4,Nível 3,0.802,root > Vision Transformer > Efficient Transformer > Compact Architecture Design,A Survey on Visual Transformers > 3 Attention Mechanisms and Learning Processes > 3.9 Principle of Diversity and Redundancy Reduction,369,899
Transformer with Convolution,2.2 Linear Attention Mechanisms,Nível 3,Nível 3,0.802,Vision Transformer > Backbone for Representation Learning > Transformer with Convolution,A Survey on Visual Transformers > 2 Architectural Innovations in Visual Transformers > 2.2 Linear Attention Mechanisms,425,490
Discussions,5.2 Object Detection,Nível 3,Nível 3,0.802,Vision Transformer > Backbone for Representation Learning > Discussions,A Survey on Visual Transformers > 5 Applications and Performance Analysis > 5.2 Object Detection,117,810
Discussions,References,Nível 3,Nível 2,0.802,Vision Transformer > Backbone for Representation Learning > Discussions,A Survey on Visual Transformers > References,117,642
Image Generation,1.1 Historical Context and Development,Nível 3,Nível 3,0.802,Vision Transformer > Low-level Vision > Image Generation,A Survey on Visual Transformers > 1 Introduction to Visual Transformers > 1.1 Historical Context and Development,669,507
Image Processing,3.6 Theoretical Foundations of Spatial Structure Learning,Nível 3,Nível 3,0.802,Vision Transformer > Low-level Vision > Image Processing,A Survey on Visual Transformers > 3 Attention Mechanisms and Learning Processes > 3.6 Theoretical Foundations of Spatial Structure Learning,688,768
Pruning and Decomposition,Principles of Pruning-Based Metrics,Nível 3,Nível 3,0.802,Vision Transformer > Efficient Transformer > Pruning and Decomposition,A Survey on Visual Transformers > 4 Methods for Interpretation and Visualization > Principles of Pruning-Based Metrics,479,176
Pruning and Decomposition,Evaluating Unit Contributions,Nível 3,Nível 3,0.802,Vision Transformer > Efficient Transformer > Pruning and Decomposition,A Survey on Visual Transformers > 4 Methods for Interpretation and Visualization > Evaluating Unit Contributions,479,270
Compact Architecture Design,3.9 Principle of Diversity and Redundancy Reduction,Nível 3,Nível 3,0.802,Vision Transformer > Efficient Transformer > Compact Architecture Design,A Survey on Visual Transformers > 3 Attention Mechanisms and Learning Processes > 3.9 Principle of Diversity and Redundancy Reduction,369,899
Transformer with Convolution,2.2 Linear Attention Mechanisms,Nível 2,Nível 3,0.802,Backbone for Representation Learning > Transformer with Convolution,A Survey on Visual Transformers > 2 Architectural Innovations in Visual Transformers > 2.2 Linear Attention Mechanisms,425,490
Discussions,5.2 Object Detection,Nível 2,Nível 3,0.802,Backbone for Representation Learning > Discussions,A Survey on Visual Transformers > 5 Applications and Performance Analysis > 5.2 Object Detection,117,810
Discussions,References,Nível 2,Nível 2,0.802,Backbone for Representation Learning > Discussions,A Survey on Visual Transformers > References,117,642
Transformer with Convolution,2.2 Linear Attention Mechanisms,Nível 1,Nível 3,0.802,Transformer with Convolution,A Survey on Visual Transformers > 2 Architectural Innovations in Visual Transformers > 2.2 Linear Attention Mechanisms,425,490
Discussions,5.2 Object Detection,Nível 1,Nível 3,0.802,Discussions,A Survey on Visual Transformers > 5 Applications and Performance Analysis > 5.2 Object Detection,117,810
Discussions,References,Nível 1,Nível 2,0.802,Discussions,A Survey on Visual Transformers > References,117,642
Image Generation,1.1 Historical Context and Development,Nível 2,Nível 3,0.802,Low-level Vision > Image Generation,A Survey on Visual Transformers > 1 Introduction to Visual Transformers > 1.1 Historical Context and Development,669,507
Image Processing,3.6 Theoretical Foundations of Spatial Structure Learning,Nível 2,Nível 3,0.802,Low-level Vision > Image Processing,A Survey on Visual Transformers > 3 Attention Mechanisms and Learning Processes > 3.6 Theoretical Foundations of Spatial Structure Learning,688,768
Image Generation,1.1 Historical Context and Development,Nível 1,Nível 3,0.802,Image Generation,A Survey on Visual Transformers > 1 Introduction to Visual Transformers > 1.1 Historical Context and Development,669,507
Image Processing,3.6 Theoretical Foundations of Spatial Structure Learning,Nível 1,Nível 3,0.802,Image Processing,A Survey on Visual Transformers > 3 Attention Mechanisms and Learning Processes > 3.6 Theoretical Foundations of Spatial Structure Learning,688,768
Pruning and Decomposition,Principles of Pruning-Based Metrics,Nível 2,Nível 3,0.802,Efficient Transformer > Pruning and Decomposition,A Survey on Visual Transformers > 4 Methods for Interpretation and Visualization > Principles of Pruning-Based Metrics,479,176
Pruning and Decomposition,Evaluating Unit Contributions,Nível 2,Nível 3,0.802,Efficient Transformer > Pruning and Decomposition,A Survey on Visual Transformers > 4 Methods for Interpretation and Visualization > Evaluating Unit Contributions,479,270
Compact Architecture Design,3.9 Principle of Diversity and Redundancy Reduction,Nível 2,Nível 3,0.802,Efficient Transformer > Compact Architecture Design,A Survey on Visual Transformers > 3 Attention Mechanisms and Learning Processes > 3.9 Principle of Diversity and Redundancy Reduction,369,899
Pruning and Decomposition,Principles of Pruning-Based Metrics,Nível 1,Nível 3,0.802,Pruning and Decomposition,A Survey on Visual Transformers > 4 Methods for Interpretation and Visualization > Principles of Pruning-Based Metrics,479,176
Pruning and Decomposition,Evaluating Unit Contributions,Nível 1,Nível 3,0.802,Pruning and Decomposition,A Survey on Visual Transformers > 4 Methods for Interpretation and Visualization > Evaluating Unit Contributions,479,270
Compact Architecture Design,3.9 Principle of Diversity and Redundancy Reduction,Nível 1,Nível 3,0.802,Compact Architecture Design,A Survey on Visual Transformers > 3 Attention Mechanisms and Learning Processes > 3.9 Principle of Diversity and Redundancy Reduction,369,899
Multi-Modal Tasks,5.2 Object Detection,Nível 3,Nível 3,0.8013,root > Vision Transformer > Multi-Modal Tasks,A Survey on Visual Transformers > 5 Applications and Performance Analysis > 5.2 Object Detection,717,810
Challenges,3.7 Residual Attention Learning for Robustness,Nível 3,Nível 3,0.8013,root > Conclusions and Discussions > Challenges,A Survey on Visual Transformers > 3 Attention Mechanisms and Learning Processes > 3.7 Residual Attention Learning for Robustness,396,744
Multi-Modal Tasks,5.2 Object Detection,Nível 2,Nível 3,0.8013,Vision Transformer > Multi-Modal Tasks,A Survey on Visual Transformers > 5 Applications and Performance Analysis > 5.2 Object Detection,717,810
Multi-Modal Tasks,5.2 Object Detection,Nível 1,Nível 3,0.8013,Multi-Modal Tasks,A Survey on Visual Transformers > 5 Applications and Performance Analysis > 5.2 Object Detection,717,810
Challenges,3.7 Residual Attention Learning for Robustness,Nível 2,Nível 3,0.8013,Conclusions and Discussions > Challenges,A Survey on Visual Transformers > 3 Attention Mechanisms and Learning Processes > 3.7 Residual Attention Learning for Robustness,396,744
Challenges,3.7 Residual Attention Learning for Robustness,Nível 1,Nível 3,0.8013,Challenges,A Survey on Visual Transformers > 3 Attention Mechanisms and Learning Processes > 3.7 Residual Attention Learning for Robustness,396,744
Vision Transformer,1.2 Key Concepts and Architecture Overview,Nível 2,Nível 3,0.801,root > Vision Transformer,A Survey on Visual Transformers > 1 Introduction to Visual Transformers > 1.2 Key Concepts and Architecture Overview,54,580
Backbone for Representation Learning,2.8 Discrete Representations for Robustness,Nível 3,Nível 3,0.801,root > Vision Transformer > Backbone for Representation Learning,A Survey on Visual Transformers > 2 Architectural Innovations in Visual Transformers > 2.8 Discrete Representations for Robustness,195,925
Discussions,5.3 Image Segmentation,Nível 4,Nível 3,0.801,root > Vision Transformer > Backbone for Representation Learning > Discussions,A Survey on Visual Transformers > 5 Applications and Performance Analysis > 5.3 Image Segmentation,117,733
Other Tasks,3.4 Data Requirements and Learning Flexibility,Nível 4,Nível 3,0.801,root > Vision Transformer > High/Mid-level Vision > Other Tasks,A Survey on Visual Transformers > 3 Attention Mechanisms and Learning Processes > 3.4 Data Requirements and Learning Flexibility,795,755
Image Generation,Versatility and Limitations,Nível 4,Nível 3,0.801,root > Vision Transformer > Low-level Vision > Image Generation,A Survey on Visual Transformers > 5 Applications and Performance Analysis > Versatility and Limitations,669,180
Conclusions and Discussions,2.4 Supervised and Self-Supervised Learning,Nível 2,Nível 3,0.801,root > Conclusions and Discussions,A Survey on Visual Transformers > 2 Architectural Innovations in Visual Transformers > 2.4 Supervised and Self-Supervised Learning,104,886
Vision Transformer,1.2 Key Concepts and Architecture Overview,Nível 1,Nível 3,0.801,Vision Transformer,A Survey on Visual Transformers > 1 Introduction to Visual Transformers > 1.2 Key Concepts and Architecture Overview,54,580
Backbone for Representation Learning,2.8 Discrete Representations for Robustness,Nível 2,Nível 3,0.801,Vision Transformer > Backbone for Representation Learning,A Survey on Visual Transformers > 2 Architectural Innovations in Visual Transformers > 2.8 Discrete Representations for Robustness,195,925
Discussions,5.3 Image Segmentation,Nível 3,Nível 3,0.801,Vision Transformer > Backbone for Representation Learning > Discussions,A Survey on Visual Transformers > 5 Applications and Performance Analysis > 5.3 Image Segmentation,117,733
Other Tasks,3.4 Data Requirements and Learning Flexibility,Nível 3,Nível 3,0.801,Vision Transformer > High/Mid-level Vision > Other Tasks,A Survey on Visual Transformers > 3 Attention Mechanisms and Learning Processes > 3.4 Data Requirements and Learning Flexibility,795,755
Image Generation,Versatility and Limitations,Nível 3,Nível 3,0.801,Vision Transformer > Low-level Vision > Image Generation,A Survey on Visual Transformers > 5 Applications and Performance Analysis > Versatility and Limitations,669,180
Backbone for Representation Learning,2.8 Discrete Representations for Robustness,Nível 1,Nível 3,0.801,Backbone for Representation Learning,A Survey on Visual Transformers > 2 Architectural Innovations in Visual Transformers > 2.8 Discrete Representations for Robustness,195,925
Discussions,5.3 Image Segmentation,Nível 2,Nível 3,0.801,Backbone for Representation Learning > Discussions,A Survey on Visual Transformers > 5 Applications and Performance Analysis > 5.3 Image Segmentation,117,733
Discussions,5.3 Image Segmentation,Nível 1,Nível 3,0.801,Discussions,A Survey on Visual Transformers > 5 Applications and Performance Analysis > 5.3 Image Segmentation,117,733
Other Tasks,3.4 Data Requirements and Learning Flexibility,Nível 2,Nível 3,0.801,High/Mid-level Vision > Other Tasks,A Survey on Visual Transformers > 3 Attention Mechanisms and Learning Processes > 3.4 Data Requirements and Learning Flexibility,795,755
Other Tasks,3.4 Data Requirements and Learning Flexibility,Nível 1,Nível 3,0.801,Other Tasks,A Survey on Visual Transformers > 3 Attention Mechanisms and Learning Processes > 3.4 Data Requirements and Learning Flexibility,795,755
Image Generation,Versatility and Limitations,Nível 2,Nível 3,0.801,Low-level Vision > Image Generation,A Survey on Visual Transformers > 5 Applications and Performance Analysis > Versatility and Limitations,669,180
Image Generation,Versatility and Limitations,Nível 1,Nível 3,0.801,Image Generation,A Survey on Visual Transformers > 5 Applications and Performance Analysis > Versatility and Limitations,669,180
Conclusions and Discussions,2.4 Supervised and Self-Supervised Learning,Nível 1,Nível 3,0.801,Conclusions and Discussions,A Survey on Visual Transformers > 2 Architectural Innovations in Visual Transformers > 2.4 Supervised and Self-Supervised Learning,104,886
Transformer with Convolution,2.8 Discrete Representations for Robustness,Nível 4,Nível 3,0.8003,root > Vision Transformer > Backbone for Representation Learning > Transformer with Convolution,A Survey on Visual Transformers > 2 Architectural Innovations in Visual Transformers > 2.8 Discrete Representations for Robustness,425,925
Self-supervised Representation Learning,3.4 Data Requirements and Learning Flexibility,Nível 4,Nível 3,0.8003,root > Vision Transformer > Backbone for Representation Learning > Self-supervised Representation Learning,A Survey on Visual Transformers > 3 Attention Mechanisms and Learning Processes > 3.4 Data Requirements and Learning Flexibility,982,755
Image Generation,2.4 Supervised and Self-Supervised Learning,Nível 4,Nível 3,0.8003,root > Vision Transformer > Low-level Vision > Image Generation,A Survey on Visual Transformers > 2 Architectural Innovations in Visual Transformers > 2.4 Supervised and Self-Supervised Learning,669,886
Transformer with Convolution,2.8 Discrete Representations for Robustness,Nível 3,Nível 3,0.8003,Vision Transformer > Backbone for Representation Learning > Transformer with Convolution,A Survey on Visual Transformers > 2 Architectural Innovations in Visual Transformers > 2.8 Discrete Representations for Robustness,425,925
Self-supervised Representation Learning,3.4 Data Requirements and Learning Flexibility,Nível 3,Nível 3,0.8003,Vision Transformer > Backbone for Representation Learning > Self-supervised Representation Learning,A Survey on Visual Transformers > 3 Attention Mechanisms and Learning Processes > 3.4 Data Requirements and Learning Flexibility,982,755
Image Generation,2.4 Supervised and Self-Supervised Learning,Nível 3,Nível 3,0.8003,Vision Transformer > Low-level Vision > Image Generation,A Survey on Visual Transformers > 2 Architectural Innovations in Visual Transformers > 2.4 Supervised and Self-Supervised Learning,669,886
Transformer with Convolution,2.8 Discrete Representations for Robustness,Nível 2,Nível 3,0.8003,Backbone for Representation Learning > Transformer with Convolution,A Survey on Visual Transformers > 2 Architectural Innovations in Visual Transformers > 2.8 Discrete Representations for Robustness,425,925
Self-supervised Representation Learning,3.4 Data Requirements and Learning Flexibility,Nível 2,Nível 3,0.8003,Backbone for Representation Learning > Self-supervised Representation Learning,A Survey on Visual Transformers > 3 Attention Mechanisms and Learning Processes > 3.4 Data Requirements and Learning Flexibility,982,755
Transformer with Convolution,2.8 Discrete Representations for Robustness,Nível 1,Nível 3,0.8003,Transformer with Convolution,A Survey on Visual Transformers > 2 Architectural Innovations in Visual Transformers > 2.8 Discrete Representations for Robustness,425,925
Self-supervised Representation Learning,3.4 Data Requirements and Learning Flexibility,Nível 1,Nível 3,0.8003,Self-supervised Representation Learning,A Survey on Visual Transformers > 3 Attention Mechanisms and Learning Processes > 3.4 Data Requirements and Learning Flexibility,982,755
Image Generation,2.4 Supervised and Self-Supervised Learning,Nível 2,Nível 3,0.8003,Low-level Vision > Image Generation,A Survey on Visual Transformers > 2 Architectural Innovations in Visual Transformers > 2.4 Supervised and Self-Supervised Learning,669,886
Image Generation,2.4 Supervised and Self-Supervised Learning,Nível 1,Nível 3,0.8003,Image Generation,A Survey on Visual Transformers > 2 Architectural Innovations in Visual Transformers > 2.4 Supervised and Self-Supervised Learning,669,886
