GT_Título,LLM_Título,Nível_GT,Nível_LLM,Similaridade,Caminho_GT,Caminho_LLM,Tamanho_GT,Tamanho_LLM
Cachier and Precog,Relaxation measurements,Nível 3,Nível 2,0.611,root > Edge Computing Systems and Tools > Cachier and Precog,A review on the applications of nuclear magnetic resonance (NMR) in the oil and gas industry: laboratory and field-scale measurements > Relaxation measurements,649,699
Cachier and Precog,Relaxation measurements,Nível 2,Nível 2,0.611,Edge Computing Systems and Tools > Cachier and Precog,A review on the applications of nuclear magnetic resonance (NMR) in the oil and gas industry: laboratory and field-scale measurements > Relaxation measurements,649,699
Cachier and Precog,Relaxation measurements,Nível 1,Nível 2,0.611,Cachier and Precog,A review on the applications of nuclear magnetic resonance (NMR) in the oil and gas industry: laboratory and field-scale measurements > Relaxation measurements,649,699
Cachier and Precog,Two-dimensional NMR measurements,Nível 3,Nível 2,0.6016,root > Edge Computing Systems and Tools > Cachier and Precog,A review on the applications of nuclear magnetic resonance (NMR) in the oil and gas industry: laboratory and field-scale measurements > Two-dimensional NMR measurements,649,780
Cachier and Precog,Two-dimensional NMR measurements,Nível 2,Nível 2,0.6016,Edge Computing Systems and Tools > Cachier and Precog,A review on the applications of nuclear magnetic resonance (NMR) in the oil and gas industry: laboratory and field-scale measurements > Two-dimensional NMR measurements,649,780
Cachier and Precog,Two-dimensional NMR measurements,Nível 1,Nível 2,0.6016,Cachier and Precog,A review on the applications of nuclear magnetic resonance (NMR) in the oil and gas industry: laboratory and field-scale measurements > Two-dimensional NMR measurements,649,780
Conclusions,Two-dimensional NMR measurements,Nível 2,Nível 2,0.59,root > Conclusions,A review on the applications of nuclear magnetic resonance (NMR) in the oil and gas industry: laboratory and field-scale measurements > Two-dimensional NMR measurements,559,780
Conclusions,Two-dimensional NMR measurements,Nível 1,Nível 2,0.59,Conclusions,A review on the applications of nuclear magnetic resonance (NMR) in the oil and gas industry: laboratory and field-scale measurements > Two-dimensional NMR measurements,559,780
Conclusions,Relaxation measurements,Nível 2,Nível 2,0.589,root > Conclusions,A review on the applications of nuclear magnetic resonance (NMR) in the oil and gas industry: laboratory and field-scale measurements > Relaxation measurements,559,699
Conclusions,Relaxation measurements,Nível 1,Nível 2,0.589,Conclusions,A review on the applications of nuclear magnetic resonance (NMR) in the oil and gas industry: laboratory and field-scale measurements > Relaxation measurements,559,699
Deep Learning Packages,Future research directions,Nível 3,Nível 2,0.588,root > Deep Learning Optimization at the Edge > Deep Learning Packages,A review on the applications of nuclear magnetic resonance (NMR) in the oil and gas industry: laboratory and field-scale measurements > Future research directions,1025,439
Deep Learning Packages,Future research directions,Nível 2,Nível 2,0.588,Deep Learning Optimization at the Edge > Deep Learning Packages,A review on the applications of nuclear magnetic resonance (NMR) in the oil and gas industry: laboratory and field-scale measurements > Future research directions,1025,439
Deep Learning Packages,Future research directions,Nível 1,Nível 2,0.588,Deep Learning Packages,A review on the applications of nuclear magnetic resonance (NMR) in the oil and gas industry: laboratory and field-scale measurements > Future research directions,1025,439
Cachier and Precog,References,Nível 3,Nível 2,0.5845,root > Edge Computing Systems and Tools > Cachier and Precog,A review on the applications of nuclear magnetic resonance (NMR) in the oil and gas industry: laboratory and field-scale measurements > References,649,8779
Cachier and Precog,References,Nível 2,Nível 2,0.5845,Edge Computing Systems and Tools > Cachier and Precog,A review on the applications of nuclear magnetic resonance (NMR) in the oil and gas industry: laboratory and field-scale measurements > References,649,8779
Cachier and Precog,References,Nível 1,Nível 2,0.5845,Cachier and Precog,A review on the applications of nuclear magnetic resonance (NMR) in the oil and gas industry: laboratory and field-scale measurements > References,649,8779
Multi-domain Management and Cooperation,Declaration,Nível 4,Nível 2,0.584,root > Key Design Issues > Mobility Support > Multi-domain Management and Cooperation,A review on the applications of nuclear magnetic resonance (NMR) in the oil and gas industry: laboratory and field-scale measurements > Declaration,127,147
Multi-domain Management and Cooperation,Declaration,Nível 3,Nível 2,0.584,Key Design Issues > Mobility Support > Multi-domain Management and Cooperation,A review on the applications of nuclear magnetic resonance (NMR) in the oil and gas industry: laboratory and field-scale measurements > Declaration,127,147
Multi-domain Management and Cooperation,Declaration,Nível 2,Nível 2,0.584,Mobility Support > Multi-domain Management and Cooperation,A review on the applications of nuclear magnetic resonance (NMR) in the oil and gas industry: laboratory and field-scale measurements > Declaration,127,147
Multi-domain Management and Cooperation,Declaration,Nível 1,Nível 2,0.584,Multi-domain Management and Cooperation,A review on the applications of nuclear magnetic resonance (NMR) in the oil and gas industry: laboratory and field-scale measurements > Declaration,127,147
Comparative Study,Two-dimensional NMR measurements,Nível 3,Nível 2,0.5835,root > Open Source Edge Computing Projects > Comparative Study,A review on the applications of nuclear magnetic resonance (NMR) in the oil and gas industry: laboratory and field-scale measurements > Two-dimensional NMR measurements,348,780
Comparative Study,Two-dimensional NMR measurements,Nível 2,Nível 2,0.5835,Open Source Edge Computing Projects > Comparative Study,A review on the applications of nuclear magnetic resonance (NMR) in the oil and gas industry: laboratory and field-scale measurements > Two-dimensional NMR measurements,348,780
Comparative Study,Two-dimensional NMR measurements,Nível 1,Nível 2,0.5835,Comparative Study,A review on the applications of nuclear magnetic resonance (NMR) in the oil and gas industry: laboratory and field-scale measurements > Two-dimensional NMR measurements,348,780
Comparative Study,Future research directions,Nível 3,Nível 2,0.5825,root > Open Source Edge Computing Projects > Comparative Study,A review on the applications of nuclear magnetic resonance (NMR) in the oil and gas industry: laboratory and field-scale measurements > Future research directions,348,439
FPGA-based Hardware,Relaxation measurements,Nível 4,Nível 2,0.5825,root > Deep Learning Optimization at the Edge > Hardware System > FPGA-based Hardware,A review on the applications of nuclear magnetic resonance (NMR) in the oil and gas industry: laboratory and field-scale measurements > Relaxation measurements,251,699
Comparative Study,Future research directions,Nível 2,Nível 2,0.5825,Open Source Edge Computing Projects > Comparative Study,A review on the applications of nuclear magnetic resonance (NMR) in the oil and gas industry: laboratory and field-scale measurements > Future research directions,348,439
Comparative Study,Future research directions,Nível 1,Nível 2,0.5825,Comparative Study,A review on the applications of nuclear magnetic resonance (NMR) in the oil and gas industry: laboratory and field-scale measurements > Future research directions,348,439
FPGA-based Hardware,Relaxation measurements,Nível 3,Nível 2,0.5825,Deep Learning Optimization at the Edge > Hardware System > FPGA-based Hardware,A review on the applications of nuclear magnetic resonance (NMR) in the oil and gas industry: laboratory and field-scale measurements > Relaxation measurements,251,699
FPGA-based Hardware,Relaxation measurements,Nível 2,Nível 2,0.5825,Hardware System > FPGA-based Hardware,A review on the applications of nuclear magnetic resonance (NMR) in the oil and gas industry: laboratory and field-scale measurements > Relaxation measurements,251,699
FPGA-based Hardware,Relaxation measurements,Nível 1,Nível 2,0.5825,FPGA-based Hardware,A review on the applications of nuclear magnetic resonance (NMR) in the oil and gas industry: laboratory and field-scale measurements > Relaxation measurements,251,699
Comparative Study,Design and improvements in LWD-NMR,Nível 3,Nível 3,0.5767,root > Open Source Edge Computing Projects > Comparative Study,A review on the applications of nuclear magnetic resonance (NMR) in the oil and gas industry: laboratory and field-scale measurements > NMR applications in field scale > Design and improvements in LWD-NMR,348,1620
Comparative Study,Design and improvements in LWD-NMR,Nível 2,Nível 3,0.5767,Open Source Edge Computing Projects > Comparative Study,A review on the applications of nuclear magnetic resonance (NMR) in the oil and gas industry: laboratory and field-scale measurements > NMR applications in field scale > Design and improvements in LWD-NMR,348,1620
Comparative Study,Design and improvements in LWD-NMR,Nível 1,Nível 3,0.5767,Comparative Study,A review on the applications of nuclear magnetic resonance (NMR) in the oil and gas industry: laboratory and field-scale measurements > NMR applications in field scale > Design and improvements in LWD-NMR,348,1620
Cachier and Precog,Pore size distribution,Nível 3,Nível 3,0.576,root > Edge Computing Systems and Tools > Cachier and Precog,A review on the applications of nuclear magnetic resonance (NMR) in the oil and gas industry: laboratory and field-scale measurements > Petrophysics > Pore size distribution,649,792
Conclusions,Future research directions,Nível 2,Nível 2,0.576,root > Conclusions,A review on the applications of nuclear magnetic resonance (NMR) in the oil and gas industry: laboratory and field-scale measurements > Future research directions,559,439
Cachier and Precog,Pore size distribution,Nível 2,Nível 3,0.576,Edge Computing Systems and Tools > Cachier and Precog,A review on the applications of nuclear magnetic resonance (NMR) in the oil and gas industry: laboratory and field-scale measurements > Petrophysics > Pore size distribution,649,792
Cachier and Precog,Pore size distribution,Nível 1,Nível 3,0.576,Cachier and Precog,A review on the applications of nuclear magnetic resonance (NMR) in the oil and gas industry: laboratory and field-scale measurements > Petrophysics > Pore size distribution,649,792
Conclusions,Future research directions,Nível 1,Nível 2,0.576,Conclusions,A review on the applications of nuclear magnetic resonance (NMR) in the oil and gas industry: laboratory and field-scale measurements > Future research directions,559,439
Comparative Study,Introduction,Nível 3,Nível 2,0.574,root > Open Source Edge Computing Projects > Comparative Study,A review on the applications of nuclear magnetic resonance (NMR) in the oil and gas industry: laboratory and field-scale measurements > Introduction,348,1614
Comparative Study,Introduction,Nível 2,Nível 2,0.574,Open Source Edge Computing Projects > Comparative Study,A review on the applications of nuclear magnetic resonance (NMR) in the oil and gas industry: laboratory and field-scale measurements > Introduction,348,1614
Comparative Study,Introduction,Nível 1,Nível 2,0.574,Comparative Study,A review on the applications of nuclear magnetic resonance (NMR) in the oil and gas industry: laboratory and field-scale measurements > Introduction,348,1614
Cachier and Precog,Future research directions,Nível 3,Nível 2,0.5737,root > Edge Computing Systems and Tools > Cachier and Precog,A review on the applications of nuclear magnetic resonance (NMR) in the oil and gas industry: laboratory and field-scale measurements > Future research directions,649,439
Comparative Study,Relaxation measurements,Nível 3,Nível 2,0.5737,root > Open Source Edge Computing Projects > Comparative Study,A review on the applications of nuclear magnetic resonance (NMR) in the oil and gas industry: laboratory and field-scale measurements > Relaxation measurements,348,699
Cachier and Precog,Future research directions,Nível 2,Nível 2,0.5737,Edge Computing Systems and Tools > Cachier and Precog,A review on the applications of nuclear magnetic resonance (NMR) in the oil and gas industry: laboratory and field-scale measurements > Future research directions,649,439
Cachier and Precog,Future research directions,Nível 1,Nível 2,0.5737,Cachier and Precog,A review on the applications of nuclear magnetic resonance (NMR) in the oil and gas industry: laboratory and field-scale measurements > Future research directions,649,439
Comparative Study,Relaxation measurements,Nível 2,Nível 2,0.5737,Open Source Edge Computing Projects > Comparative Study,A review on the applications of nuclear magnetic resonance (NMR) in the oil and gas industry: laboratory and field-scale measurements > Relaxation measurements,348,699
Comparative Study,Relaxation measurements,Nível 1,Nível 2,0.5737,Comparative Study,A review on the applications of nuclear magnetic resonance (NMR) in the oil and gas industry: laboratory and field-scale measurements > Relaxation measurements,348,699
Deep Learning Packages,Relaxation measurements,Nível 3,Nível 2,0.573,root > Deep Learning Optimization at the Edge > Deep Learning Packages,A review on the applications of nuclear magnetic resonance (NMR) in the oil and gas industry: laboratory and field-scale measurements > Relaxation measurements,1025,699
Deep Learning Packages,Relaxation measurements,Nível 2,Nível 2,0.573,Deep Learning Optimization at the Edge > Deep Learning Packages,A review on the applications of nuclear magnetic resonance (NMR) in the oil and gas industry: laboratory and field-scale measurements > Relaxation measurements,1025,699
Deep Learning Packages,Relaxation measurements,Nível 1,Nível 2,0.573,Deep Learning Packages,A review on the applications of nuclear magnetic resonance (NMR) in the oil and gas industry: laboratory and field-scale measurements > Relaxation measurements,1025,699
Deep Learning Packages,Two-dimensional NMR measurements,Nível 3,Nível 2,0.5728,root > Deep Learning Optimization at the Edge > Deep Learning Packages,A review on the applications of nuclear magnetic resonance (NMR) in the oil and gas industry: laboratory and field-scale measurements > Two-dimensional NMR measurements,1025,780
Deep Learning Packages,Two-dimensional NMR measurements,Nível 2,Nível 2,0.5728,Deep Learning Optimization at the Edge > Deep Learning Packages,A review on the applications of nuclear magnetic resonance (NMR) in the oil and gas industry: laboratory and field-scale measurements > Two-dimensional NMR measurements,1025,780
Deep Learning Packages,Two-dimensional NMR measurements,Nível 1,Nível 2,0.5728,Deep Learning Packages,A review on the applications of nuclear magnetic resonance (NMR) in the oil and gas industry: laboratory and field-scale measurements > Two-dimensional NMR measurements,1025,780
At the Middle Edge Server Layer,Relaxation measurements,Nível 3,Nível 2,0.571,root > Enhancing Energy Efficiency of Edge Computing Systems > At the Middle Edge Server Layer,A review on the applications of nuclear magnetic resonance (NMR) in the oil and gas industry: laboratory and field-scale measurements > Relaxation measurements,90,699
At the Middle Edge Server Layer,NMR applications in laboratory scale,Nível 3,Nível 2,0.571,root > Enhancing Energy Efficiency of Edge Computing Systems > At the Middle Edge Server Layer,A review on the applications of nuclear magnetic resonance (NMR) in the oil and gas industry: laboratory and field-scale measurements > NMR applications in laboratory scale,90,664
At the Middle Edge Server Layer,Relaxation measurements,Nível 2,Nível 2,0.571,Enhancing Energy Efficiency of Edge Computing Systems > At the Middle Edge Server Layer,A review on the applications of nuclear magnetic resonance (NMR) in the oil and gas industry: laboratory and field-scale measurements > Relaxation measurements,90,699
At the Middle Edge Server Layer,NMR applications in laboratory scale,Nível 2,Nível 2,0.571,Enhancing Energy Efficiency of Edge Computing Systems > At the Middle Edge Server Layer,A review on the applications of nuclear magnetic resonance (NMR) in the oil and gas industry: laboratory and field-scale measurements > NMR applications in laboratory scale,90,664
At the Middle Edge Server Layer,Relaxation measurements,Nível 1,Nível 2,0.571,At the Middle Edge Server Layer,A review on the applications of nuclear magnetic resonance (NMR) in the oil and gas industry: laboratory and field-scale measurements > Relaxation measurements,90,699
At the Middle Edge Server Layer,NMR applications in laboratory scale,Nível 1,Nível 2,0.571,At the Middle Edge Server Layer,A review on the applications of nuclear magnetic resonance (NMR) in the oil and gas industry: laboratory and field-scale measurements > NMR applications in laboratory scale,90,664
Deep Learning Packages,Introduction,Nível 3,Nível 2,0.5703,root > Deep Learning Optimization at the Edge > Deep Learning Packages,A review on the applications of nuclear magnetic resonance (NMR) in the oil and gas industry: laboratory and field-scale measurements > Introduction,1025,1614
Deep Learning Packages,Introduction,Nível 2,Nível 2,0.5703,Deep Learning Optimization at the Edge > Deep Learning Packages,A review on the applications of nuclear magnetic resonance (NMR) in the oil and gas industry: laboratory and field-scale measurements > Introduction,1025,1614
Deep Learning Packages,Introduction,Nível 1,Nível 2,0.5703,Deep Learning Packages,A review on the applications of nuclear magnetic resonance (NMR) in the oil and gas industry: laboratory and field-scale measurements > Introduction,1025,1614
Comparative Study,References,Nível 3,Nível 2,0.569,root > Open Source Edge Computing Projects > Comparative Study,A review on the applications of nuclear magnetic resonance (NMR) in the oil and gas industry: laboratory and field-scale measurements > References,348,8779
Comparative Study,References,Nível 2,Nível 2,0.569,Open Source Edge Computing Projects > Comparative Study,A review on the applications of nuclear magnetic resonance (NMR) in the oil and gas industry: laboratory and field-scale measurements > References,348,8779
Comparative Study,References,Nível 1,Nível 2,0.569,Comparative Study,A review on the applications of nuclear magnetic resonance (NMR) in the oil and gas industry: laboratory and field-scale measurements > References,348,8779
Cachier and Precog,Diffusion measurements,Nível 3,Nível 2,0.567,root > Edge Computing Systems and Tools > Cachier and Precog,A review on the applications of nuclear magnetic resonance (NMR) in the oil and gas industry: laboratory and field-scale measurements > Diffusion measurements,649,726
Deep Learning Packages,References,Nível 3,Nível 2,0.567,root > Deep Learning Optimization at the Edge > Deep Learning Packages,A review on the applications of nuclear magnetic resonance (NMR) in the oil and gas industry: laboratory and field-scale measurements > References,1025,8779
Cachier and Precog,Diffusion measurements,Nível 2,Nível 2,0.567,Edge Computing Systems and Tools > Cachier and Precog,A review on the applications of nuclear magnetic resonance (NMR) in the oil and gas industry: laboratory and field-scale measurements > Diffusion measurements,649,726
Cachier and Precog,Diffusion measurements,Nível 1,Nível 2,0.567,Cachier and Precog,A review on the applications of nuclear magnetic resonance (NMR) in the oil and gas industry: laboratory and field-scale measurements > Diffusion measurements,649,726
Deep Learning Packages,References,Nível 2,Nível 2,0.567,Deep Learning Optimization at the Edge > Deep Learning Packages,A review on the applications of nuclear magnetic resonance (NMR) in the oil and gas industry: laboratory and field-scale measurements > References,1025,8779
Deep Learning Packages,References,Nível 1,Nível 2,0.567,Deep Learning Packages,A review on the applications of nuclear magnetic resonance (NMR) in the oil and gas industry: laboratory and field-scale measurements > References,1025,8779
Deep Learning Packages,Design and improvements in LWD-NMR,Nível 3,Nível 3,0.5664,root > Deep Learning Optimization at the Edge > Deep Learning Packages,A review on the applications of nuclear magnetic resonance (NMR) in the oil and gas industry: laboratory and field-scale measurements > NMR applications in field scale > Design and improvements in LWD-NMR,1025,1620
Deep Learning Packages,Design and improvements in LWD-NMR,Nível 2,Nível 3,0.5664,Deep Learning Optimization at the Edge > Deep Learning Packages,A review on the applications of nuclear magnetic resonance (NMR) in the oil and gas industry: laboratory and field-scale measurements > NMR applications in field scale > Design and improvements in LWD-NMR,1025,1620
Deep Learning Packages,Design and improvements in LWD-NMR,Nível 1,Nível 3,0.5664,Deep Learning Packages,A review on the applications of nuclear magnetic resonance (NMR) in the oil and gas industry: laboratory and field-scale measurements > NMR applications in field scale > Design and improvements in LWD-NMR,1025,1620
Cloud-Sea Computing Systems,Future research directions,Nível 3,Nível 2,0.5654,root > Edge Computing Systems and Tools > Cloud-Sea Computing Systems,A review on the applications of nuclear magnetic resonance (NMR) in the oil and gas industry: laboratory and field-scale measurements > Future research directions,587,439
Conclusions,References,Nível 2,Nível 2,0.5654,root > Conclusions,A review on the applications of nuclear magnetic resonance (NMR) in the oil and gas industry: laboratory and field-scale measurements > References,559,8779
Cloud-Sea Computing Systems,Future research directions,Nível 2,Nível 2,0.5654,Edge Computing Systems and Tools > Cloud-Sea Computing Systems,A review on the applications of nuclear magnetic resonance (NMR) in the oil and gas industry: laboratory and field-scale measurements > Future research directions,587,439
Cloud-Sea Computing Systems,Future research directions,Nível 1,Nível 2,0.5654,Cloud-Sea Computing Systems,A review on the applications of nuclear magnetic resonance (NMR) in the oil and gas industry: laboratory and field-scale measurements > Future research directions,587,439
Conclusions,References,Nível 1,Nível 2,0.5654,Conclusions,A review on the applications of nuclear magnetic resonance (NMR) in the oil and gas industry: laboratory and field-scale measurements > References,559,8779
ASIC,Relaxation measurements,Nível 4,Nível 2,0.565,root > Deep Learning Optimization at the Edge > Hardware System > ASIC,A review on the applications of nuclear magnetic resonance (NMR) in the oil and gas industry: laboratory and field-scale measurements > Relaxation measurements,205,699
ASIC,Relaxation measurements,Nível 3,Nível 2,0.565,Deep Learning Optimization at the Edge > Hardware System > ASIC,A review on the applications of nuclear magnetic resonance (NMR) in the oil and gas industry: laboratory and field-scale measurements > Relaxation measurements,205,699
ASIC,Relaxation measurements,Nível 2,Nível 2,0.565,Hardware System > ASIC,A review on the applications of nuclear magnetic resonance (NMR) in the oil and gas industry: laboratory and field-scale measurements > Relaxation measurements,205,699
ASIC,Relaxation measurements,Nível 1,Nível 2,0.565,ASIC,A review on the applications of nuclear magnetic resonance (NMR) in the oil and gas industry: laboratory and field-scale measurements > Relaxation measurements,205,699
Cachier and Precog,Introduction,Nível 3,Nível 2,0.5635,root > Edge Computing Systems and Tools > Cachier and Precog,A review on the applications of nuclear magnetic resonance (NMR) in the oil and gas industry: laboratory and field-scale measurements > Introduction,649,1614
Cachier and Precog,Introduction,Nível 2,Nível 2,0.5635,Edge Computing Systems and Tools > Cachier and Precog,A review on the applications of nuclear magnetic resonance (NMR) in the oil and gas industry: laboratory and field-scale measurements > Introduction,649,1614
Cachier and Precog,Introduction,Nível 1,Nível 2,0.5635,Cachier and Precog,A review on the applications of nuclear magnetic resonance (NMR) in the oil and gas industry: laboratory and field-scale measurements > Introduction,649,1614
Cloud-Sea Computing Systems,References,Nível 3,Nível 2,0.563,root > Edge Computing Systems and Tools > Cloud-Sea Computing Systems,A review on the applications of nuclear magnetic resonance (NMR) in the oil and gas industry: laboratory and field-scale measurements > References,587,8779
Cloud-Sea Computing Systems,References,Nível 2,Nível 2,0.563,Edge Computing Systems and Tools > Cloud-Sea Computing Systems,A review on the applications of nuclear magnetic resonance (NMR) in the oil and gas industry: laboratory and field-scale measurements > References,587,8779
Cloud-Sea Computing Systems,References,Nível 1,Nível 2,0.563,Cloud-Sea Computing Systems,A review on the applications of nuclear magnetic resonance (NMR) in the oil and gas industry: laboratory and field-scale measurements > References,587,8779
At the Middle Edge Server Layer,Two-dimensional NMR measurements,Nível 3,Nível 2,0.5615,root > Enhancing Energy Efficiency of Edge Computing Systems > At the Middle Edge Server Layer,A review on the applications of nuclear magnetic resonance (NMR) in the oil and gas industry: laboratory and field-scale measurements > Two-dimensional NMR measurements,90,780
At the Middle Edge Server Layer,Two-dimensional NMR measurements,Nível 2,Nível 2,0.5615,Enhancing Energy Efficiency of Edge Computing Systems > At the Middle Edge Server Layer,A review on the applications of nuclear magnetic resonance (NMR) in the oil and gas industry: laboratory and field-scale measurements > Two-dimensional NMR measurements,90,780
At the Middle Edge Server Layer,Two-dimensional NMR measurements,Nível 1,Nível 2,0.5615,At the Middle Edge Server Layer,A review on the applications of nuclear magnetic resonance (NMR) in the oil and gas industry: laboratory and field-scale measurements > Two-dimensional NMR measurements,90,780
Conclusions,Design and improvements in LWD-NMR,Nível 2,Nível 3,0.5605,root > Conclusions,A review on the applications of nuclear magnetic resonance (NMR) in the oil and gas industry: laboratory and field-scale measurements > NMR applications in field scale > Design and improvements in LWD-NMR,559,1620
Conclusions,Design and improvements in LWD-NMR,Nível 1,Nível 3,0.5605,Conclusions,A review on the applications of nuclear magnetic resonance (NMR) in the oil and gas industry: laboratory and field-scale measurements > NMR applications in field scale > Design and improvements in LWD-NMR,559,1620
Cachier and Precog,Tar detection in carbonates,Nível 3,Nível 4,0.5596,root > Edge Computing Systems and Tools > Cachier and Precog,A review on the applications of nuclear magnetic resonance (NMR) in the oil and gas industry: laboratory and field-scale measurements > NMR applications in field scale > Field implementation and applications > Tar detection in carbonates,649,491
Cachier and Precog,Tar detection in carbonates,Nível 2,Nível 4,0.5596,Edge Computing Systems and Tools > Cachier and Precog,A review on the applications of nuclear magnetic resonance (NMR) in the oil and gas industry: laboratory and field-scale measurements > NMR applications in field scale > Field implementation and applications > Tar detection in carbonates,649,491
Cachier and Precog,Tar detection in carbonates,Nível 1,Nível 4,0.5596,Cachier and Precog,A review on the applications of nuclear magnetic resonance (NMR) in the oil and gas industry: laboratory and field-scale measurements > NMR applications in field scale > Field implementation and applications > Tar detection in carbonates,649,491
Cachier and Precog,Design and improvements in LWD-NMR,Nível 3,Nível 3,0.558,root > Edge Computing Systems and Tools > Cachier and Precog,A review on the applications of nuclear magnetic resonance (NMR) in the oil and gas industry: laboratory and field-scale measurements > NMR applications in field scale > Design and improvements in LWD-NMR,649,1620
Cachier and Precog,Design and improvements in LWD-NMR,Nível 2,Nível 3,0.558,Edge Computing Systems and Tools > Cachier and Precog,A review on the applications of nuclear magnetic resonance (NMR) in the oil and gas industry: laboratory and field-scale measurements > NMR applications in field scale > Design and improvements in LWD-NMR,649,1620
Cachier and Precog,Design and improvements in LWD-NMR,Nível 1,Nível 3,0.558,Cachier and Precog,A review on the applications of nuclear magnetic resonance (NMR) in the oil and gas industry: laboratory and field-scale measurements > NMR applications in field scale > Design and improvements in LWD-NMR,649,1620
At the Middle Edge Server Layer,Future research directions,Nível 3,Nível 2,0.5576,root > Enhancing Energy Efficiency of Edge Computing Systems > At the Middle Edge Server Layer,A review on the applications of nuclear magnetic resonance (NMR) in the oil and gas industry: laboratory and field-scale measurements > Future research directions,90,439
At the Middle Edge Server Layer,Future research directions,Nível 2,Nível 2,0.5576,Enhancing Energy Efficiency of Edge Computing Systems > At the Middle Edge Server Layer,A review on the applications of nuclear magnetic resonance (NMR) in the oil and gas industry: laboratory and field-scale measurements > Future research directions,90,439
At the Middle Edge Server Layer,Future research directions,Nível 1,Nível 2,0.5576,At the Middle Edge Server Layer,A review on the applications of nuclear magnetic resonance (NMR) in the oil and gas industry: laboratory and field-scale measurements > Future research directions,90,439
Cachier and Precog,Permeability,Nível 3,Nível 3,0.557,root > Edge Computing Systems and Tools > Cachier and Precog,A review on the applications of nuclear magnetic resonance (NMR) in the oil and gas industry: laboratory and field-scale measurements > Petrophysics > Permeability,649,552
Comparative Study,Pore size distribution,Nível 3,Nível 3,0.557,root > Open Source Edge Computing Projects > Comparative Study,A review on the applications of nuclear magnetic resonance (NMR) in the oil and gas industry: laboratory and field-scale measurements > Petrophysics > Pore size distribution,348,792
Enhancing Energy Efficiency of Edge Computing Systems,Relaxation measurements,Nível 2,Nível 2,0.557,root > Enhancing Energy Efficiency of Edge Computing Systems,A review on the applications of nuclear magnetic resonance (NMR) in the oil and gas industry: laboratory and field-scale measurements > Relaxation measurements,84,699
Cachier and Precog,Permeability,Nível 2,Nível 3,0.557,Edge Computing Systems and Tools > Cachier and Precog,A review on the applications of nuclear magnetic resonance (NMR) in the oil and gas industry: laboratory and field-scale measurements > Petrophysics > Permeability,649,552
Cachier and Precog,Permeability,Nível 1,Nível 3,0.557,Cachier and Precog,A review on the applications of nuclear magnetic resonance (NMR) in the oil and gas industry: laboratory and field-scale measurements > Petrophysics > Permeability,649,552
Comparative Study,Pore size distribution,Nível 2,Nível 3,0.557,Open Source Edge Computing Projects > Comparative Study,A review on the applications of nuclear magnetic resonance (NMR) in the oil and gas industry: laboratory and field-scale measurements > Petrophysics > Pore size distribution,348,792
Comparative Study,Pore size distribution,Nível 1,Nível 3,0.557,Comparative Study,A review on the applications of nuclear magnetic resonance (NMR) in the oil and gas industry: laboratory and field-scale measurements > Petrophysics > Pore size distribution,348,792
Enhancing Energy Efficiency of Edge Computing Systems,Relaxation measurements,Nível 1,Nível 2,0.557,Enhancing Energy Efficiency of Edge Computing Systems,A review on the applications of nuclear magnetic resonance (NMR) in the oil and gas industry: laboratory and field-scale measurements > Relaxation measurements,84,699
Cachier and Precog,NMR applications in laboratory scale,Nível 3,Nível 2,0.5566,root > Edge Computing Systems and Tools > Cachier and Precog,A review on the applications of nuclear magnetic resonance (NMR) in the oil and gas industry: laboratory and field-scale measurements > NMR applications in laboratory scale,649,664
CORD,Future research directions,Nível 3,Nível 2,0.5566,root > Open Source Edge Computing Projects > CORD,A review on the applications of nuclear magnetic resonance (NMR) in the oil and gas industry: laboratory and field-scale measurements > Future research directions,590,439
Cachier and Precog,NMR applications in laboratory scale,Nível 2,Nível 2,0.5566,Edge Computing Systems and Tools > Cachier and Precog,A review on the applications of nuclear magnetic resonance (NMR) in the oil and gas industry: laboratory and field-scale measurements > NMR applications in laboratory scale,649,664
Cachier and Precog,NMR applications in laboratory scale,Nível 1,Nível 2,0.5566,Cachier and Precog,A review on the applications of nuclear magnetic resonance (NMR) in the oil and gas industry: laboratory and field-scale measurements > NMR applications in laboratory scale,649,664
CORD,Future research directions,Nível 2,Nível 2,0.5566,Open Source Edge Computing Projects > CORD,A review on the applications of nuclear magnetic resonance (NMR) in the oil and gas industry: laboratory and field-scale measurements > Future research directions,590,439
CORD,Future research directions,Nível 1,Nível 2,0.5566,CORD,A review on the applications of nuclear magnetic resonance (NMR) in the oil and gas industry: laboratory and field-scale measurements > Future research directions,590,439
Conclusions,Introduction,Nível 2,Nível 2,0.556,root > Conclusions,A review on the applications of nuclear magnetic resonance (NMR) in the oil and gas industry: laboratory and field-scale measurements > Introduction,559,1614
Conclusions,Introduction,Nível 1,Nível 2,0.556,Conclusions,A review on the applications of nuclear magnetic resonance (NMR) in the oil and gas industry: laboratory and field-scale measurements > Introduction,559,1614
CORD,Design and improvements in LWD-NMR,Nível 3,Nível 3,0.5547,root > Open Source Edge Computing Projects > CORD,A review on the applications of nuclear magnetic resonance (NMR) in the oil and gas industry: laboratory and field-scale measurements > NMR applications in field scale > Design and improvements in LWD-NMR,590,1620
CORD,Design and improvements in LWD-NMR,Nível 2,Nível 3,0.5547,Open Source Edge Computing Projects > CORD,A review on the applications of nuclear magnetic resonance (NMR) in the oil and gas industry: laboratory and field-scale measurements > NMR applications in field scale > Design and improvements in LWD-NMR,590,1620
CORD,Design and improvements in LWD-NMR,Nível 1,Nível 3,0.5547,CORD,A review on the applications of nuclear magnetic resonance (NMR) in the oil and gas industry: laboratory and field-scale measurements > NMR applications in field scale > Design and improvements in LWD-NMR,590,1620
Cloud-Sea Computing Systems,Relaxation measurements,Nível 3,Nível 2,0.554,root > Edge Computing Systems and Tools > Cloud-Sea Computing Systems,A review on the applications of nuclear magnetic resonance (NMR) in the oil and gas industry: laboratory and field-scale measurements > Relaxation measurements,587,699
Comparative Study,Declaration,Nível 3,Nível 2,0.554,root > Open Source Edge Computing Projects > Comparative Study,A review on the applications of nuclear magnetic resonance (NMR) in the oil and gas industry: laboratory and field-scale measurements > Declaration,348,147
At the Top Cloud Layer,Two-dimensional NMR measurements,Nível 3,Nível 2,0.554,root > Enhancing Energy Efficiency of Edge Computing Systems > At the Top Cloud Layer,A review on the applications of nuclear magnetic resonance (NMR) in the oil and gas industry: laboratory and field-scale measurements > Two-dimensional NMR measurements,197,780
At the Top Cloud Layer,Future research directions,Nível 3,Nível 2,0.554,root > Enhancing Energy Efficiency of Edge Computing Systems > At the Top Cloud Layer,A review on the applications of nuclear magnetic resonance (NMR) in the oil and gas industry: laboratory and field-scale measurements > Future research directions,197,439
Cloud-Sea Computing Systems,Relaxation measurements,Nível 2,Nível 2,0.554,Edge Computing Systems and Tools > Cloud-Sea Computing Systems,A review on the applications of nuclear magnetic resonance (NMR) in the oil and gas industry: laboratory and field-scale measurements > Relaxation measurements,587,699
Cloud-Sea Computing Systems,Relaxation measurements,Nível 1,Nível 2,0.554,Cloud-Sea Computing Systems,A review on the applications of nuclear magnetic resonance (NMR) in the oil and gas industry: laboratory and field-scale measurements > Relaxation measurements,587,699
Comparative Study,Declaration,Nível 2,Nível 2,0.554,Open Source Edge Computing Projects > Comparative Study,A review on the applications of nuclear magnetic resonance (NMR) in the oil and gas industry: laboratory and field-scale measurements > Declaration,348,147
Comparative Study,Declaration,Nível 1,Nível 2,0.554,Comparative Study,A review on the applications of nuclear magnetic resonance (NMR) in the oil and gas industry: laboratory and field-scale measurements > Declaration,348,147
At the Top Cloud Layer,Two-dimensional NMR measurements,Nível 2,Nível 2,0.554,Enhancing Energy Efficiency of Edge Computing Systems > At the Top Cloud Layer,A review on the applications of nuclear magnetic resonance (NMR) in the oil and gas industry: laboratory and field-scale measurements > Two-dimensional NMR measurements,197,780
At the Top Cloud Layer,Future research directions,Nível 2,Nível 2,0.554,Enhancing Energy Efficiency of Edge Computing Systems > At the Top Cloud Layer,A review on the applications of nuclear magnetic resonance (NMR) in the oil and gas industry: laboratory and field-scale measurements > Future research directions,197,439
At the Top Cloud Layer,Two-dimensional NMR measurements,Nível 1,Nível 2,0.554,At the Top Cloud Layer,A review on the applications of nuclear magnetic resonance (NMR) in the oil and gas industry: laboratory and field-scale measurements > Two-dimensional NMR measurements,197,780
At the Top Cloud Layer,Future research directions,Nível 1,Nível 2,0.554,At the Top Cloud Layer,A review on the applications of nuclear magnetic resonance (NMR) in the oil and gas industry: laboratory and field-scale measurements > Future research directions,197,439
Scenarios,Design and improvements in LWD-NMR,Nível 4,Nível 3,0.5537,root > Open Source Edge Computing Projects > Comparative Study > Scenarios,A review on the applications of nuclear magnetic resonance (NMR) in the oil and gas industry: laboratory and field-scale measurements > NMR applications in field scale > Design and improvements in LWD-NMR,471,1620
Enhancing Energy Efficiency of Edge Computing Systems,Two-dimensional NMR measurements,Nível 2,Nível 2,0.5537,root > Enhancing Energy Efficiency of Edge Computing Systems,A review on the applications of nuclear magnetic resonance (NMR) in the oil and gas industry: laboratory and field-scale measurements > Two-dimensional NMR measurements,84,780
Scenarios,Design and improvements in LWD-NMR,Nível 3,Nível 3,0.5537,Open Source Edge Computing Projects > Comparative Study > Scenarios,A review on the applications of nuclear magnetic resonance (NMR) in the oil and gas industry: laboratory and field-scale measurements > NMR applications in field scale > Design and improvements in LWD-NMR,471,1620
Scenarios,Design and improvements in LWD-NMR,Nível 2,Nível 3,0.5537,Comparative Study > Scenarios,A review on the applications of nuclear magnetic resonance (NMR) in the oil and gas industry: laboratory and field-scale measurements > NMR applications in field scale > Design and improvements in LWD-NMR,471,1620
Scenarios,Design and improvements in LWD-NMR,Nível 1,Nível 3,0.5537,Scenarios,A review on the applications of nuclear magnetic resonance (NMR) in the oil and gas industry: laboratory and field-scale measurements > NMR applications in field scale > Design and improvements in LWD-NMR,471,1620
Enhancing Energy Efficiency of Edge Computing Systems,Two-dimensional NMR measurements,Nível 1,Nível 2,0.5537,Enhancing Energy Efficiency of Edge Computing Systems,A review on the applications of nuclear magnetic resonance (NMR) in the oil and gas industry: laboratory and field-scale measurements > Two-dimensional NMR measurements,84,780
Other Edge Computing Systems,Design and improvements in LWD-NMR,Nível 3,Nível 3,0.553,root > Edge Computing Systems and Tools > Other Edge Computing Systems,A review on the applications of nuclear magnetic resonance (NMR) in the oil and gas industry: laboratory and field-scale measurements > NMR applications in field scale > Design and improvements in LWD-NMR,831,1620
Other Edge Computing Systems,Design and improvements in LWD-NMR,Nível 2,Nível 3,0.553,Edge Computing Systems and Tools > Other Edge Computing Systems,A review on the applications of nuclear magnetic resonance (NMR) in the oil and gas industry: laboratory and field-scale measurements > NMR applications in field scale > Design and improvements in LWD-NMR,831,1620
Other Edge Computing Systems,Design and improvements in LWD-NMR,Nível 1,Nível 3,0.553,Other Edge Computing Systems,A review on the applications of nuclear magnetic resonance (NMR) in the oil and gas industry: laboratory and field-scale measurements > NMR applications in field scale > Design and improvements in LWD-NMR,831,1620
Conclusions,Permeability,Nível 2,Nível 3,0.5527,root > Conclusions,A review on the applications of nuclear magnetic resonance (NMR) in the oil and gas industry: laboratory and field-scale measurements > Petrophysics > Permeability,559,552
Conclusions,Permeability,Nível 1,Nível 3,0.5527,Conclusions,A review on the applications of nuclear magnetic resonance (NMR) in the oil and gas industry: laboratory and field-scale measurements > Petrophysics > Permeability,559,552
Cloud-Sea Computing Systems,Pore size distribution,Nível 3,Nível 3,0.5522,root > Edge Computing Systems and Tools > Cloud-Sea Computing Systems,A review on the applications of nuclear magnetic resonance (NMR) in the oil and gas industry: laboratory and field-scale measurements > Petrophysics > Pore size distribution,587,792
ParaDrop Developer Workflow,Geosteering and well placement optimization,Nível 3,Nível 4,0.5522,root > ParaDrop > ParaDrop Developer Workflow,A review on the applications of nuclear magnetic resonance (NMR) in the oil and gas industry: laboratory and field-scale measurements > NMR applications in field scale > Field implementation and applications > Geosteering and well placement optimization,286,816
Comparative Study,Wettability,Nível 3,Nível 3,0.5522,root > Open Source Edge Computing Projects > Comparative Study,A review on the applications of nuclear magnetic resonance (NMR) in the oil and gas industry: laboratory and field-scale measurements > Petrophysics > Wettability,348,416
FPGA-based Hardware,Future research directions,Nível 4,Nível 2,0.5522,root > Deep Learning Optimization at the Edge > Hardware System > FPGA-based Hardware,A review on the applications of nuclear magnetic resonance (NMR) in the oil and gas industry: laboratory and field-scale measurements > Future research directions,251,439
Cloud-Sea Computing Systems,Pore size distribution,Nível 2,Nível 3,0.5522,Edge Computing Systems and Tools > Cloud-Sea Computing Systems,A review on the applications of nuclear magnetic resonance (NMR) in the oil and gas industry: laboratory and field-scale measurements > Petrophysics > Pore size distribution,587,792
Cloud-Sea Computing Systems,Pore size distribution,Nível 1,Nível 3,0.5522,Cloud-Sea Computing Systems,A review on the applications of nuclear magnetic resonance (NMR) in the oil and gas industry: laboratory and field-scale measurements > Petrophysics > Pore size distribution,587,792
ParaDrop Developer Workflow,Geosteering and well placement optimization,Nível 2,Nível 4,0.5522,ParaDrop > ParaDrop Developer Workflow,A review on the applications of nuclear magnetic resonance (NMR) in the oil and gas industry: laboratory and field-scale measurements > NMR applications in field scale > Field implementation and applications > Geosteering and well placement optimization,286,816
ParaDrop Developer Workflow,Geosteering and well placement optimization,Nível 1,Nível 4,0.5522,ParaDrop Developer Workflow,A review on the applications of nuclear magnetic resonance (NMR) in the oil and gas industry: laboratory and field-scale measurements > NMR applications in field scale > Field implementation and applications > Geosteering and well placement optimization,286,816
Comparative Study,Wettability,Nível 2,Nível 3,0.5522,Open Source Edge Computing Projects > Comparative Study,A review on the applications of nuclear magnetic resonance (NMR) in the oil and gas industry: laboratory and field-scale measurements > Petrophysics > Wettability,348,416
Comparative Study,Wettability,Nível 1,Nível 3,0.5522,Comparative Study,A review on the applications of nuclear magnetic resonance (NMR) in the oil and gas industry: laboratory and field-scale measurements > Petrophysics > Wettability,348,416
FPGA-based Hardware,Future research directions,Nível 3,Nível 2,0.5522,Deep Learning Optimization at the Edge > Hardware System > FPGA-based Hardware,A review on the applications of nuclear magnetic resonance (NMR) in the oil and gas industry: laboratory and field-scale measurements > Future research directions,251,439
FPGA-based Hardware,Future research directions,Nível 2,Nível 2,0.5522,Hardware System > FPGA-based Hardware,A review on the applications of nuclear magnetic resonance (NMR) in the oil and gas industry: laboratory and field-scale measurements > Future research directions,251,439
FPGA-based Hardware,Future research directions,Nível 1,Nível 2,0.5522,FPGA-based Hardware,A review on the applications of nuclear magnetic resonance (NMR) in the oil and gas industry: laboratory and field-scale measurements > Future research directions,251,439
Cloud-Sea Computing Systems,Two-dimensional NMR measurements,Nível 3,Nível 2,0.552,root > Edge Computing Systems and Tools > Cloud-Sea Computing Systems,A review on the applications of nuclear magnetic resonance (NMR) in the oil and gas industry: laboratory and field-scale measurements > Two-dimensional NMR measurements,587,780
Cloud-Sea Computing Systems,Two-dimensional NMR measurements,Nível 2,Nível 2,0.552,Edge Computing Systems and Tools > Cloud-Sea Computing Systems,A review on the applications of nuclear magnetic resonance (NMR) in the oil and gas industry: laboratory and field-scale measurements > Two-dimensional NMR measurements,587,780
Cloud-Sea Computing Systems,Two-dimensional NMR measurements,Nível 1,Nível 2,0.552,Cloud-Sea Computing Systems,A review on the applications of nuclear magnetic resonance (NMR) in the oil and gas industry: laboratory and field-scale measurements > Two-dimensional NMR measurements,587,780
Cachier and Precog,Common misinterpretation in conventional rocks,Nível 3,Nível 3,0.5513,root > Edge Computing Systems and Tools > Cachier and Precog,A review on the applications of nuclear magnetic resonance (NMR) in the oil and gas industry: laboratory and field-scale measurements > Special topics > Common misinterpretation in conventional rocks,649,749
FocusStack,Tar detection in carbonates,Nível 3,Nível 4,0.5513,root > Edge Computing Systems and Tools > FocusStack,A review on the applications of nuclear magnetic resonance (NMR) in the oil and gas industry: laboratory and field-scale measurements > NMR applications in field scale > Field implementation and applications > Tar detection in carbonates,555,491
Cachier and Precog,Common misinterpretation in conventional rocks,Nível 2,Nível 3,0.5513,Edge Computing Systems and Tools > Cachier and Precog,A review on the applications of nuclear magnetic resonance (NMR) in the oil and gas industry: laboratory and field-scale measurements > Special topics > Common misinterpretation in conventional rocks,649,749
FocusStack,Tar detection in carbonates,Nível 2,Nível 4,0.5513,Edge Computing Systems and Tools > FocusStack,A review on the applications of nuclear magnetic resonance (NMR) in the oil and gas industry: laboratory and field-scale measurements > NMR applications in field scale > Field implementation and applications > Tar detection in carbonates,555,491
Cachier and Precog,Common misinterpretation in conventional rocks,Nível 1,Nível 3,0.5513,Cachier and Precog,A review on the applications of nuclear magnetic resonance (NMR) in the oil and gas industry: laboratory and field-scale measurements > Special topics > Common misinterpretation in conventional rocks,649,749
FocusStack,Tar detection in carbonates,Nível 1,Nível 4,0.5513,FocusStack,A review on the applications of nuclear magnetic resonance (NMR) in the oil and gas industry: laboratory and field-scale measurements > NMR applications in field scale > Field implementation and applications > Tar detection in carbonates,555,491
Cloud-Sea Computing Systems,Geosteering and well placement optimization,Nível 3,Nível 4,0.551,root > Edge Computing Systems and Tools > Cloud-Sea Computing Systems,A review on the applications of nuclear magnetic resonance (NMR) in the oil and gas industry: laboratory and field-scale measurements > NMR applications in field scale > Field implementation and applications > Geosteering and well placement optimization,587,816
At the Top Cloud Layer,NMR applications in laboratory scale,Nível 3,Nível 2,0.551,root > Enhancing Energy Efficiency of Edge Computing Systems > At the Top Cloud Layer,A review on the applications of nuclear magnetic resonance (NMR) in the oil and gas industry: laboratory and field-scale measurements > NMR applications in laboratory scale,197,664
At the Top Cloud Layer,Pore size distribution,Nível 3,Nível 3,0.551,root > Enhancing Energy Efficiency of Edge Computing Systems > At the Top Cloud Layer,A review on the applications of nuclear magnetic resonance (NMR) in the oil and gas industry: laboratory and field-scale measurements > Petrophysics > Pore size distribution,197,792
Cloud-Sea Computing Systems,Geosteering and well placement optimization,Nível 2,Nível 4,0.551,Edge Computing Systems and Tools > Cloud-Sea Computing Systems,A review on the applications of nuclear magnetic resonance (NMR) in the oil and gas industry: laboratory and field-scale measurements > NMR applications in field scale > Field implementation and applications > Geosteering and well placement optimization,587,816
Cloud-Sea Computing Systems,Geosteering and well placement optimization,Nível 1,Nível 4,0.551,Cloud-Sea Computing Systems,A review on the applications of nuclear magnetic resonance (NMR) in the oil and gas industry: laboratory and field-scale measurements > NMR applications in field scale > Field implementation and applications > Geosteering and well placement optimization,587,816
At the Top Cloud Layer,NMR applications in laboratory scale,Nível 2,Nível 2,0.551,Enhancing Energy Efficiency of Edge Computing Systems > At the Top Cloud Layer,A review on the applications of nuclear magnetic resonance (NMR) in the oil and gas industry: laboratory and field-scale measurements > NMR applications in laboratory scale,197,664
At the Top Cloud Layer,Pore size distribution,Nível 2,Nível 3,0.551,Enhancing Energy Efficiency of Edge Computing Systems > At the Top Cloud Layer,A review on the applications of nuclear magnetic resonance (NMR) in the oil and gas industry: laboratory and field-scale measurements > Petrophysics > Pore size distribution,197,792
At the Top Cloud Layer,NMR applications in laboratory scale,Nível 1,Nível 2,0.551,At the Top Cloud Layer,A review on the applications of nuclear magnetic resonance (NMR) in the oil and gas industry: laboratory and field-scale measurements > NMR applications in laboratory scale,197,664
At the Top Cloud Layer,Pore size distribution,Nível 1,Nível 3,0.551,At the Top Cloud Layer,A review on the applications of nuclear magnetic resonance (NMR) in the oil and gas industry: laboratory and field-scale measurements > Petrophysics > Pore size distribution,197,792
Systems and Toolkits,Design and improvements in LWD-NMR,Nível 3,Nível 3,0.5493,root > Deep Learning Optimization at the Edge > Systems and Toolkits,A review on the applications of nuclear magnetic resonance (NMR) in the oil and gas industry: laboratory and field-scale measurements > NMR applications in field scale > Design and improvements in LWD-NMR,550,1620
Systems and Toolkits,Design and improvements in LWD-NMR,Nível 2,Nível 3,0.5493,Deep Learning Optimization at the Edge > Systems and Toolkits,A review on the applications of nuclear magnetic resonance (NMR) in the oil and gas industry: laboratory and field-scale measurements > NMR applications in field scale > Design and improvements in LWD-NMR,550,1620
Systems and Toolkits,Design and improvements in LWD-NMR,Nível 1,Nível 3,0.5493,Systems and Toolkits,A review on the applications of nuclear magnetic resonance (NMR) in the oil and gas industry: laboratory and field-scale measurements > NMR applications in field scale > Design and improvements in LWD-NMR,550,1620
SpanEdge,Future research directions,Nível 3,Nível 2,0.549,root > Edge Computing Systems and Tools > SpanEdge,A review on the applications of nuclear magnetic resonance (NMR) in the oil and gas industry: laboratory and field-scale measurements > Future research directions,490,439
SpanEdge,Future research directions,Nível 2,Nível 2,0.549,Edge Computing Systems and Tools > SpanEdge,A review on the applications of nuclear magnetic resonance (NMR) in the oil and gas industry: laboratory and field-scale measurements > Future research directions,490,439
SpanEdge,Future research directions,Nível 1,Nível 2,0.549,SpanEdge,A review on the applications of nuclear magnetic resonance (NMR) in the oil and gas industry: laboratory and field-scale measurements > Future research directions,490,439
Comparative Study,NMR applications in laboratory scale,Nível 3,Nível 2,0.5483,root > Open Source Edge Computing Projects > Comparative Study,A review on the applications of nuclear magnetic resonance (NMR) in the oil and gas industry: laboratory and field-scale measurements > NMR applications in laboratory scale,348,664
Scenarios,Declaration,Nível 4,Nível 2,0.5483,root > Open Source Edge Computing Projects > Comparative Study > Scenarios,A review on the applications of nuclear magnetic resonance (NMR) in the oil and gas industry: laboratory and field-scale measurements > Declaration,471,147
FPGA-based Hardware,Two-dimensional NMR measurements,Nível 4,Nível 2,0.5483,root > Deep Learning Optimization at the Edge > Hardware System > FPGA-based Hardware,A review on the applications of nuclear magnetic resonance (NMR) in the oil and gas industry: laboratory and field-scale measurements > Two-dimensional NMR measurements,251,780
Conclusions,Pore size distribution,Nível 2,Nível 3,0.5483,root > Conclusions,A review on the applications of nuclear magnetic resonance (NMR) in the oil and gas industry: laboratory and field-scale measurements > Petrophysics > Pore size distribution,559,792
Comparative Study,NMR applications in laboratory scale,Nível 2,Nível 2,0.5483,Open Source Edge Computing Projects > Comparative Study,A review on the applications of nuclear magnetic resonance (NMR) in the oil and gas industry: laboratory and field-scale measurements > NMR applications in laboratory scale,348,664
Scenarios,Declaration,Nível 3,Nível 2,0.5483,Open Source Edge Computing Projects > Comparative Study > Scenarios,A review on the applications of nuclear magnetic resonance (NMR) in the oil and gas industry: laboratory and field-scale measurements > Declaration,471,147
Comparative Study,NMR applications in laboratory scale,Nível 1,Nível 2,0.5483,Comparative Study,A review on the applications of nuclear magnetic resonance (NMR) in the oil and gas industry: laboratory and field-scale measurements > NMR applications in laboratory scale,348,664
Scenarios,Declaration,Nível 2,Nível 2,0.5483,Comparative Study > Scenarios,A review on the applications of nuclear magnetic resonance (NMR) in the oil and gas industry: laboratory and field-scale measurements > Declaration,471,147
Scenarios,Declaration,Nível 1,Nível 2,0.5483,Scenarios,A review on the applications of nuclear magnetic resonance (NMR) in the oil and gas industry: laboratory and field-scale measurements > Declaration,471,147
FPGA-based Hardware,Two-dimensional NMR measurements,Nível 3,Nível 2,0.5483,Deep Learning Optimization at the Edge > Hardware System > FPGA-based Hardware,A review on the applications of nuclear magnetic resonance (NMR) in the oil and gas industry: laboratory and field-scale measurements > Two-dimensional NMR measurements,251,780
FPGA-based Hardware,Two-dimensional NMR measurements,Nível 2,Nível 2,0.5483,Hardware System > FPGA-based Hardware,A review on the applications of nuclear magnetic resonance (NMR) in the oil and gas industry: laboratory and field-scale measurements > Two-dimensional NMR measurements,251,780
FPGA-based Hardware,Two-dimensional NMR measurements,Nível 1,Nível 2,0.5483,FPGA-based Hardware,A review on the applications of nuclear magnetic resonance (NMR) in the oil and gas industry: laboratory and field-scale measurements > Two-dimensional NMR measurements,251,780
Conclusions,Pore size distribution,Nível 1,Nível 3,0.5483,Conclusions,A review on the applications of nuclear magnetic resonance (NMR) in the oil and gas industry: laboratory and field-scale measurements > Petrophysics > Pore size distribution,559,792
FPGA-based Hardware,Design and improvements in LWD-NMR,Nível 4,Nível 3,0.548,root > Deep Learning Optimization at the Edge > Hardware System > FPGA-based Hardware,A review on the applications of nuclear magnetic resonance (NMR) in the oil and gas industry: laboratory and field-scale measurements > NMR applications in field scale > Design and improvements in LWD-NMR,251,1620
FPGA-based Hardware,Design and improvements in LWD-NMR,Nível 3,Nível 3,0.548,Deep Learning Optimization at the Edge > Hardware System > FPGA-based Hardware,A review on the applications of nuclear magnetic resonance (NMR) in the oil and gas industry: laboratory and field-scale measurements > NMR applications in field scale > Design and improvements in LWD-NMR,251,1620
FPGA-based Hardware,Design and improvements in LWD-NMR,Nível 2,Nível 3,0.548,Hardware System > FPGA-based Hardware,A review on the applications of nuclear magnetic resonance (NMR) in the oil and gas industry: laboratory and field-scale measurements > NMR applications in field scale > Design and improvements in LWD-NMR,251,1620
FPGA-based Hardware,Design and improvements in LWD-NMR,Nível 1,Nível 3,0.548,FPGA-based Hardware,A review on the applications of nuclear magnetic resonance (NMR) in the oil and gas industry: laboratory and field-scale measurements > NMR applications in field scale > Design and improvements in LWD-NMR,251,1620
Conclusions,Enhanced oil recovery applications,Nível 2,Nível 2,0.5474,root > Conclusions,A review on the applications of nuclear magnetic resonance (NMR) in the oil and gas industry: laboratory and field-scale measurements > Enhanced oil recovery applications,559,1519
Conclusions,Enhanced oil recovery applications,Nível 1,Nível 2,0.5474,Conclusions,A review on the applications of nuclear magnetic resonance (NMR) in the oil and gas industry: laboratory and field-scale measurements > Enhanced oil recovery applications,559,1519
Cloud-Sea Computing Systems,NMR applications in laboratory scale,Nível 3,Nível 2,0.547,root > Edge Computing Systems and Tools > Cloud-Sea Computing Systems,A review on the applications of nuclear magnetic resonance (NMR) in the oil and gas industry: laboratory and field-scale measurements > NMR applications in laboratory scale,587,664
Cloud-Sea Computing Systems,NMR applications in laboratory scale,Nível 2,Nível 2,0.547,Edge Computing Systems and Tools > Cloud-Sea Computing Systems,A review on the applications of nuclear magnetic resonance (NMR) in the oil and gas industry: laboratory and field-scale measurements > NMR applications in laboratory scale,587,664
Cloud-Sea Computing Systems,NMR applications in laboratory scale,Nível 1,Nível 2,0.547,Cloud-Sea Computing Systems,A review on the applications of nuclear magnetic resonance (NMR) in the oil and gas industry: laboratory and field-scale measurements > NMR applications in laboratory scale,587,664
Cloud-Sea Computing Systems,Declaration,Nível 3,Nível 2,0.5464,root > Edge Computing Systems and Tools > Cloud-Sea Computing Systems,A review on the applications of nuclear magnetic resonance (NMR) in the oil and gas industry: laboratory and field-scale measurements > Declaration,587,147
Cloud-Sea Computing Systems,Declaration,Nível 2,Nível 2,0.5464,Edge Computing Systems and Tools > Cloud-Sea Computing Systems,A review on the applications of nuclear magnetic resonance (NMR) in the oil and gas industry: laboratory and field-scale measurements > Declaration,587,147
Cloud-Sea Computing Systems,Declaration,Nível 1,Nível 2,0.5464,Cloud-Sea Computing Systems,A review on the applications of nuclear magnetic resonance (NMR) in the oil and gas industry: laboratory and field-scale measurements > Declaration,587,147
At the Middle Edge Server Layer,Introduction,Nível 3,Nível 2,0.546,root > Enhancing Energy Efficiency of Edge Computing Systems > At the Middle Edge Server Layer,A review on the applications of nuclear magnetic resonance (NMR) in the oil and gas industry: laboratory and field-scale measurements > Introduction,90,1614
At the Middle Edge Server Layer,Introduction,Nível 2,Nível 2,0.546,Enhancing Energy Efficiency of Edge Computing Systems > At the Middle Edge Server Layer,A review on the applications of nuclear magnetic resonance (NMR) in the oil and gas industry: laboratory and field-scale measurements > Introduction,90,1614
At the Middle Edge Server Layer,Introduction,Nível 1,Nível 2,0.546,At the Middle Edge Server Layer,A review on the applications of nuclear magnetic resonance (NMR) in the oil and gas industry: laboratory and field-scale measurements > Introduction,90,1614
FocusStack,Design and improvements in LWD-NMR,Nível 3,Nível 3,0.5454,root > Edge Computing Systems and Tools > FocusStack,A review on the applications of nuclear magnetic resonance (NMR) in the oil and gas industry: laboratory and field-scale measurements > NMR applications in field scale > Design and improvements in LWD-NMR,555,1620
At the Top Cloud Layer,Relaxation measurements,Nível 3,Nível 2,0.5454,root > Enhancing Energy Efficiency of Edge Computing Systems > At the Top Cloud Layer,A review on the applications of nuclear magnetic resonance (NMR) in the oil and gas industry: laboratory and field-scale measurements > Relaxation measurements,197,699
FocusStack,Design and improvements in LWD-NMR,Nível 2,Nível 3,0.5454,Edge Computing Systems and Tools > FocusStack,A review on the applications of nuclear magnetic resonance (NMR) in the oil and gas industry: laboratory and field-scale measurements > NMR applications in field scale > Design and improvements in LWD-NMR,555,1620
FocusStack,Design and improvements in LWD-NMR,Nível 1,Nível 3,0.5454,FocusStack,A review on the applications of nuclear magnetic resonance (NMR) in the oil and gas industry: laboratory and field-scale measurements > NMR applications in field scale > Design and improvements in LWD-NMR,555,1620
At the Top Cloud Layer,Relaxation measurements,Nível 2,Nível 2,0.5454,Enhancing Energy Efficiency of Edge Computing Systems > At the Top Cloud Layer,A review on the applications of nuclear magnetic resonance (NMR) in the oil and gas industry: laboratory and field-scale measurements > Relaxation measurements,197,699
At the Top Cloud Layer,Relaxation measurements,Nível 1,Nível 2,0.5454,At the Top Cloud Layer,A review on the applications of nuclear magnetic resonance (NMR) in the oil and gas industry: laboratory and field-scale measurements > Relaxation measurements,197,699
Comparative Study,Permeability,Nível 3,Nível 3,0.545,root > Open Source Edge Computing Projects > Comparative Study,A review on the applications of nuclear magnetic resonance (NMR) in the oil and gas industry: laboratory and field-scale measurements > Petrophysics > Permeability,348,552
Comparative Study,Permeability,Nível 2,Nível 3,0.545,Open Source Edge Computing Projects > Comparative Study,A review on the applications of nuclear magnetic resonance (NMR) in the oil and gas industry: laboratory and field-scale measurements > Petrophysics > Permeability,348,552
Comparative Study,Permeability,Nível 1,Nível 3,0.545,Comparative Study,A review on the applications of nuclear magnetic resonance (NMR) in the oil and gas industry: laboratory and field-scale measurements > Petrophysics > Permeability,348,552
Cloud-Sea Computing Systems,Introduction,Nível 3,Nível 2,0.5444,root > Edge Computing Systems and Tools > Cloud-Sea Computing Systems,A review on the applications of nuclear magnetic resonance (NMR) in the oil and gas industry: laboratory and field-scale measurements > Introduction,587,1614
Cloud-Sea Computing Systems,Introduction,Nível 2,Nível 2,0.5444,Edge Computing Systems and Tools > Cloud-Sea Computing Systems,A review on the applications of nuclear magnetic resonance (NMR) in the oil and gas industry: laboratory and field-scale measurements > Introduction,587,1614
Cloud-Sea Computing Systems,Introduction,Nível 1,Nível 2,0.5444,Cloud-Sea Computing Systems,A review on the applications of nuclear magnetic resonance (NMR) in the oil and gas industry: laboratory and field-scale measurements > Introduction,587,1614
At the Middle Edge Server Layer,Design and improvements in LWD-NMR,Nível 3,Nível 3,0.544,root > Enhancing Energy Efficiency of Edge Computing Systems > At the Middle Edge Server Layer,A review on the applications of nuclear magnetic resonance (NMR) in the oil and gas industry: laboratory and field-scale measurements > NMR applications in field scale > Design and improvements in LWD-NMR,90,1620
At the Middle Edge Server Layer,Design and improvements in LWD-NMR,Nível 2,Nível 3,0.544,Enhancing Energy Efficiency of Edge Computing Systems > At the Middle Edge Server Layer,A review on the applications of nuclear magnetic resonance (NMR) in the oil and gas industry: laboratory and field-scale measurements > NMR applications in field scale > Design and improvements in LWD-NMR,90,1620
At the Middle Edge Server Layer,Design and improvements in LWD-NMR,Nível 1,Nível 3,0.544,At the Middle Edge Server Layer,A review on the applications of nuclear magnetic resonance (NMR) in the oil and gas industry: laboratory and field-scale measurements > NMR applications in field scale > Design and improvements in LWD-NMR,90,1620
Deep Learning Packages,Diffusion measurements,Nível 3,Nível 2,0.5435,root > Deep Learning Optimization at the Edge > Deep Learning Packages,A review on the applications of nuclear magnetic resonance (NMR) in the oil and gas industry: laboratory and field-scale measurements > Diffusion measurements,1025,726
Deep Learning Packages,Pore size distribution,Nível 3,Nível 3,0.5435,root > Deep Learning Optimization at the Edge > Deep Learning Packages,A review on the applications of nuclear magnetic resonance (NMR) in the oil and gas industry: laboratory and field-scale measurements > Petrophysics > Pore size distribution,1025,792
Deep Learning Packages,Diffusion measurements,Nível 2,Nível 2,0.5435,Deep Learning Optimization at the Edge > Deep Learning Packages,A review on the applications of nuclear magnetic resonance (NMR) in the oil and gas industry: laboratory and field-scale measurements > Diffusion measurements,1025,726
Deep Learning Packages,Pore size distribution,Nível 2,Nível 3,0.5435,Deep Learning Optimization at the Edge > Deep Learning Packages,A review on the applications of nuclear magnetic resonance (NMR) in the oil and gas industry: laboratory and field-scale measurements > Petrophysics > Pore size distribution,1025,792
Deep Learning Packages,Diffusion measurements,Nível 1,Nível 2,0.5435,Deep Learning Packages,A review on the applications of nuclear magnetic resonance (NMR) in the oil and gas industry: laboratory and field-scale measurements > Diffusion measurements,1025,726
Deep Learning Packages,Pore size distribution,Nível 1,Nível 3,0.5435,Deep Learning Packages,A review on the applications of nuclear magnetic resonance (NMR) in the oil and gas industry: laboratory and field-scale measurements > Petrophysics > Pore size distribution,1025,792
Cachier and Precog,Evaluation of mud filtrate invasion characteristic,Nível 3,Nível 3,0.543,root > Edge Computing Systems and Tools > Cachier and Precog,A review on the applications of nuclear magnetic resonance (NMR) in the oil and gas industry: laboratory and field-scale measurements > Special topics > Evaluation of mud filtrate invasion characteristic,649,1118
Other Edge Computing Systems,Two-dimensional NMR measurements,Nível 3,Nível 2,0.543,root > Edge Computing Systems and Tools > Other Edge Computing Systems,A review on the applications of nuclear magnetic resonance (NMR) in the oil and gas industry: laboratory and field-scale measurements > Two-dimensional NMR measurements,831,780
Apache Edgent,Design and improvements in LWD-NMR,Nível 3,Nível 3,0.543,root > Open Source Edge Computing Projects > Apache Edgent,A review on the applications of nuclear magnetic resonance (NMR) in the oil and gas industry: laboratory and field-scale measurements > NMR applications in field scale > Design and improvements in LWD-NMR,355,1620
Comparative Study,Geosteering and well placement optimization,Nível 3,Nível 4,0.543,root > Open Source Edge Computing Projects > Comparative Study,A review on the applications of nuclear magnetic resonance (NMR) in the oil and gas industry: laboratory and field-scale measurements > NMR applications in field scale > Field implementation and applications > Geosteering and well placement optimization,348,816
Conclusions,NMR applications in laboratory scale,Nível 2,Nível 2,0.543,root > Conclusions,A review on the applications of nuclear magnetic resonance (NMR) in the oil and gas industry: laboratory and field-scale measurements > NMR applications in laboratory scale,559,664
Cachier and Precog,Evaluation of mud filtrate invasion characteristic,Nível 2,Nível 3,0.543,Edge Computing Systems and Tools > Cachier and Precog,A review on the applications of nuclear magnetic resonance (NMR) in the oil and gas industry: laboratory and field-scale measurements > Special topics > Evaluation of mud filtrate invasion characteristic,649,1118
Other Edge Computing Systems,Two-dimensional NMR measurements,Nível 2,Nível 2,0.543,Edge Computing Systems and Tools > Other Edge Computing Systems,A review on the applications of nuclear magnetic resonance (NMR) in the oil and gas industry: laboratory and field-scale measurements > Two-dimensional NMR measurements,831,780
Cachier and Precog,Evaluation of mud filtrate invasion characteristic,Nível 1,Nível 3,0.543,Cachier and Precog,A review on the applications of nuclear magnetic resonance (NMR) in the oil and gas industry: laboratory and field-scale measurements > Special topics > Evaluation of mud filtrate invasion characteristic,649,1118
Other Edge Computing Systems,Two-dimensional NMR measurements,Nível 1,Nível 2,0.543,Other Edge Computing Systems,A review on the applications of nuclear magnetic resonance (NMR) in the oil and gas industry: laboratory and field-scale measurements > Two-dimensional NMR measurements,831,780
Apache Edgent,Design and improvements in LWD-NMR,Nível 2,Nível 3,0.543,Open Source Edge Computing Projects > Apache Edgent,A review on the applications of nuclear magnetic resonance (NMR) in the oil and gas industry: laboratory and field-scale measurements > NMR applications in field scale > Design and improvements in LWD-NMR,355,1620
Comparative Study,Geosteering and well placement optimization,Nível 2,Nível 4,0.543,Open Source Edge Computing Projects > Comparative Study,A review on the applications of nuclear magnetic resonance (NMR) in the oil and gas industry: laboratory and field-scale measurements > NMR applications in field scale > Field implementation and applications > Geosteering and well placement optimization,348,816
Apache Edgent,Design and improvements in LWD-NMR,Nível 1,Nível 3,0.543,Apache Edgent,A review on the applications of nuclear magnetic resonance (NMR) in the oil and gas industry: laboratory and field-scale measurements > NMR applications in field scale > Design and improvements in LWD-NMR,355,1620
Comparative Study,Geosteering and well placement optimization,Nível 1,Nível 4,0.543,Comparative Study,A review on the applications of nuclear magnetic resonance (NMR) in the oil and gas industry: laboratory and field-scale measurements > NMR applications in field scale > Field implementation and applications > Geosteering and well placement optimization,348,816
Conclusions,NMR applications in laboratory scale,Nível 1,Nível 2,0.543,Conclusions,A review on the applications of nuclear magnetic resonance (NMR) in the oil and gas industry: laboratory and field-scale measurements > NMR applications in laboratory scale,559,664
Cloud-Sea Computing Systems,Tar detection in carbonates,Nível 3,Nível 4,0.5425,root > Edge Computing Systems and Tools > Cloud-Sea Computing Systems,A review on the applications of nuclear magnetic resonance (NMR) in the oil and gas industry: laboratory and field-scale measurements > NMR applications in field scale > Field implementation and applications > Tar detection in carbonates,587,491
Cloud-Sea Computing Systems,Tar detection in carbonates,Nível 2,Nível 4,0.5425,Edge Computing Systems and Tools > Cloud-Sea Computing Systems,A review on the applications of nuclear magnetic resonance (NMR) in the oil and gas industry: laboratory and field-scale measurements > NMR applications in field scale > Field implementation and applications > Tar detection in carbonates,587,491
Cloud-Sea Computing Systems,Tar detection in carbonates,Nível 1,Nível 4,0.5425,Cloud-Sea Computing Systems,A review on the applications of nuclear magnetic resonance (NMR) in the oil and gas industry: laboratory and field-scale measurements > NMR applications in field scale > Field implementation and applications > Tar detection in carbonates,587,491
CORD,Introduction,Nível 3,Nível 2,0.542,root > Open Source Edge Computing Projects > CORD,A review on the applications of nuclear magnetic resonance (NMR) in the oil and gas industry: laboratory and field-scale measurements > Introduction,590,1614
CORD,Introduction,Nível 2,Nível 2,0.542,Open Source Edge Computing Projects > CORD,A review on the applications of nuclear magnetic resonance (NMR) in the oil and gas industry: laboratory and field-scale measurements > Introduction,590,1614
CORD,Introduction,Nível 1,Nível 2,0.542,CORD,A review on the applications of nuclear magnetic resonance (NMR) in the oil and gas industry: laboratory and field-scale measurements > Introduction,590,1614
Deep Learning Packages,Permeability,Nível 3,Nível 3,0.5415,root > Deep Learning Optimization at the Edge > Deep Learning Packages,A review on the applications of nuclear magnetic resonance (NMR) in the oil and gas industry: laboratory and field-scale measurements > Petrophysics > Permeability,1025,552
Deep Learning Packages,Wettability,Nível 3,Nível 3,0.5415,root > Deep Learning Optimization at the Edge > Deep Learning Packages,A review on the applications of nuclear magnetic resonance (NMR) in the oil and gas industry: laboratory and field-scale measurements > Petrophysics > Wettability,1025,416
Deep Learning Packages,Permeability,Nível 2,Nível 3,0.5415,Deep Learning Optimization at the Edge > Deep Learning Packages,A review on the applications of nuclear magnetic resonance (NMR) in the oil and gas industry: laboratory and field-scale measurements > Petrophysics > Permeability,1025,552
Deep Learning Packages,Wettability,Nível 2,Nível 3,0.5415,Deep Learning Optimization at the Edge > Deep Learning Packages,A review on the applications of nuclear magnetic resonance (NMR) in the oil and gas industry: laboratory and field-scale measurements > Petrophysics > Wettability,1025,416
Deep Learning Packages,Permeability,Nível 1,Nível 3,0.5415,Deep Learning Packages,A review on the applications of nuclear magnetic resonance (NMR) in the oil and gas industry: laboratory and field-scale measurements > Petrophysics > Permeability,1025,552
Deep Learning Packages,Wettability,Nível 1,Nível 3,0.5415,Deep Learning Packages,A review on the applications of nuclear magnetic resonance (NMR) in the oil and gas industry: laboratory and field-scale measurements > Petrophysics > Wettability,1025,416
FocusStack,Introduction,Nível 3,Nível 2,0.541,root > Edge Computing Systems and Tools > FocusStack,A review on the applications of nuclear magnetic resonance (NMR) in the oil and gas industry: laboratory and field-scale measurements > Introduction,555,1614
Comparative Study,Tar detection in carbonates,Nível 3,Nível 4,0.541,root > Open Source Edge Computing Projects > Comparative Study,A review on the applications of nuclear magnetic resonance (NMR) in the oil and gas industry: laboratory and field-scale measurements > NMR applications in field scale > Field implementation and applications > Tar detection in carbonates,348,491
At the Top Cloud Layer,Introduction,Nível 3,Nível 2,0.541,root > Enhancing Energy Efficiency of Edge Computing Systems > At the Top Cloud Layer,A review on the applications of nuclear magnetic resonance (NMR) in the oil and gas industry: laboratory and field-scale measurements > Introduction,197,1614
Compatibility,Future research directions,Nível 4,Nível 2,0.541,root > Key Design Issues > Mobility Support > Compatibility,A review on the applications of nuclear magnetic resonance (NMR) in the oil and gas industry: laboratory and field-scale measurements > Future research directions,107,439
Conclusions,Wettability,Nível 2,Nível 3,0.541,root > Conclusions,A review on the applications of nuclear magnetic resonance (NMR) in the oil and gas industry: laboratory and field-scale measurements > Petrophysics > Wettability,559,416
FocusStack,Introduction,Nível 2,Nível 2,0.541,Edge Computing Systems and Tools > FocusStack,A review on the applications of nuclear magnetic resonance (NMR) in the oil and gas industry: laboratory and field-scale measurements > Introduction,555,1614
FocusStack,Introduction,Nível 1,Nível 2,0.541,FocusStack,A review on the applications of nuclear magnetic resonance (NMR) in the oil and gas industry: laboratory and field-scale measurements > Introduction,555,1614
Comparative Study,Tar detection in carbonates,Nível 2,Nível 4,0.541,Open Source Edge Computing Projects > Comparative Study,A review on the applications of nuclear magnetic resonance (NMR) in the oil and gas industry: laboratory and field-scale measurements > NMR applications in field scale > Field implementation and applications > Tar detection in carbonates,348,491
Comparative Study,Tar detection in carbonates,Nível 1,Nível 4,0.541,Comparative Study,A review on the applications of nuclear magnetic resonance (NMR) in the oil and gas industry: laboratory and field-scale measurements > NMR applications in field scale > Field implementation and applications > Tar detection in carbonates,348,491
At the Top Cloud Layer,Introduction,Nível 2,Nível 2,0.541,Enhancing Energy Efficiency of Edge Computing Systems > At the Top Cloud Layer,A review on the applications of nuclear magnetic resonance (NMR) in the oil and gas industry: laboratory and field-scale measurements > Introduction,197,1614
At the Top Cloud Layer,Introduction,Nível 1,Nível 2,0.541,At the Top Cloud Layer,A review on the applications of nuclear magnetic resonance (NMR) in the oil and gas industry: laboratory and field-scale measurements > Introduction,197,1614
Compatibility,Future research directions,Nível 3,Nível 2,0.541,Key Design Issues > Mobility Support > Compatibility,A review on the applications of nuclear magnetic resonance (NMR) in the oil and gas industry: laboratory and field-scale measurements > Future research directions,107,439
Compatibility,Future research directions,Nível 2,Nível 2,0.541,Mobility Support > Compatibility,A review on the applications of nuclear magnetic resonance (NMR) in the oil and gas industry: laboratory and field-scale measurements > Future research directions,107,439
Compatibility,Future research directions,Nível 1,Nível 2,0.541,Compatibility,A review on the applications of nuclear magnetic resonance (NMR) in the oil and gas industry: laboratory and field-scale measurements > Future research directions,107,439
Conclusions,Wettability,Nível 1,Nível 3,0.541,Conclusions,A review on the applications of nuclear magnetic resonance (NMR) in the oil and gas industry: laboratory and field-scale measurements > Petrophysics > Wettability,559,416
Cachier and Precog,Wettability,Nível 3,Nível 3,0.54,root > Edge Computing Systems and Tools > Cachier and Precog,A review on the applications of nuclear magnetic resonance (NMR) in the oil and gas industry: laboratory and field-scale measurements > Petrophysics > Wettability,649,416
Cachier and Precog,Emulsion droplet size determination using PFG NMR,Nível 3,Nível 3,0.54,root > Edge Computing Systems and Tools > Cachier and Precog,A review on the applications of nuclear magnetic resonance (NMR) in the oil and gas industry: laboratory and field-scale measurements > Special topics > Emulsion droplet size determination using PFG NMR,649,624
Green-energy powered sustainable computing,Introduction,Nível 4,Nível 2,0.54,root > Enhancing Energy Efficiency of Edge Computing Systems > At the Middle Edge Server Layer > Green-energy powered sustainable computing,A review on the applications of nuclear magnetic resonance (NMR) in the oil and gas industry: laboratory and field-scale measurements > Introduction,133,1614
At the Bottom Device Layer,Two-dimensional NMR measurements,Nível 3,Nível 2,0.54,root > Enhancing Energy Efficiency of Edge Computing Systems > At the Bottom Device Layer,A review on the applications of nuclear magnetic resonance (NMR) in the oil and gas industry: laboratory and field-scale measurements > Two-dimensional NMR measurements,85,780
Cachier and Precog,Wettability,Nível 2,Nível 3,0.54,Edge Computing Systems and Tools > Cachier and Precog,A review on the applications of nuclear magnetic resonance (NMR) in the oil and gas industry: laboratory and field-scale measurements > Petrophysics > Wettability,649,416
Cachier and Precog,Emulsion droplet size determination using PFG NMR,Nível 2,Nível 3,0.54,Edge Computing Systems and Tools > Cachier and Precog,A review on the applications of nuclear magnetic resonance (NMR) in the oil and gas industry: laboratory and field-scale measurements > Special topics > Emulsion droplet size determination using PFG NMR,649,624
Cachier and Precog,Wettability,Nível 1,Nível 3,0.54,Cachier and Precog,A review on the applications of nuclear magnetic resonance (NMR) in the oil and gas industry: laboratory and field-scale measurements > Petrophysics > Wettability,649,416
Cachier and Precog,Emulsion droplet size determination using PFG NMR,Nível 1,Nível 3,0.54,Cachier and Precog,A review on the applications of nuclear magnetic resonance (NMR) in the oil and gas industry: laboratory and field-scale measurements > Special topics > Emulsion droplet size determination using PFG NMR,649,624
Green-energy powered sustainable computing,Introduction,Nível 3,Nível 2,0.54,Enhancing Energy Efficiency of Edge Computing Systems > At the Middle Edge Server Layer > Green-energy powered sustainable computing,A review on the applications of nuclear magnetic resonance (NMR) in the oil and gas industry: laboratory and field-scale measurements > Introduction,133,1614
At the Bottom Device Layer,Two-dimensional NMR measurements,Nível 2,Nível 2,0.54,Enhancing Energy Efficiency of Edge Computing Systems > At the Bottom Device Layer,A review on the applications of nuclear magnetic resonance (NMR) in the oil and gas industry: laboratory and field-scale measurements > Two-dimensional NMR measurements,85,780
Green-energy powered sustainable computing,Introduction,Nível 2,Nível 2,0.54,At the Middle Edge Server Layer > Green-energy powered sustainable computing,A review on the applications of nuclear magnetic resonance (NMR) in the oil and gas industry: laboratory and field-scale measurements > Introduction,133,1614
Green-energy powered sustainable computing,Introduction,Nível 1,Nível 2,0.54,Green-energy powered sustainable computing,A review on the applications of nuclear magnetic resonance (NMR) in the oil and gas industry: laboratory and field-scale measurements > Introduction,133,1614
At the Bottom Device Layer,Two-dimensional NMR measurements,Nível 1,Nível 2,0.54,At the Bottom Device Layer,A review on the applications of nuclear magnetic resonance (NMR) in the oil and gas industry: laboratory and field-scale measurements > Two-dimensional NMR measurements,85,780
Cachier and Precog,Petrophysics,Nível 3,Nível 2,0.5396,root > Edge Computing Systems and Tools > Cachier and Precog,A review on the applications of nuclear magnetic resonance (NMR) in the oil and gas industry: laboratory and field-scale measurements > Petrophysics,649,272
Enhancing Energy Efficiency of Edge Computing Systems,NMR applications in laboratory scale,Nível 2,Nível 2,0.5396,root > Enhancing Energy Efficiency of Edge Computing Systems,A review on the applications of nuclear magnetic resonance (NMR) in the oil and gas industry: laboratory and field-scale measurements > NMR applications in laboratory scale,84,664
At the Top Cloud Layer,Permeability,Nível 3,Nível 3,0.5396,root > Enhancing Energy Efficiency of Edge Computing Systems > At the Top Cloud Layer,A review on the applications of nuclear magnetic resonance (NMR) in the oil and gas industry: laboratory and field-scale measurements > Petrophysics > Permeability,197,552
At the Top Cloud Layer,Design and improvements in LWD-NMR,Nível 3,Nível 3,0.5396,root > Enhancing Energy Efficiency of Edge Computing Systems > At the Top Cloud Layer,A review on the applications of nuclear magnetic resonance (NMR) in the oil and gas industry: laboratory and field-scale measurements > NMR applications in field scale > Design and improvements in LWD-NMR,197,1620
At the Top Cloud Layer,References,Nível 3,Nível 2,0.5396,root > Enhancing Energy Efficiency of Edge Computing Systems > At the Top Cloud Layer,A review on the applications of nuclear magnetic resonance (NMR) in the oil and gas industry: laboratory and field-scale measurements > References,197,8779
Cachier and Precog,Petrophysics,Nível 2,Nível 2,0.5396,Edge Computing Systems and Tools > Cachier and Precog,A review on the applications of nuclear magnetic resonance (NMR) in the oil and gas industry: laboratory and field-scale measurements > Petrophysics,649,272
Cachier and Precog,Petrophysics,Nível 1,Nível 2,0.5396,Cachier and Precog,A review on the applications of nuclear magnetic resonance (NMR) in the oil and gas industry: laboratory and field-scale measurements > Petrophysics,649,272
Enhancing Energy Efficiency of Edge Computing Systems,NMR applications in laboratory scale,Nível 1,Nível 2,0.5396,Enhancing Energy Efficiency of Edge Computing Systems,A review on the applications of nuclear magnetic resonance (NMR) in the oil and gas industry: laboratory and field-scale measurements > NMR applications in laboratory scale,84,664
At the Top Cloud Layer,Permeability,Nível 2,Nível 3,0.5396,Enhancing Energy Efficiency of Edge Computing Systems > At the Top Cloud Layer,A review on the applications of nuclear magnetic resonance (NMR) in the oil and gas industry: laboratory and field-scale measurements > Petrophysics > Permeability,197,552
At the Top Cloud Layer,Design and improvements in LWD-NMR,Nível 2,Nível 3,0.5396,Enhancing Energy Efficiency of Edge Computing Systems > At the Top Cloud Layer,A review on the applications of nuclear magnetic resonance (NMR) in the oil and gas industry: laboratory and field-scale measurements > NMR applications in field scale > Design and improvements in LWD-NMR,197,1620
At the Top Cloud Layer,References,Nível 2,Nível 2,0.5396,Enhancing Energy Efficiency of Edge Computing Systems > At the Top Cloud Layer,A review on the applications of nuclear magnetic resonance (NMR) in the oil and gas industry: laboratory and field-scale measurements > References,197,8779
At the Top Cloud Layer,Permeability,Nível 1,Nível 3,0.5396,At the Top Cloud Layer,A review on the applications of nuclear magnetic resonance (NMR) in the oil and gas industry: laboratory and field-scale measurements > Petrophysics > Permeability,197,552
At the Top Cloud Layer,Design and improvements in LWD-NMR,Nível 1,Nível 3,0.5396,At the Top Cloud Layer,A review on the applications of nuclear magnetic resonance (NMR) in the oil and gas industry: laboratory and field-scale measurements > NMR applications in field scale > Design and improvements in LWD-NMR,197,1620
At the Top Cloud Layer,References,Nível 1,Nível 2,0.5396,At the Top Cloud Layer,A review on the applications of nuclear magnetic resonance (NMR) in the oil and gas industry: laboratory and field-scale measurements > References,197,8779
SpanEdge,Design and improvements in LWD-NMR,Nível 3,Nível 3,0.539,root > Edge Computing Systems and Tools > SpanEdge,A review on the applications of nuclear magnetic resonance (NMR) in the oil and gas industry: laboratory and field-scale measurements > NMR applications in field scale > Design and improvements in LWD-NMR,490,1620
Cloud-Sea Computing Systems,Wettability,Nível 3,Nível 3,0.539,root > Edge Computing Systems and Tools > Cloud-Sea Computing Systems,A review on the applications of nuclear magnetic resonance (NMR) in the oil and gas industry: laboratory and field-scale measurements > Petrophysics > Wettability,587,416
At the Top Cloud Layer,Wettability,Nível 3,Nível 3,0.539,root > Enhancing Energy Efficiency of Edge Computing Systems > At the Top Cloud Layer,A review on the applications of nuclear magnetic resonance (NMR) in the oil and gas industry: laboratory and field-scale measurements > Petrophysics > Wettability,197,416
Conclusions,NMR theory,Nível 2,Nível 2,0.539,root > Conclusions,A review on the applications of nuclear magnetic resonance (NMR) in the oil and gas industry: laboratory and field-scale measurements > NMR theory,559,370
SpanEdge,Design and improvements in LWD-NMR,Nível 2,Nível 3,0.539,Edge Computing Systems and Tools > SpanEdge,A review on the applications of nuclear magnetic resonance (NMR) in the oil and gas industry: laboratory and field-scale measurements > NMR applications in field scale > Design and improvements in LWD-NMR,490,1620
Cloud-Sea Computing Systems,Wettability,Nível 2,Nível 3,0.539,Edge Computing Systems and Tools > Cloud-Sea Computing Systems,A review on the applications of nuclear magnetic resonance (NMR) in the oil and gas industry: laboratory and field-scale measurements > Petrophysics > Wettability,587,416
SpanEdge,Design and improvements in LWD-NMR,Nível 1,Nível 3,0.539,SpanEdge,A review on the applications of nuclear magnetic resonance (NMR) in the oil and gas industry: laboratory and field-scale measurements > NMR applications in field scale > Design and improvements in LWD-NMR,490,1620
Cloud-Sea Computing Systems,Wettability,Nível 1,Nível 3,0.539,Cloud-Sea Computing Systems,A review on the applications of nuclear magnetic resonance (NMR) in the oil and gas industry: laboratory and field-scale measurements > Petrophysics > Wettability,587,416
At the Top Cloud Layer,Wettability,Nível 2,Nível 3,0.539,Enhancing Energy Efficiency of Edge Computing Systems > At the Top Cloud Layer,A review on the applications of nuclear magnetic resonance (NMR) in the oil and gas industry: laboratory and field-scale measurements > Petrophysics > Wettability,197,416
At the Top Cloud Layer,Wettability,Nível 1,Nível 3,0.539,At the Top Cloud Layer,A review on the applications of nuclear magnetic resonance (NMR) in the oil and gas industry: laboratory and field-scale measurements > Petrophysics > Wettability,197,416
Conclusions,NMR theory,Nível 1,Nível 2,0.539,Conclusions,A review on the applications of nuclear magnetic resonance (NMR) in the oil and gas industry: laboratory and field-scale measurements > NMR theory,559,370
CORD,Two-dimensional NMR measurements,Nível 3,Nível 2,0.538,root > Open Source Edge Computing Projects > CORD,A review on the applications of nuclear magnetic resonance (NMR) in the oil and gas industry: laboratory and field-scale measurements > Two-dimensional NMR measurements,590,780
CORD,Geosteering and well placement optimization,Nível 3,Nível 4,0.538,root > Open Source Edge Computing Projects > CORD,A review on the applications of nuclear magnetic resonance (NMR) in the oil and gas industry: laboratory and field-scale measurements > NMR applications in field scale > Field implementation and applications > Geosteering and well placement optimization,590,816
CORD,Two-dimensional NMR measurements,Nível 2,Nível 2,0.538,Open Source Edge Computing Projects > CORD,A review on the applications of nuclear magnetic resonance (NMR) in the oil and gas industry: laboratory and field-scale measurements > Two-dimensional NMR measurements,590,780
CORD,Geosteering and well placement optimization,Nível 2,Nível 4,0.538,Open Source Edge Computing Projects > CORD,A review on the applications of nuclear magnetic resonance (NMR) in the oil and gas industry: laboratory and field-scale measurements > NMR applications in field scale > Field implementation and applications > Geosteering and well placement optimization,590,816
CORD,Two-dimensional NMR measurements,Nível 1,Nível 2,0.538,CORD,A review on the applications of nuclear magnetic resonance (NMR) in the oil and gas industry: laboratory and field-scale measurements > Two-dimensional NMR measurements,590,780
CORD,Geosteering and well placement optimization,Nível 1,Nível 4,0.538,CORD,A review on the applications of nuclear magnetic resonance (NMR) in the oil and gas industry: laboratory and field-scale measurements > NMR applications in field scale > Field implementation and applications > Geosteering and well placement optimization,590,816
Firework,Future research directions,Nível 3,Nível 2,0.5376,root > Edge Computing Systems and Tools > Firework,A review on the applications of nuclear magnetic resonance (NMR) in the oil and gas industry: laboratory and field-scale measurements > Future research directions,979,439
ParaDrop Developer Workflow,Design and improvements in LWD-NMR,Nível 3,Nível 3,0.5376,root > ParaDrop > ParaDrop Developer Workflow,A review on the applications of nuclear magnetic resonance (NMR) in the oil and gas industry: laboratory and field-scale measurements > NMR applications in field scale > Design and improvements in LWD-NMR,286,1620
Systems and Toolkits,Introduction,Nível 3,Nível 2,0.5376,root > Deep Learning Optimization at the Edge > Systems and Toolkits,A review on the applications of nuclear magnetic resonance (NMR) in the oil and gas industry: laboratory and field-scale measurements > Introduction,550,1614
Firework,Future research directions,Nível 2,Nível 2,0.5376,Edge Computing Systems and Tools > Firework,A review on the applications of nuclear magnetic resonance (NMR) in the oil and gas industry: laboratory and field-scale measurements > Future research directions,979,439
Firework,Future research directions,Nível 1,Nível 2,0.5376,Firework,A review on the applications of nuclear magnetic resonance (NMR) in the oil and gas industry: laboratory and field-scale measurements > Future research directions,979,439
ParaDrop Developer Workflow,Design and improvements in LWD-NMR,Nível 2,Nível 3,0.5376,ParaDrop > ParaDrop Developer Workflow,A review on the applications of nuclear magnetic resonance (NMR) in the oil and gas industry: laboratory and field-scale measurements > NMR applications in field scale > Design and improvements in LWD-NMR,286,1620
ParaDrop Developer Workflow,Design and improvements in LWD-NMR,Nível 1,Nível 3,0.5376,ParaDrop Developer Workflow,A review on the applications of nuclear magnetic resonance (NMR) in the oil and gas industry: laboratory and field-scale measurements > NMR applications in field scale > Design and improvements in LWD-NMR,286,1620
Systems and Toolkits,Introduction,Nível 2,Nível 2,0.5376,Deep Learning Optimization at the Edge > Systems and Toolkits,A review on the applications of nuclear magnetic resonance (NMR) in the oil and gas industry: laboratory and field-scale measurements > Introduction,550,1614
Systems and Toolkits,Introduction,Nível 1,Nível 2,0.5376,Systems and Toolkits,A review on the applications of nuclear magnetic resonance (NMR) in the oil and gas industry: laboratory and field-scale measurements > Introduction,550,1614
FocusStack,Future research directions,Nível 3,Nível 2,0.537,root > Edge Computing Systems and Tools > FocusStack,A review on the applications of nuclear magnetic resonance (NMR) in the oil and gas industry: laboratory and field-scale measurements > Future research directions,555,439
Systems and Toolkits,Relaxation measurements,Nível 3,Nível 2,0.537,root > Deep Learning Optimization at the Edge > Systems and Toolkits,A review on the applications of nuclear magnetic resonance (NMR) in the oil and gas industry: laboratory and field-scale measurements > Relaxation measurements,550,699
FocusStack,Future research directions,Nível 2,Nível 2,0.537,Edge Computing Systems and Tools > FocusStack,A review on the applications of nuclear magnetic resonance (NMR) in the oil and gas industry: laboratory and field-scale measurements > Future research directions,555,439
FocusStack,Future research directions,Nível 1,Nível 2,0.537,FocusStack,A review on the applications of nuclear magnetic resonance (NMR) in the oil and gas industry: laboratory and field-scale measurements > Future research directions,555,439
Systems and Toolkits,Relaxation measurements,Nível 2,Nível 2,0.537,Deep Learning Optimization at the Edge > Systems and Toolkits,A review on the applications of nuclear magnetic resonance (NMR) in the oil and gas industry: laboratory and field-scale measurements > Relaxation measurements,550,699
Systems and Toolkits,Relaxation measurements,Nível 1,Nível 2,0.537,Systems and Toolkits,A review on the applications of nuclear magnetic resonance (NMR) in the oil and gas industry: laboratory and field-scale measurements > Relaxation measurements,550,699
Comparative Study,Common misinterpretation in conventional rocks,Nível 3,Nível 3,0.5366,root > Open Source Edge Computing Projects > Comparative Study,A review on the applications of nuclear magnetic resonance (NMR) in the oil and gas industry: laboratory and field-scale measurements > Special topics > Common misinterpretation in conventional rocks,348,749
Comparative Study,Common misinterpretation in conventional rocks,Nível 2,Nível 3,0.5366,Open Source Edge Computing Projects > Comparative Study,A review on the applications of nuclear magnetic resonance (NMR) in the oil and gas industry: laboratory and field-scale measurements > Special topics > Common misinterpretation in conventional rocks,348,749
Comparative Study,Common misinterpretation in conventional rocks,Nível 1,Nível 3,0.5366,Comparative Study,A review on the applications of nuclear magnetic resonance (NMR) in the oil and gas industry: laboratory and field-scale measurements > Special topics > Common misinterpretation in conventional rocks,348,749
Cloud-Sea Computing Systems,Permeability,Nível 3,Nível 3,0.536,root > Edge Computing Systems and Tools > Cloud-Sea Computing Systems,A review on the applications of nuclear magnetic resonance (NMR) in the oil and gas industry: laboratory and field-scale measurements > Petrophysics > Permeability,587,552
Cloud-Sea Computing Systems,Design and improvements in LWD-NMR,Nível 3,Nível 3,0.536,root > Edge Computing Systems and Tools > Cloud-Sea Computing Systems,A review on the applications of nuclear magnetic resonance (NMR) in the oil and gas industry: laboratory and field-scale measurements > NMR applications in field scale > Design and improvements in LWD-NMR,587,1620
Cachier and Precog,Unconventional rock characterization using different NMR techniques,Nível 3,Nível 3,0.536,root > Edge Computing Systems and Tools > Cachier and Precog,A review on the applications of nuclear magnetic resonance (NMR) in the oil and gas industry: laboratory and field-scale measurements > Special topics > Unconventional rock characterization using different NMR techniques,649,1950
Other Edge Computing Systems,References,Nível 3,Nível 2,0.536,root > Edge Computing Systems and Tools > Other Edge Computing Systems,A review on the applications of nuclear magnetic resonance (NMR) in the oil and gas industry: laboratory and field-scale measurements > References,831,8779
CORD,Relaxation measurements,Nível 3,Nível 2,0.536,root > Open Source Edge Computing Projects > CORD,A review on the applications of nuclear magnetic resonance (NMR) in the oil and gas industry: laboratory and field-scale measurements > Relaxation measurements,590,699
CORD,References,Nível 3,Nível 2,0.536,root > Open Source Edge Computing Projects > CORD,A review on the applications of nuclear magnetic resonance (NMR) in the oil and gas industry: laboratory and field-scale measurements > References,590,8779
FPGA-based Hardware,Introduction,Nível 4,Nível 2,0.536,root > Deep Learning Optimization at the Edge > Hardware System > FPGA-based Hardware,A review on the applications of nuclear magnetic resonance (NMR) in the oil and gas industry: laboratory and field-scale measurements > Introduction,251,1614
Cloud-Sea Computing Systems,Permeability,Nível 2,Nível 3,0.536,Edge Computing Systems and Tools > Cloud-Sea Computing Systems,A review on the applications of nuclear magnetic resonance (NMR) in the oil and gas industry: laboratory and field-scale measurements > Petrophysics > Permeability,587,552
Cloud-Sea Computing Systems,Design and improvements in LWD-NMR,Nível 2,Nível 3,0.536,Edge Computing Systems and Tools > Cloud-Sea Computing Systems,A review on the applications of nuclear magnetic resonance (NMR) in the oil and gas industry: laboratory and field-scale measurements > NMR applications in field scale > Design and improvements in LWD-NMR,587,1620
Cachier and Precog,Unconventional rock characterization using different NMR techniques,Nível 2,Nível 3,0.536,Edge Computing Systems and Tools > Cachier and Precog,A review on the applications of nuclear magnetic resonance (NMR) in the oil and gas industry: laboratory and field-scale measurements > Special topics > Unconventional rock characterization using different NMR techniques,649,1950
Other Edge Computing Systems,References,Nível 2,Nível 2,0.536,Edge Computing Systems and Tools > Other Edge Computing Systems,A review on the applications of nuclear magnetic resonance (NMR) in the oil and gas industry: laboratory and field-scale measurements > References,831,8779
Cloud-Sea Computing Systems,Permeability,Nível 1,Nível 3,0.536,Cloud-Sea Computing Systems,A review on the applications of nuclear magnetic resonance (NMR) in the oil and gas industry: laboratory and field-scale measurements > Petrophysics > Permeability,587,552
Cloud-Sea Computing Systems,Design and improvements in LWD-NMR,Nível 1,Nível 3,0.536,Cloud-Sea Computing Systems,A review on the applications of nuclear magnetic resonance (NMR) in the oil and gas industry: laboratory and field-scale measurements > NMR applications in field scale > Design and improvements in LWD-NMR,587,1620
Cachier and Precog,Unconventional rock characterization using different NMR techniques,Nível 1,Nível 3,0.536,Cachier and Precog,A review on the applications of nuclear magnetic resonance (NMR) in the oil and gas industry: laboratory and field-scale measurements > Special topics > Unconventional rock characterization using different NMR techniques,649,1950
Other Edge Computing Systems,References,Nível 1,Nível 2,0.536,Other Edge Computing Systems,A review on the applications of nuclear magnetic resonance (NMR) in the oil and gas industry: laboratory and field-scale measurements > References,831,8779
CORD,Relaxation measurements,Nível 2,Nível 2,0.536,Open Source Edge Computing Projects > CORD,A review on the applications of nuclear magnetic resonance (NMR) in the oil and gas industry: laboratory and field-scale measurements > Relaxation measurements,590,699
CORD,References,Nível 2,Nível 2,0.536,Open Source Edge Computing Projects > CORD,A review on the applications of nuclear magnetic resonance (NMR) in the oil and gas industry: laboratory and field-scale measurements > References,590,8779
CORD,Relaxation measurements,Nível 1,Nível 2,0.536,CORD,A review on the applications of nuclear magnetic resonance (NMR) in the oil and gas industry: laboratory and field-scale measurements > Relaxation measurements,590,699
CORD,References,Nível 1,Nível 2,0.536,CORD,A review on the applications of nuclear magnetic resonance (NMR) in the oil and gas industry: laboratory and field-scale measurements > References,590,8779
FPGA-based Hardware,Introduction,Nível 3,Nível 2,0.536,Deep Learning Optimization at the Edge > Hardware System > FPGA-based Hardware,A review on the applications of nuclear magnetic resonance (NMR) in the oil and gas industry: laboratory and field-scale measurements > Introduction,251,1614
FPGA-based Hardware,Introduction,Nível 2,Nível 2,0.536,Hardware System > FPGA-based Hardware,A review on the applications of nuclear magnetic resonance (NMR) in the oil and gas industry: laboratory and field-scale measurements > Introduction,251,1614
FPGA-based Hardware,Introduction,Nível 1,Nível 2,0.536,FPGA-based Hardware,A review on the applications of nuclear magnetic resonance (NMR) in the oil and gas industry: laboratory and field-scale measurements > Introduction,251,1614
Conclusions,A review on the applications of nuclear magnetic resonance (NMR) in the oil and gas industry: laboratory and field-scale measurements,Nível 2,Nível 1,0.5356,root > Conclusions,A review on the applications of nuclear magnetic resonance (NMR) in the oil and gas industry: laboratory and field-scale measurements,559,51
Conclusions,A review on the applications of nuclear magnetic resonance (NMR) in the oil and gas industry: laboratory and field-scale measurements,Nível 1,Nível 1,0.5356,Conclusions,A review on the applications of nuclear magnetic resonance (NMR) in the oil and gas industry: laboratory and field-scale measurements,559,51
Enhancing Energy Efficiency of Edge Computing Systems,Pore size distribution,Nível 2,Nível 3,0.535,root > Enhancing Energy Efficiency of Edge Computing Systems,A review on the applications of nuclear magnetic resonance (NMR) in the oil and gas industry: laboratory and field-scale measurements > Petrophysics > Pore size distribution,84,792
Enhancing Energy Efficiency of Edge Computing Systems,Pore size distribution,Nível 1,Nível 3,0.535,Enhancing Energy Efficiency of Edge Computing Systems,A review on the applications of nuclear magnetic resonance (NMR) in the oil and gas industry: laboratory and field-scale measurements > Petrophysics > Pore size distribution,84,792
SpanEdge,Geosteering and well placement optimization,Nível 3,Nível 4,0.5347,root > Edge Computing Systems and Tools > SpanEdge,A review on the applications of nuclear magnetic resonance (NMR) in the oil and gas industry: laboratory and field-scale measurements > NMR applications in field scale > Field implementation and applications > Geosteering and well placement optimization,490,816
FPGA-based Hardware,References,Nível 4,Nível 2,0.5347,root > Deep Learning Optimization at the Edge > Hardware System > FPGA-based Hardware,A review on the applications of nuclear magnetic resonance (NMR) in the oil and gas industry: laboratory and field-scale measurements > References,251,8779
Conclusions,Tar detection in carbonates,Nível 2,Nível 4,0.5347,root > Conclusions,A review on the applications of nuclear magnetic resonance (NMR) in the oil and gas industry: laboratory and field-scale measurements > NMR applications in field scale > Field implementation and applications > Tar detection in carbonates,559,491
SpanEdge,Geosteering and well placement optimization,Nível 2,Nível 4,0.5347,Edge Computing Systems and Tools > SpanEdge,A review on the applications of nuclear magnetic resonance (NMR) in the oil and gas industry: laboratory and field-scale measurements > NMR applications in field scale > Field implementation and applications > Geosteering and well placement optimization,490,816
SpanEdge,Geosteering and well placement optimization,Nível 1,Nível 4,0.5347,SpanEdge,A review on the applications of nuclear magnetic resonance (NMR) in the oil and gas industry: laboratory and field-scale measurements > NMR applications in field scale > Field implementation and applications > Geosteering and well placement optimization,490,816
FPGA-based Hardware,References,Nível 3,Nível 2,0.5347,Deep Learning Optimization at the Edge > Hardware System > FPGA-based Hardware,A review on the applications of nuclear magnetic resonance (NMR) in the oil and gas industry: laboratory and field-scale measurements > References,251,8779
FPGA-based Hardware,References,Nível 2,Nível 2,0.5347,Hardware System > FPGA-based Hardware,A review on the applications of nuclear magnetic resonance (NMR) in the oil and gas industry: laboratory and field-scale measurements > References,251,8779
FPGA-based Hardware,References,Nível 1,Nível 2,0.5347,FPGA-based Hardware,A review on the applications of nuclear magnetic resonance (NMR) in the oil and gas industry: laboratory and field-scale measurements > References,251,8779
Conclusions,Tar detection in carbonates,Nível 1,Nível 4,0.5347,Conclusions,A review on the applications of nuclear magnetic resonance (NMR) in the oil and gas industry: laboratory and field-scale measurements > NMR applications in field scale > Field implementation and applications > Tar detection in carbonates,559,491
FocusStack,Geosteering and well placement optimization,Nível 3,Nível 4,0.534,root > Edge Computing Systems and Tools > FocusStack,A review on the applications of nuclear magnetic resonance (NMR) in the oil and gas industry: laboratory and field-scale measurements > NMR applications in field scale > Field implementation and applications > Geosteering and well placement optimization,555,816
FocusStack,Geosteering and well placement optimization,Nível 2,Nível 4,0.534,Edge Computing Systems and Tools > FocusStack,A review on the applications of nuclear magnetic resonance (NMR) in the oil and gas industry: laboratory and field-scale measurements > NMR applications in field scale > Field implementation and applications > Geosteering and well placement optimization,555,816
FocusStack,Geosteering and well placement optimization,Nível 1,Nível 4,0.534,FocusStack,A review on the applications of nuclear magnetic resonance (NMR) in the oil and gas industry: laboratory and field-scale measurements > NMR applications in field scale > Field implementation and applications > Geosteering and well placement optimization,555,816
Systems and Toolkits,Future research directions,Nível 3,Nível 2,0.5337,root > Deep Learning Optimization at the Edge > Systems and Toolkits,A review on the applications of nuclear magnetic resonance (NMR) in the oil and gas industry: laboratory and field-scale measurements > Future research directions,550,439
ASIC,Future research directions,Nível 4,Nível 2,0.5337,root > Deep Learning Optimization at the Edge > Hardware System > ASIC,A review on the applications of nuclear magnetic resonance (NMR) in the oil and gas industry: laboratory and field-scale measurements > Future research directions,205,439
Conclusions,Unconventional rock characterization using different NMR techniques,Nível 2,Nível 3,0.5337,root > Conclusions,A review on the applications of nuclear magnetic resonance (NMR) in the oil and gas industry: laboratory and field-scale measurements > Special topics > Unconventional rock characterization using different NMR techniques,559,1950
Systems and Toolkits,Future research directions,Nível 2,Nível 2,0.5337,Deep Learning Optimization at the Edge > Systems and Toolkits,A review on the applications of nuclear magnetic resonance (NMR) in the oil and gas industry: laboratory and field-scale measurements > Future research directions,550,439
ASIC,Future research directions,Nível 3,Nível 2,0.5337,Deep Learning Optimization at the Edge > Hardware System > ASIC,A review on the applications of nuclear magnetic resonance (NMR) in the oil and gas industry: laboratory and field-scale measurements > Future research directions,205,439
Systems and Toolkits,Future research directions,Nível 1,Nível 2,0.5337,Systems and Toolkits,A review on the applications of nuclear magnetic resonance (NMR) in the oil and gas industry: laboratory and field-scale measurements > Future research directions,550,439
ASIC,Future research directions,Nível 2,Nível 2,0.5337,Hardware System > ASIC,A review on the applications of nuclear magnetic resonance (NMR) in the oil and gas industry: laboratory and field-scale measurements > Future research directions,205,439
ASIC,Future research directions,Nível 1,Nível 2,0.5337,ASIC,A review on the applications of nuclear magnetic resonance (NMR) in the oil and gas industry: laboratory and field-scale measurements > Future research directions,205,439
Conclusions,Unconventional rock characterization using different NMR techniques,Nível 1,Nível 3,0.5337,Conclusions,A review on the applications of nuclear magnetic resonance (NMR) in the oil and gas industry: laboratory and field-scale measurements > Special topics > Unconventional rock characterization using different NMR techniques,559,1950
Other Edge Computing Systems,Introduction,Nível 3,Nível 2,0.533,root > Edge Computing Systems and Tools > Other Edge Computing Systems,A review on the applications of nuclear magnetic resonance (NMR) in the oil and gas industry: laboratory and field-scale measurements > Introduction,831,1614
Other Edge Computing Systems,Relaxation measurements,Nível 3,Nível 2,0.533,root > Edge Computing Systems and Tools > Other Edge Computing Systems,A review on the applications of nuclear magnetic resonance (NMR) in the oil and gas industry: laboratory and field-scale measurements > Relaxation measurements,831,699
Other Edge Computing Systems,Introduction,Nível 2,Nível 2,0.533,Edge Computing Systems and Tools > Other Edge Computing Systems,A review on the applications of nuclear magnetic resonance (NMR) in the oil and gas industry: laboratory and field-scale measurements > Introduction,831,1614
Other Edge Computing Systems,Relaxation measurements,Nível 2,Nível 2,0.533,Edge Computing Systems and Tools > Other Edge Computing Systems,A review on the applications of nuclear magnetic resonance (NMR) in the oil and gas industry: laboratory and field-scale measurements > Relaxation measurements,831,699
Other Edge Computing Systems,Introduction,Nível 1,Nível 2,0.533,Other Edge Computing Systems,A review on the applications of nuclear magnetic resonance (NMR) in the oil and gas industry: laboratory and field-scale measurements > Introduction,831,1614
Other Edge Computing Systems,Relaxation measurements,Nível 1,Nível 2,0.533,Other Edge Computing Systems,A review on the applications of nuclear magnetic resonance (NMR) in the oil and gas industry: laboratory and field-scale measurements > Relaxation measurements,831,699
SpanEdge,Relaxation measurements,Nível 3,Nível 2,0.5327,root > Edge Computing Systems and Tools > SpanEdge,A review on the applications of nuclear magnetic resonance (NMR) in the oil and gas industry: laboratory and field-scale measurements > Relaxation measurements,490,699
Cloud-Sea Computing Systems,A review on the applications of nuclear magnetic resonance (NMR) in the oil and gas industry: laboratory and field-scale measurements,Nível 3,Nível 1,0.5327,root > Edge Computing Systems and Tools > Cloud-Sea Computing Systems,A review on the applications of nuclear magnetic resonance (NMR) in the oil and gas industry: laboratory and field-scale measurements,587,51
Comparative Study,Enhanced oil recovery applications,Nível 3,Nível 2,0.5327,root > Open Source Edge Computing Projects > Comparative Study,A review on the applications of nuclear magnetic resonance (NMR) in the oil and gas industry: laboratory and field-scale measurements > Enhanced oil recovery applications,348,1519
Hardware System,Future research directions,Nível 3,Nível 2,0.5327,root > Deep Learning Optimization at the Edge > Hardware System,A review on the applications of nuclear magnetic resonance (NMR) in the oil and gas industry: laboratory and field-scale measurements > Future research directions,31,439
Conclusions,Capillary pressure,Nível 2,Nível 3,0.5327,root > Conclusions,A review on the applications of nuclear magnetic resonance (NMR) in the oil and gas industry: laboratory and field-scale measurements > Petrophysics > Capillary pressure,559,429
SpanEdge,Relaxation measurements,Nível 2,Nível 2,0.5327,Edge Computing Systems and Tools > SpanEdge,A review on the applications of nuclear magnetic resonance (NMR) in the oil and gas industry: laboratory and field-scale measurements > Relaxation measurements,490,699
Cloud-Sea Computing Systems,A review on the applications of nuclear magnetic resonance (NMR) in the oil and gas industry: laboratory and field-scale measurements,Nível 2,Nível 1,0.5327,Edge Computing Systems and Tools > Cloud-Sea Computing Systems,A review on the applications of nuclear magnetic resonance (NMR) in the oil and gas industry: laboratory and field-scale measurements,587,51
SpanEdge,Relaxation measurements,Nível 1,Nível 2,0.5327,SpanEdge,A review on the applications of nuclear magnetic resonance (NMR) in the oil and gas industry: laboratory and field-scale measurements > Relaxation measurements,490,699
Cloud-Sea Computing Systems,A review on the applications of nuclear magnetic resonance (NMR) in the oil and gas industry: laboratory and field-scale measurements,Nível 1,Nível 1,0.5327,Cloud-Sea Computing Systems,A review on the applications of nuclear magnetic resonance (NMR) in the oil and gas industry: laboratory and field-scale measurements,587,51
Comparative Study,Enhanced oil recovery applications,Nível 2,Nível 2,0.5327,Open Source Edge Computing Projects > Comparative Study,A review on the applications of nuclear magnetic resonance (NMR) in the oil and gas industry: laboratory and field-scale measurements > Enhanced oil recovery applications,348,1519
Comparative Study,Enhanced oil recovery applications,Nível 1,Nível 2,0.5327,Comparative Study,A review on the applications of nuclear magnetic resonance (NMR) in the oil and gas industry: laboratory and field-scale measurements > Enhanced oil recovery applications,348,1519
Hardware System,Future research directions,Nível 2,Nível 2,0.5327,Deep Learning Optimization at the Edge > Hardware System,A review on the applications of nuclear magnetic resonance (NMR) in the oil and gas industry: laboratory and field-scale measurements > Future research directions,31,439
Hardware System,Future research directions,Nível 1,Nível 2,0.5327,Hardware System,A review on the applications of nuclear magnetic resonance (NMR) in the oil and gas industry: laboratory and field-scale measurements > Future research directions,31,439
Conclusions,Capillary pressure,Nível 1,Nível 3,0.5327,Conclusions,A review on the applications of nuclear magnetic resonance (NMR) in the oil and gas industry: laboratory and field-scale measurements > Petrophysics > Capillary pressure,559,429
Firework,Relaxation measurements,Nível 3,Nível 2,0.532,root > Edge Computing Systems and Tools > Firework,A review on the applications of nuclear magnetic resonance (NMR) in the oil and gas industry: laboratory and field-scale measurements > Relaxation measurements,979,699
Comparative Study,Capillary pressure,Nível 3,Nível 3,0.532,root > Open Source Edge Computing Projects > Comparative Study,A review on the applications of nuclear magnetic resonance (NMR) in the oil and gas industry: laboratory and field-scale measurements > Petrophysics > Capillary pressure,348,429
Conclusions,Diffusion measurements,Nível 2,Nível 2,0.532,root > Conclusions,A review on the applications of nuclear magnetic resonance (NMR) in the oil and gas industry: laboratory and field-scale measurements > Diffusion measurements,559,726
Firework,Relaxation measurements,Nível 2,Nível 2,0.532,Edge Computing Systems and Tools > Firework,A review on the applications of nuclear magnetic resonance (NMR) in the oil and gas industry: laboratory and field-scale measurements > Relaxation measurements,979,699
Firework,Relaxation measurements,Nível 1,Nível 2,0.532,Firework,A review on the applications of nuclear magnetic resonance (NMR) in the oil and gas industry: laboratory and field-scale measurements > Relaxation measurements,979,699
Comparative Study,Capillary pressure,Nível 2,Nível 3,0.532,Open Source Edge Computing Projects > Comparative Study,A review on the applications of nuclear magnetic resonance (NMR) in the oil and gas industry: laboratory and field-scale measurements > Petrophysics > Capillary pressure,348,429
Comparative Study,Capillary pressure,Nível 1,Nível 3,0.532,Comparative Study,A review on the applications of nuclear magnetic resonance (NMR) in the oil and gas industry: laboratory and field-scale measurements > Petrophysics > Capillary pressure,348,429
Conclusions,Diffusion measurements,Nível 1,Nível 2,0.532,Conclusions,A review on the applications of nuclear magnetic resonance (NMR) in the oil and gas industry: laboratory and field-scale measurements > Diffusion measurements,559,726
Cachier and Precog,Porosity,Nível 3,Nível 3,0.5317,root > Edge Computing Systems and Tools > Cachier and Precog,A review on the applications of nuclear magnetic resonance (NMR) in the oil and gas industry: laboratory and field-scale measurements > Petrophysics > Porosity,649,527
Other Edge Computing Systems,Future research directions,Nível 3,Nível 2,0.5317,root > Edge Computing Systems and Tools > Other Edge Computing Systems,A review on the applications of nuclear magnetic resonance (NMR) in the oil and gas industry: laboratory and field-scale measurements > Future research directions,831,439
Enhancing Energy Efficiency of Edge Computing Systems,Future research directions,Nível 2,Nível 2,0.5317,root > Enhancing Energy Efficiency of Edge Computing Systems,A review on the applications of nuclear magnetic resonance (NMR) in the oil and gas industry: laboratory and field-scale measurements > Future research directions,84,439
Deep Learning Packages,Enhanced oil recovery applications,Nível 3,Nível 2,0.5317,root > Deep Learning Optimization at the Edge > Deep Learning Packages,A review on the applications of nuclear magnetic resonance (NMR) in the oil and gas industry: laboratory and field-scale measurements > Enhanced oil recovery applications,1025,1519
Deep Learning Packages,Tar detection in carbonates,Nível 3,Nível 4,0.5317,root > Deep Learning Optimization at the Edge > Deep Learning Packages,A review on the applications of nuclear magnetic resonance (NMR) in the oil and gas industry: laboratory and field-scale measurements > NMR applications in field scale > Field implementation and applications > Tar detection in carbonates,1025,491
Conclusions,Abstract,Nível 2,Nível 2,0.5317,root > Conclusions,A review on the applications of nuclear magnetic resonance (NMR) in the oil and gas industry: laboratory and field-scale measurements > Abstract,559,276
Cachier and Precog,Porosity,Nível 2,Nível 3,0.5317,Edge Computing Systems and Tools > Cachier and Precog,A review on the applications of nuclear magnetic resonance (NMR) in the oil and gas industry: laboratory and field-scale measurements > Petrophysics > Porosity,649,527
Other Edge Computing Systems,Future research directions,Nível 2,Nível 2,0.5317,Edge Computing Systems and Tools > Other Edge Computing Systems,A review on the applications of nuclear magnetic resonance (NMR) in the oil and gas industry: laboratory and field-scale measurements > Future research directions,831,439
Cachier and Precog,Porosity,Nível 1,Nível 3,0.5317,Cachier and Precog,A review on the applications of nuclear magnetic resonance (NMR) in the oil and gas industry: laboratory and field-scale measurements > Petrophysics > Porosity,649,527
Other Edge Computing Systems,Future research directions,Nível 1,Nível 2,0.5317,Other Edge Computing Systems,A review on the applications of nuclear magnetic resonance (NMR) in the oil and gas industry: laboratory and field-scale measurements > Future research directions,831,439
Enhancing Energy Efficiency of Edge Computing Systems,Future research directions,Nível 1,Nível 2,0.5317,Enhancing Energy Efficiency of Edge Computing Systems,A review on the applications of nuclear magnetic resonance (NMR) in the oil and gas industry: laboratory and field-scale measurements > Future research directions,84,439
Deep Learning Packages,Enhanced oil recovery applications,Nível 2,Nível 2,0.5317,Deep Learning Optimization at the Edge > Deep Learning Packages,A review on the applications of nuclear magnetic resonance (NMR) in the oil and gas industry: laboratory and field-scale measurements > Enhanced oil recovery applications,1025,1519
Deep Learning Packages,Tar detection in carbonates,Nível 2,Nível 4,0.5317,Deep Learning Optimization at the Edge > Deep Learning Packages,A review on the applications of nuclear magnetic resonance (NMR) in the oil and gas industry: laboratory and field-scale measurements > NMR applications in field scale > Field implementation and applications > Tar detection in carbonates,1025,491
Deep Learning Packages,Enhanced oil recovery applications,Nível 1,Nível 2,0.5317,Deep Learning Packages,A review on the applications of nuclear magnetic resonance (NMR) in the oil and gas industry: laboratory and field-scale measurements > Enhanced oil recovery applications,1025,1519
Deep Learning Packages,Tar detection in carbonates,Nível 1,Nível 4,0.5317,Deep Learning Packages,A review on the applications of nuclear magnetic resonance (NMR) in the oil and gas industry: laboratory and field-scale measurements > NMR applications in field scale > Field implementation and applications > Tar detection in carbonates,1025,491
Conclusions,Abstract,Nível 1,Nível 2,0.5317,Conclusions,A review on the applications of nuclear magnetic resonance (NMR) in the oil and gas industry: laboratory and field-scale measurements > Abstract,559,276
Comparative Study,A review on the applications of nuclear magnetic resonance (NMR) in the oil and gas industry: laboratory and field-scale measurements,Nível 3,Nível 1,0.5312,root > Open Source Edge Computing Projects > Comparative Study,A review on the applications of nuclear magnetic resonance (NMR) in the oil and gas industry: laboratory and field-scale measurements,348,51
At the Bottom Device Layer,NMR applications in laboratory scale,Nível 3,Nível 2,0.5312,root > Enhancing Energy Efficiency of Edge Computing Systems > At the Bottom Device Layer,A review on the applications of nuclear magnetic resonance (NMR) in the oil and gas industry: laboratory and field-scale measurements > NMR applications in laboratory scale,85,664
Deep Learning Packages,Common misinterpretation in conventional rocks,Nível 3,Nível 3,0.5312,root > Deep Learning Optimization at the Edge > Deep Learning Packages,A review on the applications of nuclear magnetic resonance (NMR) in the oil and gas industry: laboratory and field-scale measurements > Special topics > Common misinterpretation in conventional rocks,1025,749
Comparative Study,A review on the applications of nuclear magnetic resonance (NMR) in the oil and gas industry: laboratory and field-scale measurements,Nível 2,Nível 1,0.5312,Open Source Edge Computing Projects > Comparative Study,A review on the applications of nuclear magnetic resonance (NMR) in the oil and gas industry: laboratory and field-scale measurements,348,51
Comparative Study,A review on the applications of nuclear magnetic resonance (NMR) in the oil and gas industry: laboratory and field-scale measurements,Nível 1,Nível 1,0.5312,Comparative Study,A review on the applications of nuclear magnetic resonance (NMR) in the oil and gas industry: laboratory and field-scale measurements,348,51
At the Bottom Device Layer,NMR applications in laboratory scale,Nível 2,Nível 2,0.5312,Enhancing Energy Efficiency of Edge Computing Systems > At the Bottom Device Layer,A review on the applications of nuclear magnetic resonance (NMR) in the oil and gas industry: laboratory and field-scale measurements > NMR applications in laboratory scale,85,664
At the Bottom Device Layer,NMR applications in laboratory scale,Nível 1,Nível 2,0.5312,At the Bottom Device Layer,A review on the applications of nuclear magnetic resonance (NMR) in the oil and gas industry: laboratory and field-scale measurements > NMR applications in laboratory scale,85,664
Deep Learning Packages,Common misinterpretation in conventional rocks,Nível 2,Nível 3,0.5312,Deep Learning Optimization at the Edge > Deep Learning Packages,A review on the applications of nuclear magnetic resonance (NMR) in the oil and gas industry: laboratory and field-scale measurements > Special topics > Common misinterpretation in conventional rocks,1025,749
Deep Learning Packages,Common misinterpretation in conventional rocks,Nível 1,Nível 3,0.5312,Deep Learning Packages,A review on the applications of nuclear magnetic resonance (NMR) in the oil and gas industry: laboratory and field-scale measurements > Special topics > Common misinterpretation in conventional rocks,1025,749
Comparative Study,Unconventional rock characterization using different NMR techniques,Nível 3,Nível 3,0.531,root > Open Source Edge Computing Projects > Comparative Study,A review on the applications of nuclear magnetic resonance (NMR) in the oil and gas industry: laboratory and field-scale measurements > Special topics > Unconventional rock characterization using different NMR techniques,348,1950
At the Middle Edge Server Layer,Wettability,Nível 3,Nível 3,0.531,root > Enhancing Energy Efficiency of Edge Computing Systems > At the Middle Edge Server Layer,A review on the applications of nuclear magnetic resonance (NMR) in the oil and gas industry: laboratory and field-scale measurements > Petrophysics > Wettability,90,416
Deep Learning Optimization at the Edge,Design and improvements in LWD-NMR,Nível 2,Nível 3,0.531,root > Deep Learning Optimization at the Edge,A review on the applications of nuclear magnetic resonance (NMR) in the oil and gas industry: laboratory and field-scale measurements > NMR applications in field scale > Design and improvements in LWD-NMR,137,1620
Hardware System,Relaxation measurements,Nível 3,Nível 2,0.531,root > Deep Learning Optimization at the Edge > Hardware System,A review on the applications of nuclear magnetic resonance (NMR) in the oil and gas industry: laboratory and field-scale measurements > Relaxation measurements,31,699
Comparative Study,Unconventional rock characterization using different NMR techniques,Nível 2,Nível 3,0.531,Open Source Edge Computing Projects > Comparative Study,A review on the applications of nuclear magnetic resonance (NMR) in the oil and gas industry: laboratory and field-scale measurements > Special topics > Unconventional rock characterization using different NMR techniques,348,1950
Comparative Study,Unconventional rock characterization using different NMR techniques,Nível 1,Nível 3,0.531,Comparative Study,A review on the applications of nuclear magnetic resonance (NMR) in the oil and gas industry: laboratory and field-scale measurements > Special topics > Unconventional rock characterization using different NMR techniques,348,1950
At the Middle Edge Server Layer,Wettability,Nível 2,Nível 3,0.531,Enhancing Energy Efficiency of Edge Computing Systems > At the Middle Edge Server Layer,A review on the applications of nuclear magnetic resonance (NMR) in the oil and gas industry: laboratory and field-scale measurements > Petrophysics > Wettability,90,416
At the Middle Edge Server Layer,Wettability,Nível 1,Nível 3,0.531,At the Middle Edge Server Layer,A review on the applications of nuclear magnetic resonance (NMR) in the oil and gas industry: laboratory and field-scale measurements > Petrophysics > Wettability,90,416
Deep Learning Optimization at the Edge,Design and improvements in LWD-NMR,Nível 1,Nível 3,0.531,Deep Learning Optimization at the Edge,A review on the applications of nuclear magnetic resonance (NMR) in the oil and gas industry: laboratory and field-scale measurements > NMR applications in field scale > Design and improvements in LWD-NMR,137,1620
Hardware System,Relaxation measurements,Nível 2,Nível 2,0.531,Deep Learning Optimization at the Edge > Hardware System,A review on the applications of nuclear magnetic resonance (NMR) in the oil and gas industry: laboratory and field-scale measurements > Relaxation measurements,31,699
Hardware System,Relaxation measurements,Nível 1,Nível 2,0.531,Hardware System,A review on the applications of nuclear magnetic resonance (NMR) in the oil and gas industry: laboratory and field-scale measurements > Relaxation measurements,31,699
Cachier and Precog,Geosteering and well placement optimization,Nível 3,Nível 4,0.5303,root > Edge Computing Systems and Tools > Cachier and Precog,A review on the applications of nuclear magnetic resonance (NMR) in the oil and gas industry: laboratory and field-scale measurements > NMR applications in field scale > Field implementation and applications > Geosteering and well placement optimization,649,816
At the Bottom Device Layer,Relaxation measurements,Nível 3,Nível 2,0.5303,root > Enhancing Energy Efficiency of Edge Computing Systems > At the Bottom Device Layer,A review on the applications of nuclear magnetic resonance (NMR) in the oil and gas industry: laboratory and field-scale measurements > Relaxation measurements,85,699
Computation offloading to edge servers or cloud,Future research directions,Nível 4,Nível 2,0.5303,root > Enhancing Energy Efficiency of Edge Computing Systems > At the Bottom Device Layer > Computation offloading to edge servers or cloud,A review on the applications of nuclear magnetic resonance (NMR) in the oil and gas industry: laboratory and field-scale measurements > Future research directions,367,439
Deep Learning Optimization at the Edge,Future research directions,Nível 2,Nível 2,0.5303,root > Deep Learning Optimization at the Edge,A review on the applications of nuclear magnetic resonance (NMR) in the oil and gas industry: laboratory and field-scale measurements > Future research directions,137,439
Cachier and Precog,Geosteering and well placement optimization,Nível 2,Nível 4,0.5303,Edge Computing Systems and Tools > Cachier and Precog,A review on the applications of nuclear magnetic resonance (NMR) in the oil and gas industry: laboratory and field-scale measurements > NMR applications in field scale > Field implementation and applications > Geosteering and well placement optimization,649,816
Cachier and Precog,Geosteering and well placement optimization,Nível 1,Nível 4,0.5303,Cachier and Precog,A review on the applications of nuclear magnetic resonance (NMR) in the oil and gas industry: laboratory and field-scale measurements > NMR applications in field scale > Field implementation and applications > Geosteering and well placement optimization,649,816
At the Bottom Device Layer,Relaxation measurements,Nível 2,Nível 2,0.5303,Enhancing Energy Efficiency of Edge Computing Systems > At the Bottom Device Layer,A review on the applications of nuclear magnetic resonance (NMR) in the oil and gas industry: laboratory and field-scale measurements > Relaxation measurements,85,699
Computation offloading to edge servers or cloud,Future research directions,Nível 3,Nível 2,0.5303,Enhancing Energy Efficiency of Edge Computing Systems > At the Bottom Device Layer > Computation offloading to edge servers or cloud,A review on the applications of nuclear magnetic resonance (NMR) in the oil and gas industry: laboratory and field-scale measurements > Future research directions,367,439
At the Bottom Device Layer,Relaxation measurements,Nível 1,Nível 2,0.5303,At the Bottom Device Layer,A review on the applications of nuclear magnetic resonance (NMR) in the oil and gas industry: laboratory and field-scale measurements > Relaxation measurements,85,699
Computation offloading to edge servers or cloud,Future research directions,Nível 2,Nível 2,0.5303,At the Bottom Device Layer > Computation offloading to edge servers or cloud,A review on the applications of nuclear magnetic resonance (NMR) in the oil and gas industry: laboratory and field-scale measurements > Future research directions,367,439
Computation offloading to edge servers or cloud,Future research directions,Nível 1,Nível 2,0.5303,Computation offloading to edge servers or cloud,A review on the applications of nuclear magnetic resonance (NMR) in the oil and gas industry: laboratory and field-scale measurements > Future research directions,367,439
Deep Learning Optimization at the Edge,Future research directions,Nível 1,Nível 2,0.5303,Deep Learning Optimization at the Edge,A review on the applications of nuclear magnetic resonance (NMR) in the oil and gas industry: laboratory and field-scale measurements > Future research directions,137,439
ParaDrop,Future research directions,Nível 3,Nível 2,0.53,root > Edge Computing Systems and Tools > ParaDrop,A review on the applications of nuclear magnetic resonance (NMR) in the oil and gas industry: laboratory and field-scale measurements > Future research directions,395,439
Comparative Study,Diffusion measurements,Nível 3,Nível 2,0.53,root > Open Source Edge Computing Projects > Comparative Study,A review on the applications of nuclear magnetic resonance (NMR) in the oil and gas industry: laboratory and field-scale measurements > Diffusion measurements,348,726
ASIC,Design and improvements in LWD-NMR,Nível 4,Nível 3,0.53,root > Deep Learning Optimization at the Edge > Hardware System > ASIC,A review on the applications of nuclear magnetic resonance (NMR) in the oil and gas industry: laboratory and field-scale measurements > NMR applications in field scale > Design and improvements in LWD-NMR,205,1620
ParaDrop,Future research directions,Nível 2,Nível 2,0.53,Edge Computing Systems and Tools > ParaDrop,A review on the applications of nuclear magnetic resonance (NMR) in the oil and gas industry: laboratory and field-scale measurements > Future research directions,395,439
ParaDrop,Future research directions,Nível 1,Nível 2,0.53,ParaDrop,A review on the applications of nuclear magnetic resonance (NMR) in the oil and gas industry: laboratory and field-scale measurements > Future research directions,395,439
Comparative Study,Diffusion measurements,Nível 2,Nível 2,0.53,Open Source Edge Computing Projects > Comparative Study,A review on the applications of nuclear magnetic resonance (NMR) in the oil and gas industry: laboratory and field-scale measurements > Diffusion measurements,348,726
Comparative Study,Diffusion measurements,Nível 1,Nível 2,0.53,Comparative Study,A review on the applications of nuclear magnetic resonance (NMR) in the oil and gas industry: laboratory and field-scale measurements > Diffusion measurements,348,726
ASIC,Design and improvements in LWD-NMR,Nível 3,Nível 3,0.53,Deep Learning Optimization at the Edge > Hardware System > ASIC,A review on the applications of nuclear magnetic resonance (NMR) in the oil and gas industry: laboratory and field-scale measurements > NMR applications in field scale > Design and improvements in LWD-NMR,205,1620
ASIC,Design and improvements in LWD-NMR,Nível 2,Nível 3,0.53,Hardware System > ASIC,A review on the applications of nuclear magnetic resonance (NMR) in the oil and gas industry: laboratory and field-scale measurements > NMR applications in field scale > Design and improvements in LWD-NMR,205,1620
ASIC,Design and improvements in LWD-NMR,Nível 1,Nível 3,0.53,ASIC,A review on the applications of nuclear magnetic resonance (NMR) in the oil and gas industry: laboratory and field-scale measurements > NMR applications in field scale > Design and improvements in LWD-NMR,205,1620
Conclusions,Common misinterpretation in conventional rocks,Nível 2,Nível 3,0.5293,root > Conclusions,A review on the applications of nuclear magnetic resonance (NMR) in the oil and gas industry: laboratory and field-scale measurements > Special topics > Common misinterpretation in conventional rocks,559,749
Conclusions,Common misinterpretation in conventional rocks,Nível 1,Nível 3,0.5293,Conclusions,A review on the applications of nuclear magnetic resonance (NMR) in the oil and gas industry: laboratory and field-scale measurements > Special topics > Common misinterpretation in conventional rocks,559,749
Cachier and Precog,Abstract,Nível 3,Nível 2,0.529,root > Edge Computing Systems and Tools > Cachier and Precog,A review on the applications of nuclear magnetic resonance (NMR) in the oil and gas industry: laboratory and field-scale measurements > Abstract,649,276
At the Middle Edge Server Layer,Pore size distribution,Nível 3,Nível 3,0.529,root > Enhancing Energy Efficiency of Edge Computing Systems > At the Middle Edge Server Layer,A review on the applications of nuclear magnetic resonance (NMR) in the oil and gas industry: laboratory and field-scale measurements > Petrophysics > Pore size distribution,90,792
Cachier and Precog,Abstract,Nível 2,Nível 2,0.529,Edge Computing Systems and Tools > Cachier and Precog,A review on the applications of nuclear magnetic resonance (NMR) in the oil and gas industry: laboratory and field-scale measurements > Abstract,649,276
Cachier and Precog,Abstract,Nível 1,Nível 2,0.529,Cachier and Precog,A review on the applications of nuclear magnetic resonance (NMR) in the oil and gas industry: laboratory and field-scale measurements > Abstract,649,276
At the Middle Edge Server Layer,Pore size distribution,Nível 2,Nível 3,0.529,Enhancing Energy Efficiency of Edge Computing Systems > At the Middle Edge Server Layer,A review on the applications of nuclear magnetic resonance (NMR) in the oil and gas industry: laboratory and field-scale measurements > Petrophysics > Pore size distribution,90,792
At the Middle Edge Server Layer,Pore size distribution,Nível 1,Nível 3,0.529,At the Middle Edge Server Layer,A review on the applications of nuclear magnetic resonance (NMR) in the oil and gas industry: laboratory and field-scale measurements > Petrophysics > Pore size distribution,90,792
At the Top Cloud Layer,Diffusion measurements,Nível 3,Nível 2,0.5283,root > Enhancing Energy Efficiency of Edge Computing Systems > At the Top Cloud Layer,A review on the applications of nuclear magnetic resonance (NMR) in the oil and gas industry: laboratory and field-scale measurements > Diffusion measurements,197,726
Deep Learning Packages,Abstract,Nível 3,Nível 2,0.5283,root > Deep Learning Optimization at the Edge > Deep Learning Packages,A review on the applications of nuclear magnetic resonance (NMR) in the oil and gas industry: laboratory and field-scale measurements > Abstract,1025,276
At the Top Cloud Layer,Diffusion measurements,Nível 2,Nível 2,0.5283,Enhancing Energy Efficiency of Edge Computing Systems > At the Top Cloud Layer,A review on the applications of nuclear magnetic resonance (NMR) in the oil and gas industry: laboratory and field-scale measurements > Diffusion measurements,197,726
At the Top Cloud Layer,Diffusion measurements,Nível 1,Nível 2,0.5283,At the Top Cloud Layer,A review on the applications of nuclear magnetic resonance (NMR) in the oil and gas industry: laboratory and field-scale measurements > Diffusion measurements,197,726
Deep Learning Packages,Abstract,Nível 2,Nível 2,0.5283,Deep Learning Optimization at the Edge > Deep Learning Packages,A review on the applications of nuclear magnetic resonance (NMR) in the oil and gas industry: laboratory and field-scale measurements > Abstract,1025,276
Deep Learning Packages,Abstract,Nível 1,Nível 2,0.5283,Deep Learning Packages,A review on the applications of nuclear magnetic resonance (NMR) in the oil and gas industry: laboratory and field-scale measurements > Abstract,1025,276
Cloud-Sea Computing Systems,Enhanced oil recovery applications,Nível 3,Nível 2,0.528,root > Edge Computing Systems and Tools > Cloud-Sea Computing Systems,A review on the applications of nuclear magnetic resonance (NMR) in the oil and gas industry: laboratory and field-scale measurements > Enhanced oil recovery applications,587,1519
ParaDrop Developer Workflow,Tar detection in carbonates,Nível 3,Nível 4,0.528,root > ParaDrop > ParaDrop Developer Workflow,A review on the applications of nuclear magnetic resonance (NMR) in the oil and gas industry: laboratory and field-scale measurements > NMR applications in field scale > Field implementation and applications > Tar detection in carbonates,286,491
Enhancing Energy Efficiency of Edge Computing Systems,Wettability,Nível 2,Nível 3,0.528,root > Enhancing Energy Efficiency of Edge Computing Systems,A review on the applications of nuclear magnetic resonance (NMR) in the oil and gas industry: laboratory and field-scale measurements > Petrophysics > Wettability,84,416
Enhancing Energy Efficiency of Edge Computing Systems,References,Nível 2,Nível 2,0.528,root > Enhancing Energy Efficiency of Edge Computing Systems,A review on the applications of nuclear magnetic resonance (NMR) in the oil and gas industry: laboratory and field-scale measurements > References,84,8779
Cloud-Sea Computing Systems,Enhanced oil recovery applications,Nível 2,Nível 2,0.528,Edge Computing Systems and Tools > Cloud-Sea Computing Systems,A review on the applications of nuclear magnetic resonance (NMR) in the oil and gas industry: laboratory and field-scale measurements > Enhanced oil recovery applications,587,1519
Cloud-Sea Computing Systems,Enhanced oil recovery applications,Nível 1,Nível 2,0.528,Cloud-Sea Computing Systems,A review on the applications of nuclear magnetic resonance (NMR) in the oil and gas industry: laboratory and field-scale measurements > Enhanced oil recovery applications,587,1519
ParaDrop Developer Workflow,Tar detection in carbonates,Nível 2,Nível 4,0.528,ParaDrop > ParaDrop Developer Workflow,A review on the applications of nuclear magnetic resonance (NMR) in the oil and gas industry: laboratory and field-scale measurements > NMR applications in field scale > Field implementation and applications > Tar detection in carbonates,286,491
ParaDrop Developer Workflow,Tar detection in carbonates,Nível 1,Nível 4,0.528,ParaDrop Developer Workflow,A review on the applications of nuclear magnetic resonance (NMR) in the oil and gas industry: laboratory and field-scale measurements > NMR applications in field scale > Field implementation and applications > Tar detection in carbonates,286,491
Enhancing Energy Efficiency of Edge Computing Systems,Wettability,Nível 1,Nível 3,0.528,Enhancing Energy Efficiency of Edge Computing Systems,A review on the applications of nuclear magnetic resonance (NMR) in the oil and gas industry: laboratory and field-scale measurements > Petrophysics > Wettability,84,416
Enhancing Energy Efficiency of Edge Computing Systems,References,Nível 1,Nível 2,0.528,Enhancing Energy Efficiency of Edge Computing Systems,A review on the applications of nuclear magnetic resonance (NMR) in the oil and gas industry: laboratory and field-scale measurements > References,84,8779
Green-energy powered sustainable computing,Design and improvements in LWD-NMR,Nível 4,Nível 3,0.5273,root > Enhancing Energy Efficiency of Edge Computing Systems > At the Middle Edge Server Layer > Green-energy powered sustainable computing,A review on the applications of nuclear magnetic resonance (NMR) in the oil and gas industry: laboratory and field-scale measurements > NMR applications in field scale > Design and improvements in LWD-NMR,133,1620
Green-energy powered sustainable computing,Design and improvements in LWD-NMR,Nível 3,Nível 3,0.5273,Enhancing Energy Efficiency of Edge Computing Systems > At the Middle Edge Server Layer > Green-energy powered sustainable computing,A review on the applications of nuclear magnetic resonance (NMR) in the oil and gas industry: laboratory and field-scale measurements > NMR applications in field scale > Design and improvements in LWD-NMR,133,1620
Green-energy powered sustainable computing,Design and improvements in LWD-NMR,Nível 2,Nível 3,0.5273,At the Middle Edge Server Layer > Green-energy powered sustainable computing,A review on the applications of nuclear magnetic resonance (NMR) in the oil and gas industry: laboratory and field-scale measurements > NMR applications in field scale > Design and improvements in LWD-NMR,133,1620
Green-energy powered sustainable computing,Design and improvements in LWD-NMR,Nível 1,Nível 3,0.5273,Green-energy powered sustainable computing,A review on the applications of nuclear magnetic resonance (NMR) in the oil and gas industry: laboratory and field-scale measurements > NMR applications in field scale > Design and improvements in LWD-NMR,133,1620
Comparative Study,Evaluation of mud filtrate invasion characteristic,Nível 3,Nível 3,0.527,root > Open Source Edge Computing Projects > Comparative Study,A review on the applications of nuclear magnetic resonance (NMR) in the oil and gas industry: laboratory and field-scale measurements > Special topics > Evaluation of mud filtrate invasion characteristic,348,1118
At the Middle Edge Server Layer,References,Nível 3,Nível 2,0.527,root > Enhancing Energy Efficiency of Edge Computing Systems > At the Middle Edge Server Layer,A review on the applications of nuclear magnetic resonance (NMR) in the oil and gas industry: laboratory and field-scale measurements > References,90,8779
Deep Learning Packages,Capillary pressure,Nível 3,Nível 3,0.527,root > Deep Learning Optimization at the Edge > Deep Learning Packages,A review on the applications of nuclear magnetic resonance (NMR) in the oil and gas industry: laboratory and field-scale measurements > Petrophysics > Capillary pressure,1025,429
Comparative Study,Evaluation of mud filtrate invasion characteristic,Nível 2,Nível 3,0.527,Open Source Edge Computing Projects > Comparative Study,A review on the applications of nuclear magnetic resonance (NMR) in the oil and gas industry: laboratory and field-scale measurements > Special topics > Evaluation of mud filtrate invasion characteristic,348,1118
Comparative Study,Evaluation of mud filtrate invasion characteristic,Nível 1,Nível 3,0.527,Comparative Study,A review on the applications of nuclear magnetic resonance (NMR) in the oil and gas industry: laboratory and field-scale measurements > Special topics > Evaluation of mud filtrate invasion characteristic,348,1118
At the Middle Edge Server Layer,References,Nível 2,Nível 2,0.527,Enhancing Energy Efficiency of Edge Computing Systems > At the Middle Edge Server Layer,A review on the applications of nuclear magnetic resonance (NMR) in the oil and gas industry: laboratory and field-scale measurements > References,90,8779
At the Middle Edge Server Layer,References,Nível 1,Nível 2,0.527,At the Middle Edge Server Layer,A review on the applications of nuclear magnetic resonance (NMR) in the oil and gas industry: laboratory and field-scale measurements > References,90,8779
Deep Learning Packages,Capillary pressure,Nível 2,Nível 3,0.527,Deep Learning Optimization at the Edge > Deep Learning Packages,A review on the applications of nuclear magnetic resonance (NMR) in the oil and gas industry: laboratory and field-scale measurements > Petrophysics > Capillary pressure,1025,429
Deep Learning Packages,Capillary pressure,Nível 1,Nível 3,0.527,Deep Learning Packages,A review on the applications of nuclear magnetic resonance (NMR) in the oil and gas industry: laboratory and field-scale measurements > Petrophysics > Capillary pressure,1025,429
Cachier and Precog,Enhanced oil recovery applications,Nível 3,Nível 2,0.5264,root > Edge Computing Systems and Tools > Cachier and Precog,A review on the applications of nuclear magnetic resonance (NMR) in the oil and gas industry: laboratory and field-scale measurements > Enhanced oil recovery applications,649,1519
At the Middle Edge Server Layer,Permeability,Nível 3,Nível 3,0.5264,root > Enhancing Energy Efficiency of Edge Computing Systems > At the Middle Edge Server Layer,A review on the applications of nuclear magnetic resonance (NMR) in the oil and gas industry: laboratory and field-scale measurements > Petrophysics > Permeability,90,552
Low-power system design and power management,Introduction,Nível 4,Nível 2,0.5264,root > Enhancing Energy Efficiency of Edge Computing Systems > At the Middle Edge Server Layer > Low-power system design and power management,A review on the applications of nuclear magnetic resonance (NMR) in the oil and gas industry: laboratory and field-scale measurements > Introduction,289,1614
Cachier and Precog,Enhanced oil recovery applications,Nível 2,Nível 2,0.5264,Edge Computing Systems and Tools > Cachier and Precog,A review on the applications of nuclear magnetic resonance (NMR) in the oil and gas industry: laboratory and field-scale measurements > Enhanced oil recovery applications,649,1519
Cachier and Precog,Enhanced oil recovery applications,Nível 1,Nível 2,0.5264,Cachier and Precog,A review on the applications of nuclear magnetic resonance (NMR) in the oil and gas industry: laboratory and field-scale measurements > Enhanced oil recovery applications,649,1519
At the Middle Edge Server Layer,Permeability,Nível 2,Nível 3,0.5264,Enhancing Energy Efficiency of Edge Computing Systems > At the Middle Edge Server Layer,A review on the applications of nuclear magnetic resonance (NMR) in the oil and gas industry: laboratory and field-scale measurements > Petrophysics > Permeability,90,552
Low-power system design and power management,Introduction,Nível 3,Nível 2,0.5264,Enhancing Energy Efficiency of Edge Computing Systems > At the Middle Edge Server Layer > Low-power system design and power management,A review on the applications of nuclear magnetic resonance (NMR) in the oil and gas industry: laboratory and field-scale measurements > Introduction,289,1614
At the Middle Edge Server Layer,Permeability,Nível 1,Nível 3,0.5264,At the Middle Edge Server Layer,A review on the applications of nuclear magnetic resonance (NMR) in the oil and gas industry: laboratory and field-scale measurements > Petrophysics > Permeability,90,552
Low-power system design and power management,Introduction,Nível 2,Nível 2,0.5264,At the Middle Edge Server Layer > Low-power system design and power management,A review on the applications of nuclear magnetic resonance (NMR) in the oil and gas industry: laboratory and field-scale measurements > Introduction,289,1614
Low-power system design and power management,Introduction,Nível 1,Nível 2,0.5264,Low-power system design and power management,A review on the applications of nuclear magnetic resonance (NMR) in the oil and gas industry: laboratory and field-scale measurements > Introduction,289,1614
Cloud-Sea Computing Systems,Petrophysics,Nível 3,Nível 2,0.526,root > Edge Computing Systems and Tools > Cloud-Sea Computing Systems,A review on the applications of nuclear magnetic resonance (NMR) in the oil and gas industry: laboratory and field-scale measurements > Petrophysics,587,272
ASIC,Two-dimensional NMR measurements,Nível 4,Nível 2,0.526,root > Deep Learning Optimization at the Edge > Hardware System > ASIC,A review on the applications of nuclear magnetic resonance (NMR) in the oil and gas industry: laboratory and field-scale measurements > Two-dimensional NMR measurements,205,780
Cloud-Sea Computing Systems,Petrophysics,Nível 2,Nível 2,0.526,Edge Computing Systems and Tools > Cloud-Sea Computing Systems,A review on the applications of nuclear magnetic resonance (NMR) in the oil and gas industry: laboratory and field-scale measurements > Petrophysics,587,272
Cloud-Sea Computing Systems,Petrophysics,Nível 1,Nível 2,0.526,Cloud-Sea Computing Systems,A review on the applications of nuclear magnetic resonance (NMR) in the oil and gas industry: laboratory and field-scale measurements > Petrophysics,587,272
ASIC,Two-dimensional NMR measurements,Nível 3,Nível 2,0.526,Deep Learning Optimization at the Edge > Hardware System > ASIC,A review on the applications of nuclear magnetic resonance (NMR) in the oil and gas industry: laboratory and field-scale measurements > Two-dimensional NMR measurements,205,780
ASIC,Two-dimensional NMR measurements,Nível 2,Nível 2,0.526,Hardware System > ASIC,A review on the applications of nuclear magnetic resonance (NMR) in the oil and gas industry: laboratory and field-scale measurements > Two-dimensional NMR measurements,205,780
ASIC,Two-dimensional NMR measurements,Nível 1,Nível 2,0.526,ASIC,A review on the applications of nuclear magnetic resonance (NMR) in the oil and gas industry: laboratory and field-scale measurements > Two-dimensional NMR measurements,205,780
System Architecture,Future research directions,Nível 3,Nível 2,0.5254,root > ParaDrop > System Architecture,A review on the applications of nuclear magnetic resonance (NMR) in the oil and gas industry: laboratory and field-scale measurements > Future research directions,588,439
Scenarios,Geosteering and well placement optimization,Nível 4,Nível 4,0.5254,root > Open Source Edge Computing Projects > Comparative Study > Scenarios,A review on the applications of nuclear magnetic resonance (NMR) in the oil and gas industry: laboratory and field-scale measurements > NMR applications in field scale > Field implementation and applications > Geosteering and well placement optimization,471,816
System Architecture,Future research directions,Nível 2,Nível 2,0.5254,ParaDrop > System Architecture,A review on the applications of nuclear magnetic resonance (NMR) in the oil and gas industry: laboratory and field-scale measurements > Future research directions,588,439
System Architecture,Future research directions,Nível 1,Nível 2,0.5254,System Architecture,A review on the applications of nuclear magnetic resonance (NMR) in the oil and gas industry: laboratory and field-scale measurements > Future research directions,588,439
Scenarios,Geosteering and well placement optimization,Nível 3,Nível 4,0.5254,Open Source Edge Computing Projects > Comparative Study > Scenarios,A review on the applications of nuclear magnetic resonance (NMR) in the oil and gas industry: laboratory and field-scale measurements > NMR applications in field scale > Field implementation and applications > Geosteering and well placement optimization,471,816
Scenarios,Geosteering and well placement optimization,Nível 2,Nível 4,0.5254,Comparative Study > Scenarios,A review on the applications of nuclear magnetic resonance (NMR) in the oil and gas industry: laboratory and field-scale measurements > NMR applications in field scale > Field implementation and applications > Geosteering and well placement optimization,471,816
Scenarios,Geosteering and well placement optimization,Nível 1,Nível 4,0.5254,Scenarios,A review on the applications of nuclear magnetic resonance (NMR) in the oil and gas industry: laboratory and field-scale measurements > NMR applications in field scale > Field implementation and applications > Geosteering and well placement optimization,471,816
Cloud-Sea Computing Systems,NMR theory,Nível 3,Nível 2,0.525,root > Edge Computing Systems and Tools > Cloud-Sea Computing Systems,A review on the applications of nuclear magnetic resonance (NMR) in the oil and gas industry: laboratory and field-scale measurements > NMR theory,587,370
Cachier and Precog,NMR theory,Nível 3,Nível 2,0.525,root > Edge Computing Systems and Tools > Cachier and Precog,A review on the applications of nuclear magnetic resonance (NMR) in the oil and gas industry: laboratory and field-scale measurements > NMR theory,649,370
Comparative Study,Petrophysics,Nível 3,Nível 2,0.525,root > Open Source Edge Computing Projects > Comparative Study,A review on the applications of nuclear magnetic resonance (NMR) in the oil and gas industry: laboratory and field-scale measurements > Petrophysics,348,272
Collaborated devices control and resource management,Two-dimensional NMR measurements,Nível 4,Nível 2,0.525,root > Enhancing Energy Efficiency of Edge Computing Systems > At the Bottom Device Layer > Collaborated devices control and resource management,A review on the applications of nuclear magnetic resonance (NMR) in the oil and gas industry: laboratory and field-scale measurements > Two-dimensional NMR measurements,487,780
GPU-based hardware,Relaxation measurements,Nível 4,Nível 2,0.525,root > Deep Learning Optimization at the Edge > Hardware System > GPU-based hardware,A review on the applications of nuclear magnetic resonance (NMR) in the oil and gas industry: laboratory and field-scale measurements > Relaxation measurements,209,699
Conclusions,Geosteering and well placement optimization,Nível 2,Nível 4,0.525,root > Conclusions,A review on the applications of nuclear magnetic resonance (NMR) in the oil and gas industry: laboratory and field-scale measurements > NMR applications in field scale > Field implementation and applications > Geosteering and well placement optimization,559,816
Cloud-Sea Computing Systems,NMR theory,Nível 2,Nível 2,0.525,Edge Computing Systems and Tools > Cloud-Sea Computing Systems,A review on the applications of nuclear magnetic resonance (NMR) in the oil and gas industry: laboratory and field-scale measurements > NMR theory,587,370
Cachier and Precog,NMR theory,Nível 2,Nível 2,0.525,Edge Computing Systems and Tools > Cachier and Precog,A review on the applications of nuclear magnetic resonance (NMR) in the oil and gas industry: laboratory and field-scale measurements > NMR theory,649,370
Cloud-Sea Computing Systems,NMR theory,Nível 1,Nível 2,0.525,Cloud-Sea Computing Systems,A review on the applications of nuclear magnetic resonance (NMR) in the oil and gas industry: laboratory and field-scale measurements > NMR theory,587,370
Cachier and Precog,NMR theory,Nível 1,Nível 2,0.525,Cachier and Precog,A review on the applications of nuclear magnetic resonance (NMR) in the oil and gas industry: laboratory and field-scale measurements > NMR theory,649,370
Comparative Study,Petrophysics,Nível 2,Nível 2,0.525,Open Source Edge Computing Projects > Comparative Study,A review on the applications of nuclear magnetic resonance (NMR) in the oil and gas industry: laboratory and field-scale measurements > Petrophysics,348,272
Comparative Study,Petrophysics,Nível 1,Nível 2,0.525,Comparative Study,A review on the applications of nuclear magnetic resonance (NMR) in the oil and gas industry: laboratory and field-scale measurements > Petrophysics,348,272
Collaborated devices control and resource management,Two-dimensional NMR measurements,Nível 3,Nível 2,0.525,Enhancing Energy Efficiency of Edge Computing Systems > At the Bottom Device Layer > Collaborated devices control and resource management,A review on the applications of nuclear magnetic resonance (NMR) in the oil and gas industry: laboratory and field-scale measurements > Two-dimensional NMR measurements,487,780
Collaborated devices control and resource management,Two-dimensional NMR measurements,Nível 2,Nível 2,0.525,At the Bottom Device Layer > Collaborated devices control and resource management,A review on the applications of nuclear magnetic resonance (NMR) in the oil and gas industry: laboratory and field-scale measurements > Two-dimensional NMR measurements,487,780
Collaborated devices control and resource management,Two-dimensional NMR measurements,Nível 1,Nível 2,0.525,Collaborated devices control and resource management,A review on the applications of nuclear magnetic resonance (NMR) in the oil and gas industry: laboratory and field-scale measurements > Two-dimensional NMR measurements,487,780
GPU-based hardware,Relaxation measurements,Nível 3,Nível 2,0.525,Deep Learning Optimization at the Edge > Hardware System > GPU-based hardware,A review on the applications of nuclear magnetic resonance (NMR) in the oil and gas industry: laboratory and field-scale measurements > Relaxation measurements,209,699
GPU-based hardware,Relaxation measurements,Nível 2,Nível 2,0.525,Hardware System > GPU-based hardware,A review on the applications of nuclear magnetic resonance (NMR) in the oil and gas industry: laboratory and field-scale measurements > Relaxation measurements,209,699
GPU-based hardware,Relaxation measurements,Nível 1,Nível 2,0.525,GPU-based hardware,A review on the applications of nuclear magnetic resonance (NMR) in the oil and gas industry: laboratory and field-scale measurements > Relaxation measurements,209,699
Conclusions,Geosteering and well placement optimization,Nível 1,Nível 4,0.525,Conclusions,A review on the applications of nuclear magnetic resonance (NMR) in the oil and gas industry: laboratory and field-scale measurements > NMR applications in field scale > Field implementation and applications > Geosteering and well placement optimization,559,816
Comparative Study,NMR theory,Nível 3,Nível 2,0.5244,root > Open Source Edge Computing Projects > Comparative Study,A review on the applications of nuclear magnetic resonance (NMR) in the oil and gas industry: laboratory and field-scale measurements > NMR theory,348,370
Enhancing Energy Efficiency of Edge Computing Systems,Unconventional rock characterization using different NMR techniques,Nível 2,Nível 3,0.5244,root > Enhancing Energy Efficiency of Edge Computing Systems,A review on the applications of nuclear magnetic resonance (NMR) in the oil and gas industry: laboratory and field-scale measurements > Special topics > Unconventional rock characterization using different NMR techniques,84,1950
Enhancing Energy Efficiency of Edge Computing Systems,Design and improvements in LWD-NMR,Nível 2,Nível 3,0.5244,root > Enhancing Energy Efficiency of Edge Computing Systems,A review on the applications of nuclear magnetic resonance (NMR) in the oil and gas industry: laboratory and field-scale measurements > NMR applications in field scale > Design and improvements in LWD-NMR,84,1620
At the Top Cloud Layer,Unconventional rock characterization using different NMR techniques,Nível 3,Nível 3,0.5244,root > Enhancing Energy Efficiency of Edge Computing Systems > At the Top Cloud Layer,A review on the applications of nuclear magnetic resonance (NMR) in the oil and gas industry: laboratory and field-scale measurements > Special topics > Unconventional rock characterization using different NMR techniques,197,1950
Comparative Study,NMR theory,Nível 2,Nível 2,0.5244,Open Source Edge Computing Projects > Comparative Study,A review on the applications of nuclear magnetic resonance (NMR) in the oil and gas industry: laboratory and field-scale measurements > NMR theory,348,370
Comparative Study,NMR theory,Nível 1,Nível 2,0.5244,Comparative Study,A review on the applications of nuclear magnetic resonance (NMR) in the oil and gas industry: laboratory and field-scale measurements > NMR theory,348,370
Enhancing Energy Efficiency of Edge Computing Systems,Unconventional rock characterization using different NMR techniques,Nível 1,Nível 3,0.5244,Enhancing Energy Efficiency of Edge Computing Systems,A review on the applications of nuclear magnetic resonance (NMR) in the oil and gas industry: laboratory and field-scale measurements > Special topics > Unconventional rock characterization using different NMR techniques,84,1950
Enhancing Energy Efficiency of Edge Computing Systems,Design and improvements in LWD-NMR,Nível 1,Nível 3,0.5244,Enhancing Energy Efficiency of Edge Computing Systems,A review on the applications of nuclear magnetic resonance (NMR) in the oil and gas industry: laboratory and field-scale measurements > NMR applications in field scale > Design and improvements in LWD-NMR,84,1620
At the Top Cloud Layer,Unconventional rock characterization using different NMR techniques,Nível 2,Nível 3,0.5244,Enhancing Energy Efficiency of Edge Computing Systems > At the Top Cloud Layer,A review on the applications of nuclear magnetic resonance (NMR) in the oil and gas industry: laboratory and field-scale measurements > Special topics > Unconventional rock characterization using different NMR techniques,197,1950
At the Top Cloud Layer,Unconventional rock characterization using different NMR techniques,Nível 1,Nível 3,0.5244,At the Top Cloud Layer,A review on the applications of nuclear magnetic resonance (NMR) in the oil and gas industry: laboratory and field-scale measurements > Special topics > Unconventional rock characterization using different NMR techniques,197,1950
Low-power system design and power management,Future research directions,Nível 4,Nível 2,0.524,root > Enhancing Energy Efficiency of Edge Computing Systems > At the Middle Edge Server Layer > Low-power system design and power management,A review on the applications of nuclear magnetic resonance (NMR) in the oil and gas industry: laboratory and field-scale measurements > Future research directions,289,439
Green-energy powered sustainable computing,Two-dimensional NMR measurements,Nível 4,Nível 2,0.524,root > Enhancing Energy Efficiency of Edge Computing Systems > At the Middle Edge Server Layer > Green-energy powered sustainable computing,A review on the applications of nuclear magnetic resonance (NMR) in the oil and gas industry: laboratory and field-scale measurements > Two-dimensional NMR measurements,133,780
Collaborated devices control and resource management,Relaxation measurements,Nível 4,Nível 2,0.524,root > Enhancing Energy Efficiency of Edge Computing Systems > At the Bottom Device Layer > Collaborated devices control and resource management,A review on the applications of nuclear magnetic resonance (NMR) in the oil and gas industry: laboratory and field-scale measurements > Relaxation measurements,487,699
Conclusions,Petrophysics,Nível 2,Nível 2,0.524,root > Conclusions,A review on the applications of nuclear magnetic resonance (NMR) in the oil and gas industry: laboratory and field-scale measurements > Petrophysics,559,272
Low-power system design and power management,Future research directions,Nível 3,Nível 2,0.524,Enhancing Energy Efficiency of Edge Computing Systems > At the Middle Edge Server Layer > Low-power system design and power management,A review on the applications of nuclear magnetic resonance (NMR) in the oil and gas industry: laboratory and field-scale measurements > Future research directions,289,439
Green-energy powered sustainable computing,Two-dimensional NMR measurements,Nível 3,Nível 2,0.524,Enhancing Energy Efficiency of Edge Computing Systems > At the Middle Edge Server Layer > Green-energy powered sustainable computing,A review on the applications of nuclear magnetic resonance (NMR) in the oil and gas industry: laboratory and field-scale measurements > Two-dimensional NMR measurements,133,780
Collaborated devices control and resource management,Relaxation measurements,Nível 3,Nível 2,0.524,Enhancing Energy Efficiency of Edge Computing Systems > At the Bottom Device Layer > Collaborated devices control and resource management,A review on the applications of nuclear magnetic resonance (NMR) in the oil and gas industry: laboratory and field-scale measurements > Relaxation measurements,487,699
Low-power system design and power management,Future research directions,Nível 2,Nível 2,0.524,At the Middle Edge Server Layer > Low-power system design and power management,A review on the applications of nuclear magnetic resonance (NMR) in the oil and gas industry: laboratory and field-scale measurements > Future research directions,289,439
Green-energy powered sustainable computing,Two-dimensional NMR measurements,Nível 2,Nível 2,0.524,At the Middle Edge Server Layer > Green-energy powered sustainable computing,A review on the applications of nuclear magnetic resonance (NMR) in the oil and gas industry: laboratory and field-scale measurements > Two-dimensional NMR measurements,133,780
Low-power system design and power management,Future research directions,Nível 1,Nível 2,0.524,Low-power system design and power management,A review on the applications of nuclear magnetic resonance (NMR) in the oil and gas industry: laboratory and field-scale measurements > Future research directions,289,439
Green-energy powered sustainable computing,Two-dimensional NMR measurements,Nível 1,Nível 2,0.524,Green-energy powered sustainable computing,A review on the applications of nuclear magnetic resonance (NMR) in the oil and gas industry: laboratory and field-scale measurements > Two-dimensional NMR measurements,133,780
Collaborated devices control and resource management,Relaxation measurements,Nível 2,Nível 2,0.524,At the Bottom Device Layer > Collaborated devices control and resource management,A review on the applications of nuclear magnetic resonance (NMR) in the oil and gas industry: laboratory and field-scale measurements > Relaxation measurements,487,699
Collaborated devices control and resource management,Relaxation measurements,Nível 1,Nível 2,0.524,Collaborated devices control and resource management,A review on the applications of nuclear magnetic resonance (NMR) in the oil and gas industry: laboratory and field-scale measurements > Relaxation measurements,487,699
Conclusions,Petrophysics,Nível 1,Nível 2,0.524,Conclusions,A review on the applications of nuclear magnetic resonance (NMR) in the oil and gas industry: laboratory and field-scale measurements > Petrophysics,559,272
Cloud-Sea Computing Systems,Capillary pressure,Nível 3,Nível 3,0.5234,root > Edge Computing Systems and Tools > Cloud-Sea Computing Systems,A review on the applications of nuclear magnetic resonance (NMR) in the oil and gas industry: laboratory and field-scale measurements > Petrophysics > Capillary pressure,587,429
Cachier and Precog,Fluid saturation,Nível 3,Nível 3,0.5234,root > Edge Computing Systems and Tools > Cachier and Precog,A review on the applications of nuclear magnetic resonance (NMR) in the oil and gas industry: laboratory and field-scale measurements > Petrophysics > Fluid saturation,649,394
Systems and Toolkits,Two-dimensional NMR measurements,Nível 3,Nível 2,0.5234,root > Deep Learning Optimization at the Edge > Systems and Toolkits,A review on the applications of nuclear magnetic resonance (NMR) in the oil and gas industry: laboratory and field-scale measurements > Two-dimensional NMR measurements,550,780
Cloud-Sea Computing Systems,Capillary pressure,Nível 2,Nível 3,0.5234,Edge Computing Systems and Tools > Cloud-Sea Computing Systems,A review on the applications of nuclear magnetic resonance (NMR) in the oil and gas industry: laboratory and field-scale measurements > Petrophysics > Capillary pressure,587,429
Cachier and Precog,Fluid saturation,Nível 2,Nível 3,0.5234,Edge Computing Systems and Tools > Cachier and Precog,A review on the applications of nuclear magnetic resonance (NMR) in the oil and gas industry: laboratory and field-scale measurements > Petrophysics > Fluid saturation,649,394
Cloud-Sea Computing Systems,Capillary pressure,Nível 1,Nível 3,0.5234,Cloud-Sea Computing Systems,A review on the applications of nuclear magnetic resonance (NMR) in the oil and gas industry: laboratory and field-scale measurements > Petrophysics > Capillary pressure,587,429
Cachier and Precog,Fluid saturation,Nível 1,Nível 3,0.5234,Cachier and Precog,A review on the applications of nuclear magnetic resonance (NMR) in the oil and gas industry: laboratory and field-scale measurements > Petrophysics > Fluid saturation,649,394
Systems and Toolkits,Two-dimensional NMR measurements,Nível 2,Nível 2,0.5234,Deep Learning Optimization at the Edge > Systems and Toolkits,A review on the applications of nuclear magnetic resonance (NMR) in the oil and gas industry: laboratory and field-scale measurements > Two-dimensional NMR measurements,550,780
Systems and Toolkits,Two-dimensional NMR measurements,Nível 1,Nível 2,0.5234,Systems and Toolkits,A review on the applications of nuclear magnetic resonance (NMR) in the oil and gas industry: laboratory and field-scale measurements > Two-dimensional NMR measurements,550,780
Cloudlet,Declaration,Nível 3,Nível 2,0.523,root > Edge Computing Systems and Tools > Cloudlet,A review on the applications of nuclear magnetic resonance (NMR) in the oil and gas industry: laboratory and field-scale measurements > Declaration,259,147
CORD,Declaration,Nível 3,Nível 2,0.523,root > Open Source Edge Computing Projects > CORD,A review on the applications of nuclear magnetic resonance (NMR) in the oil and gas industry: laboratory and field-scale measurements > Declaration,590,147
At the Middle Edge Server Layer,Geosteering and well placement optimization,Nível 3,Nível 4,0.523,root > Enhancing Energy Efficiency of Edge Computing Systems > At the Middle Edge Server Layer,A review on the applications of nuclear magnetic resonance (NMR) in the oil and gas industry: laboratory and field-scale measurements > NMR applications in field scale > Field implementation and applications > Geosteering and well placement optimization,90,816
Green-energy powered sustainable computing,Future research directions,Nível 4,Nível 2,0.523,root > Enhancing Energy Efficiency of Edge Computing Systems > At the Middle Edge Server Layer > Green-energy powered sustainable computing,A review on the applications of nuclear magnetic resonance (NMR) in the oil and gas industry: laboratory and field-scale measurements > Future research directions,133,439
Collaborated devices control and resource management,Future research directions,Nível 4,Nível 2,0.523,root > Enhancing Energy Efficiency of Edge Computing Systems > At the Bottom Device Layer > Collaborated devices control and resource management,A review on the applications of nuclear magnetic resonance (NMR) in the oil and gas industry: laboratory and field-scale measurements > Future research directions,487,439
Deep Learning Packages,Geosteering and well placement optimization,Nível 3,Nível 4,0.523,root > Deep Learning Optimization at the Edge > Deep Learning Packages,A review on the applications of nuclear magnetic resonance (NMR) in the oil and gas industry: laboratory and field-scale measurements > NMR applications in field scale > Field implementation and applications > Geosteering and well placement optimization,1025,816
GPU-based hardware,Future research directions,Nível 4,Nível 2,0.523,root > Deep Learning Optimization at the Edge > Hardware System > GPU-based hardware,A review on the applications of nuclear magnetic resonance (NMR) in the oil and gas industry: laboratory and field-scale measurements > Future research directions,209,439
Conclusions,Fluid saturation,Nível 2,Nível 3,0.523,root > Conclusions,A review on the applications of nuclear magnetic resonance (NMR) in the oil and gas industry: laboratory and field-scale measurements > Petrophysics > Fluid saturation,559,394
Cloudlet,Declaration,Nível 2,Nível 2,0.523,Edge Computing Systems and Tools > Cloudlet,A review on the applications of nuclear magnetic resonance (NMR) in the oil and gas industry: laboratory and field-scale measurements > Declaration,259,147
Cloudlet,Declaration,Nível 1,Nível 2,0.523,Cloudlet,A review on the applications of nuclear magnetic resonance (NMR) in the oil and gas industry: laboratory and field-scale measurements > Declaration,259,147
CORD,Declaration,Nível 2,Nível 2,0.523,Open Source Edge Computing Projects > CORD,A review on the applications of nuclear magnetic resonance (NMR) in the oil and gas industry: laboratory and field-scale measurements > Declaration,590,147
CORD,Declaration,Nível 1,Nível 2,0.523,CORD,A review on the applications of nuclear magnetic resonance (NMR) in the oil and gas industry: laboratory and field-scale measurements > Declaration,590,147
At the Middle Edge Server Layer,Geosteering and well placement optimization,Nível 2,Nível 4,0.523,Enhancing Energy Efficiency of Edge Computing Systems > At the Middle Edge Server Layer,A review on the applications of nuclear magnetic resonance (NMR) in the oil and gas industry: laboratory and field-scale measurements > NMR applications in field scale > Field implementation and applications > Geosteering and well placement optimization,90,816
Green-energy powered sustainable computing,Future research directions,Nível 3,Nível 2,0.523,Enhancing Energy Efficiency of Edge Computing Systems > At the Middle Edge Server Layer > Green-energy powered sustainable computing,A review on the applications of nuclear magnetic resonance (NMR) in the oil and gas industry: laboratory and field-scale measurements > Future research directions,133,439
Collaborated devices control and resource management,Future research directions,Nível 3,Nível 2,0.523,Enhancing Energy Efficiency of Edge Computing Systems > At the Bottom Device Layer > Collaborated devices control and resource management,A review on the applications of nuclear magnetic resonance (NMR) in the oil and gas industry: laboratory and field-scale measurements > Future research directions,487,439
At the Middle Edge Server Layer,Geosteering and well placement optimization,Nível 1,Nível 4,0.523,At the Middle Edge Server Layer,A review on the applications of nuclear magnetic resonance (NMR) in the oil and gas industry: laboratory and field-scale measurements > NMR applications in field scale > Field implementation and applications > Geosteering and well placement optimization,90,816
Green-energy powered sustainable computing,Future research directions,Nível 2,Nível 2,0.523,At the Middle Edge Server Layer > Green-energy powered sustainable computing,A review on the applications of nuclear magnetic resonance (NMR) in the oil and gas industry: laboratory and field-scale measurements > Future research directions,133,439
Green-energy powered sustainable computing,Future research directions,Nível 1,Nível 2,0.523,Green-energy powered sustainable computing,A review on the applications of nuclear magnetic resonance (NMR) in the oil and gas industry: laboratory and field-scale measurements > Future research directions,133,439
Collaborated devices control and resource management,Future research directions,Nível 2,Nível 2,0.523,At the Bottom Device Layer > Collaborated devices control and resource management,A review on the applications of nuclear magnetic resonance (NMR) in the oil and gas industry: laboratory and field-scale measurements > Future research directions,487,439
Collaborated devices control and resource management,Future research directions,Nível 1,Nível 2,0.523,Collaborated devices control and resource management,A review on the applications of nuclear magnetic resonance (NMR) in the oil and gas industry: laboratory and field-scale measurements > Future research directions,487,439
Deep Learning Packages,Geosteering and well placement optimization,Nível 2,Nível 4,0.523,Deep Learning Optimization at the Edge > Deep Learning Packages,A review on the applications of nuclear magnetic resonance (NMR) in the oil and gas industry: laboratory and field-scale measurements > NMR applications in field scale > Field implementation and applications > Geosteering and well placement optimization,1025,816
GPU-based hardware,Future research directions,Nível 3,Nível 2,0.523,Deep Learning Optimization at the Edge > Hardware System > GPU-based hardware,A review on the applications of nuclear magnetic resonance (NMR) in the oil and gas industry: laboratory and field-scale measurements > Future research directions,209,439
Deep Learning Packages,Geosteering and well placement optimization,Nível 1,Nível 4,0.523,Deep Learning Packages,A review on the applications of nuclear magnetic resonance (NMR) in the oil and gas industry: laboratory and field-scale measurements > NMR applications in field scale > Field implementation and applications > Geosteering and well placement optimization,1025,816
GPU-based hardware,Future research directions,Nível 2,Nível 2,0.523,Hardware System > GPU-based hardware,A review on the applications of nuclear magnetic resonance (NMR) in the oil and gas industry: laboratory and field-scale measurements > Future research directions,209,439
GPU-based hardware,Future research directions,Nível 1,Nível 2,0.523,GPU-based hardware,A review on the applications of nuclear magnetic resonance (NMR) in the oil and gas industry: laboratory and field-scale measurements > Future research directions,209,439
Conclusions,Fluid saturation,Nível 1,Nível 3,0.523,Conclusions,A review on the applications of nuclear magnetic resonance (NMR) in the oil and gas industry: laboratory and field-scale measurements > Petrophysics > Fluid saturation,559,394
Comparative Study,Concluding remarks,Nível 3,Nível 2,0.5225,root > Open Source Edge Computing Projects > Comparative Study,A review on the applications of nuclear magnetic resonance (NMR) in the oil and gas industry: laboratory and field-scale measurements > Concluding remarks,348,564
Virtualization technology,References,Nível 4,Nível 2,0.5225,root > Open Source Edge Computing Projects > Comparative Study > Virtualization technology,A review on the applications of nuclear magnetic resonance (NMR) in the oil and gas industry: laboratory and field-scale measurements > References,119,8779
At the Middle Edge Server Layer,NMR theory,Nível 3,Nível 2,0.5225,root > Enhancing Energy Efficiency of Edge Computing Systems > At the Middle Edge Server Layer,A review on the applications of nuclear magnetic resonance (NMR) in the oil and gas industry: laboratory and field-scale measurements > NMR theory,90,370
Conclusions,Declaration,Nível 2,Nível 2,0.5225,root > Conclusions,A review on the applications of nuclear magnetic resonance (NMR) in the oil and gas industry: laboratory and field-scale measurements > Declaration,559,147
Comparative Study,Concluding remarks,Nível 2,Nível 2,0.5225,Open Source Edge Computing Projects > Comparative Study,A review on the applications of nuclear magnetic resonance (NMR) in the oil and gas industry: laboratory and field-scale measurements > Concluding remarks,348,564
Virtualization technology,References,Nível 3,Nível 2,0.5225,Open Source Edge Computing Projects > Comparative Study > Virtualization technology,A review on the applications of nuclear magnetic resonance (NMR) in the oil and gas industry: laboratory and field-scale measurements > References,119,8779
Comparative Study,Concluding remarks,Nível 1,Nível 2,0.5225,Comparative Study,A review on the applications of nuclear magnetic resonance (NMR) in the oil and gas industry: laboratory and field-scale measurements > Concluding remarks,348,564
Virtualization technology,References,Nível 2,Nível 2,0.5225,Comparative Study > Virtualization technology,A review on the applications of nuclear magnetic resonance (NMR) in the oil and gas industry: laboratory and field-scale measurements > References,119,8779
Virtualization technology,References,Nível 1,Nível 2,0.5225,Virtualization technology,A review on the applications of nuclear magnetic resonance (NMR) in the oil and gas industry: laboratory and field-scale measurements > References,119,8779
At the Middle Edge Server Layer,NMR theory,Nível 2,Nível 2,0.5225,Enhancing Energy Efficiency of Edge Computing Systems > At the Middle Edge Server Layer,A review on the applications of nuclear magnetic resonance (NMR) in the oil and gas industry: laboratory and field-scale measurements > NMR theory,90,370
At the Middle Edge Server Layer,NMR theory,Nível 1,Nível 2,0.5225,At the Middle Edge Server Layer,A review on the applications of nuclear magnetic resonance (NMR) in the oil and gas industry: laboratory and field-scale measurements > NMR theory,90,370
Conclusions,Declaration,Nível 1,Nível 2,0.5225,Conclusions,A review on the applications of nuclear magnetic resonance (NMR) in the oil and gas industry: laboratory and field-scale measurements > Declaration,559,147
Edge Computing Systems and Tools,Future research directions,Nível 2,Nível 2,0.522,root > Edge Computing Systems and Tools,A review on the applications of nuclear magnetic resonance (NMR) in the oil and gas industry: laboratory and field-scale measurements > Future research directions,34,439
Collaborated devices control and resource management,Introduction,Nível 4,Nível 2,0.522,root > Enhancing Energy Efficiency of Edge Computing Systems > At the Bottom Device Layer > Collaborated devices control and resource management,A review on the applications of nuclear magnetic resonance (NMR) in the oil and gas industry: laboratory and field-scale measurements > Introduction,487,1614
Deep Learning Packages,Emulsion droplet size determination using PFG NMR,Nível 3,Nível 3,0.522,root > Deep Learning Optimization at the Edge > Deep Learning Packages,A review on the applications of nuclear magnetic resonance (NMR) in the oil and gas industry: laboratory and field-scale measurements > Special topics > Emulsion droplet size determination using PFG NMR,1025,624
Edge Computing Systems and Tools,Future research directions,Nível 1,Nível 2,0.522,Edge Computing Systems and Tools,A review on the applications of nuclear magnetic resonance (NMR) in the oil and gas industry: laboratory and field-scale measurements > Future research directions,34,439
Collaborated devices control and resource management,Introduction,Nível 3,Nível 2,0.522,Enhancing Energy Efficiency of Edge Computing Systems > At the Bottom Device Layer > Collaborated devices control and resource management,A review on the applications of nuclear magnetic resonance (NMR) in the oil and gas industry: laboratory and field-scale measurements > Introduction,487,1614
Collaborated devices control and resource management,Introduction,Nível 2,Nível 2,0.522,At the Bottom Device Layer > Collaborated devices control and resource management,A review on the applications of nuclear magnetic resonance (NMR) in the oil and gas industry: laboratory and field-scale measurements > Introduction,487,1614
Collaborated devices control and resource management,Introduction,Nível 1,Nível 2,0.522,Collaborated devices control and resource management,A review on the applications of nuclear magnetic resonance (NMR) in the oil and gas industry: laboratory and field-scale measurements > Introduction,487,1614
Deep Learning Packages,Emulsion droplet size determination using PFG NMR,Nível 2,Nível 3,0.522,Deep Learning Optimization at the Edge > Deep Learning Packages,A review on the applications of nuclear magnetic resonance (NMR) in the oil and gas industry: laboratory and field-scale measurements > Special topics > Emulsion droplet size determination using PFG NMR,1025,624
Deep Learning Packages,Emulsion droplet size determination using PFG NMR,Nível 1,Nível 3,0.522,Deep Learning Packages,A review on the applications of nuclear magnetic resonance (NMR) in the oil and gas industry: laboratory and field-scale measurements > Special topics > Emulsion droplet size determination using PFG NMR,1025,624
ParaDrop,Emulsion droplet size determination using PFG NMR,Nível 3,Nível 3,0.5215,root > Edge Computing Systems and Tools > ParaDrop,A review on the applications of nuclear magnetic resonance (NMR) in the oil and gas industry: laboratory and field-scale measurements > Special topics > Emulsion droplet size determination using PFG NMR,395,624
Cachier and Precog,Capillary pressure,Nível 3,Nível 3,0.5215,root > Edge Computing Systems and Tools > Cachier and Precog,A review on the applications of nuclear magnetic resonance (NMR) in the oil and gas industry: laboratory and field-scale measurements > Petrophysics > Capillary pressure,649,429
Comparative Study,Porosity,Nível 3,Nível 3,0.5215,root > Open Source Edge Computing Projects > Comparative Study,A review on the applications of nuclear magnetic resonance (NMR) in the oil and gas industry: laboratory and field-scale measurements > Petrophysics > Porosity,348,527
At the Top Cloud Layer,Common misinterpretation in conventional rocks,Nível 3,Nível 3,0.5215,root > Enhancing Energy Efficiency of Edge Computing Systems > At the Top Cloud Layer,A review on the applications of nuclear magnetic resonance (NMR) in the oil and gas industry: laboratory and field-scale measurements > Special topics > Common misinterpretation in conventional rocks,197,749
At the Middle Edge Server Layer,Common misinterpretation in conventional rocks,Nível 3,Nível 3,0.5215,root > Enhancing Energy Efficiency of Edge Computing Systems > At the Middle Edge Server Layer,A review on the applications of nuclear magnetic resonance (NMR) in the oil and gas industry: laboratory and field-scale measurements > Special topics > Common misinterpretation in conventional rocks,90,749
Deep Learning Packages,Evaluation of mud filtrate invasion characteristic,Nível 3,Nível 3,0.5215,root > Deep Learning Optimization at the Edge > Deep Learning Packages,A review on the applications of nuclear magnetic resonance (NMR) in the oil and gas industry: laboratory and field-scale measurements > Special topics > Evaluation of mud filtrate invasion characteristic,1025,1118
ParaDrop,Emulsion droplet size determination using PFG NMR,Nível 2,Nível 3,0.5215,Edge Computing Systems and Tools > ParaDrop,A review on the applications of nuclear magnetic resonance (NMR) in the oil and gas industry: laboratory and field-scale measurements > Special topics > Emulsion droplet size determination using PFG NMR,395,624
Cachier and Precog,Capillary pressure,Nível 2,Nível 3,0.5215,Edge Computing Systems and Tools > Cachier and Precog,A review on the applications of nuclear magnetic resonance (NMR) in the oil and gas industry: laboratory and field-scale measurements > Petrophysics > Capillary pressure,649,429
ParaDrop,Emulsion droplet size determination using PFG NMR,Nível 1,Nível 3,0.5215,ParaDrop,A review on the applications of nuclear magnetic resonance (NMR) in the oil and gas industry: laboratory and field-scale measurements > Special topics > Emulsion droplet size determination using PFG NMR,395,624
Cachier and Precog,Capillary pressure,Nível 1,Nível 3,0.5215,Cachier and Precog,A review on the applications of nuclear magnetic resonance (NMR) in the oil and gas industry: laboratory and field-scale measurements > Petrophysics > Capillary pressure,649,429
Comparative Study,Porosity,Nível 2,Nível 3,0.5215,Open Source Edge Computing Projects > Comparative Study,A review on the applications of nuclear magnetic resonance (NMR) in the oil and gas industry: laboratory and field-scale measurements > Petrophysics > Porosity,348,527
Comparative Study,Porosity,Nível 1,Nível 3,0.5215,Comparative Study,A review on the applications of nuclear magnetic resonance (NMR) in the oil and gas industry: laboratory and field-scale measurements > Petrophysics > Porosity,348,527
At the Top Cloud Layer,Common misinterpretation in conventional rocks,Nível 2,Nível 3,0.5215,Enhancing Energy Efficiency of Edge Computing Systems > At the Top Cloud Layer,A review on the applications of nuclear magnetic resonance (NMR) in the oil and gas industry: laboratory and field-scale measurements > Special topics > Common misinterpretation in conventional rocks,197,749
At the Middle Edge Server Layer,Common misinterpretation in conventional rocks,Nível 2,Nível 3,0.5215,Enhancing Energy Efficiency of Edge Computing Systems > At the Middle Edge Server Layer,A review on the applications of nuclear magnetic resonance (NMR) in the oil and gas industry: laboratory and field-scale measurements > Special topics > Common misinterpretation in conventional rocks,90,749
At the Top Cloud Layer,Common misinterpretation in conventional rocks,Nível 1,Nível 3,0.5215,At the Top Cloud Layer,A review on the applications of nuclear magnetic resonance (NMR) in the oil and gas industry: laboratory and field-scale measurements > Special topics > Common misinterpretation in conventional rocks,197,749
At the Middle Edge Server Layer,Common misinterpretation in conventional rocks,Nível 1,Nível 3,0.5215,At the Middle Edge Server Layer,A review on the applications of nuclear magnetic resonance (NMR) in the oil and gas industry: laboratory and field-scale measurements > Special topics > Common misinterpretation in conventional rocks,90,749
Deep Learning Packages,Evaluation of mud filtrate invasion characteristic,Nível 2,Nível 3,0.5215,Deep Learning Optimization at the Edge > Deep Learning Packages,A review on the applications of nuclear magnetic resonance (NMR) in the oil and gas industry: laboratory and field-scale measurements > Special topics > Evaluation of mud filtrate invasion characteristic,1025,1118
Deep Learning Packages,Evaluation of mud filtrate invasion characteristic,Nível 1,Nível 3,0.5215,Deep Learning Packages,A review on the applications of nuclear magnetic resonance (NMR) in the oil and gas industry: laboratory and field-scale measurements > Special topics > Evaluation of mud filtrate invasion characteristic,1025,1118
Introduction,Future research directions,Nível 2,Nível 2,0.521,root > Introduction,A review on the applications of nuclear magnetic resonance (NMR) in the oil and gas industry: laboratory and field-scale measurements > Future research directions,1246,439
SpanEdge,Introduction,Nível 3,Nível 2,0.521,root > Edge Computing Systems and Tools > SpanEdge,A review on the applications of nuclear magnetic resonance (NMR) in the oil and gas industry: laboratory and field-scale measurements > Introduction,490,1614
Cloud-Sea Computing Systems,Evaluation of mud filtrate invasion characteristic,Nível 3,Nível 3,0.521,root > Edge Computing Systems and Tools > Cloud-Sea Computing Systems,A review on the applications of nuclear magnetic resonance (NMR) in the oil and gas industry: laboratory and field-scale measurements > Special topics > Evaluation of mud filtrate invasion characteristic,587,1118
Other Edge Computing Systems,Tar detection in carbonates,Nível 3,Nível 4,0.521,root > Edge Computing Systems and Tools > Other Edge Computing Systems,A review on the applications of nuclear magnetic resonance (NMR) in the oil and gas industry: laboratory and field-scale measurements > NMR applications in field scale > Field implementation and applications > Tar detection in carbonates,831,491
Comparative Study,Abstract,Nível 3,Nível 2,0.521,root > Open Source Edge Computing Projects > Comparative Study,A review on the applications of nuclear magnetic resonance (NMR) in the oil and gas industry: laboratory and field-scale measurements > Abstract,348,276
Introduction,Future research directions,Nível 1,Nível 2,0.521,Introduction,A review on the applications of nuclear magnetic resonance (NMR) in the oil and gas industry: laboratory and field-scale measurements > Future research directions,1246,439
SpanEdge,Introduction,Nível 2,Nível 2,0.521,Edge Computing Systems and Tools > SpanEdge,A review on the applications of nuclear magnetic resonance (NMR) in the oil and gas industry: laboratory and field-scale measurements > Introduction,490,1614
Cloud-Sea Computing Systems,Evaluation of mud filtrate invasion characteristic,Nível 2,Nível 3,0.521,Edge Computing Systems and Tools > Cloud-Sea Computing Systems,A review on the applications of nuclear magnetic resonance (NMR) in the oil and gas industry: laboratory and field-scale measurements > Special topics > Evaluation of mud filtrate invasion characteristic,587,1118
Other Edge Computing Systems,Tar detection in carbonates,Nível 2,Nível 4,0.521,Edge Computing Systems and Tools > Other Edge Computing Systems,A review on the applications of nuclear magnetic resonance (NMR) in the oil and gas industry: laboratory and field-scale measurements > NMR applications in field scale > Field implementation and applications > Tar detection in carbonates,831,491
SpanEdge,Introduction,Nível 1,Nível 2,0.521,SpanEdge,A review on the applications of nuclear magnetic resonance (NMR) in the oil and gas industry: laboratory and field-scale measurements > Introduction,490,1614
Cloud-Sea Computing Systems,Evaluation of mud filtrate invasion characteristic,Nível 1,Nível 3,0.521,Cloud-Sea Computing Systems,A review on the applications of nuclear magnetic resonance (NMR) in the oil and gas industry: laboratory and field-scale measurements > Special topics > Evaluation of mud filtrate invasion characteristic,587,1118
Other Edge Computing Systems,Tar detection in carbonates,Nível 1,Nível 4,0.521,Other Edge Computing Systems,A review on the applications of nuclear magnetic resonance (NMR) in the oil and gas industry: laboratory and field-scale measurements > NMR applications in field scale > Field implementation and applications > Tar detection in carbonates,831,491
Comparative Study,Abstract,Nível 2,Nível 2,0.521,Open Source Edge Computing Projects > Comparative Study,A review on the applications of nuclear magnetic resonance (NMR) in the oil and gas industry: laboratory and field-scale measurements > Abstract,348,276
Comparative Study,Abstract,Nível 1,Nível 2,0.521,Comparative Study,A review on the applications of nuclear magnetic resonance (NMR) in the oil and gas industry: laboratory and field-scale measurements > Abstract,348,276
ASIC,NMR theory,Nível 4,Nível 2,0.5205,root > Deep Learning Optimization at the Edge > Hardware System > ASIC,A review on the applications of nuclear magnetic resonance (NMR) in the oil and gas industry: laboratory and field-scale measurements > NMR theory,205,370
ASIC,NMR theory,Nível 3,Nível 2,0.5205,Deep Learning Optimization at the Edge > Hardware System > ASIC,A review on the applications of nuclear magnetic resonance (NMR) in the oil and gas industry: laboratory and field-scale measurements > NMR theory,205,370
ASIC,NMR theory,Nível 2,Nível 2,0.5205,Hardware System > ASIC,A review on the applications of nuclear magnetic resonance (NMR) in the oil and gas industry: laboratory and field-scale measurements > NMR theory,205,370
ASIC,NMR theory,Nível 1,Nível 2,0.5205,ASIC,A review on the applications of nuclear magnetic resonance (NMR) in the oil and gas industry: laboratory and field-scale measurements > NMR theory,205,370
FocusStack,Enhanced oil recovery applications,Nível 3,Nível 2,0.52,root > Edge Computing Systems and Tools > FocusStack,A review on the applications of nuclear magnetic resonance (NMR) in the oil and gas industry: laboratory and field-scale measurements > Enhanced oil recovery applications,555,1519
Virtualization technology,Future research directions,Nível 4,Nível 2,0.52,root > Open Source Edge Computing Projects > Comparative Study > Virtualization technology,A review on the applications of nuclear magnetic resonance (NMR) in the oil and gas industry: laboratory and field-scale measurements > Future research directions,119,439
FPGA-based Hardware,Diffusion measurements,Nível 4,Nível 2,0.52,root > Deep Learning Optimization at the Edge > Hardware System > FPGA-based Hardware,A review on the applications of nuclear magnetic resonance (NMR) in the oil and gas industry: laboratory and field-scale measurements > Diffusion measurements,251,726
Conclusions,Porosity,Nível 2,Nível 3,0.52,root > Conclusions,A review on the applications of nuclear magnetic resonance (NMR) in the oil and gas industry: laboratory and field-scale measurements > Petrophysics > Porosity,559,527
FocusStack,Enhanced oil recovery applications,Nível 2,Nível 2,0.52,Edge Computing Systems and Tools > FocusStack,A review on the applications of nuclear magnetic resonance (NMR) in the oil and gas industry: laboratory and field-scale measurements > Enhanced oil recovery applications,555,1519
FocusStack,Enhanced oil recovery applications,Nível 1,Nível 2,0.52,FocusStack,A review on the applications of nuclear magnetic resonance (NMR) in the oil and gas industry: laboratory and field-scale measurements > Enhanced oil recovery applications,555,1519
Virtualization technology,Future research directions,Nível 3,Nível 2,0.52,Open Source Edge Computing Projects > Comparative Study > Virtualization technology,A review on the applications of nuclear magnetic resonance (NMR) in the oil and gas industry: laboratory and field-scale measurements > Future research directions,119,439
Virtualization technology,Future research directions,Nível 2,Nível 2,0.52,Comparative Study > Virtualization technology,A review on the applications of nuclear magnetic resonance (NMR) in the oil and gas industry: laboratory and field-scale measurements > Future research directions,119,439
Virtualization technology,Future research directions,Nível 1,Nível 2,0.52,Virtualization technology,A review on the applications of nuclear magnetic resonance (NMR) in the oil and gas industry: laboratory and field-scale measurements > Future research directions,119,439
FPGA-based Hardware,Diffusion measurements,Nível 3,Nível 2,0.52,Deep Learning Optimization at the Edge > Hardware System > FPGA-based Hardware,A review on the applications of nuclear magnetic resonance (NMR) in the oil and gas industry: laboratory and field-scale measurements > Diffusion measurements,251,726
FPGA-based Hardware,Diffusion measurements,Nível 2,Nível 2,0.52,Hardware System > FPGA-based Hardware,A review on the applications of nuclear magnetic resonance (NMR) in the oil and gas industry: laboratory and field-scale measurements > Diffusion measurements,251,726
FPGA-based Hardware,Diffusion measurements,Nível 1,Nível 2,0.52,FPGA-based Hardware,A review on the applications of nuclear magnetic resonance (NMR) in the oil and gas industry: laboratory and field-scale measurements > Diffusion measurements,251,726
Conclusions,Porosity,Nível 1,Nível 3,0.52,Conclusions,A review on the applications of nuclear magnetic resonance (NMR) in the oil and gas industry: laboratory and field-scale measurements > Petrophysics > Porosity,559,527
At the Middle Edge Server Layer,Abstract,Nível 3,Nível 2,0.519,root > Enhancing Energy Efficiency of Edge Computing Systems > At the Middle Edge Server Layer,A review on the applications of nuclear magnetic resonance (NMR) in the oil and gas industry: laboratory and field-scale measurements > Abstract,90,276
At the Bottom Device Layer,Future research directions,Nível 3,Nível 2,0.519,root > Enhancing Energy Efficiency of Edge Computing Systems > At the Bottom Device Layer,A review on the applications of nuclear magnetic resonance (NMR) in the oil and gas industry: laboratory and field-scale measurements > Future research directions,85,439
Collaborated devices control and resource management,Pore size distribution,Nível 4,Nível 3,0.519,root > Enhancing Energy Efficiency of Edge Computing Systems > At the Bottom Device Layer > Collaborated devices control and resource management,A review on the applications of nuclear magnetic resonance (NMR) in the oil and gas industry: laboratory and field-scale measurements > Petrophysics > Pore size distribution,487,792
Conclusions,Evaluation of mud filtrate invasion characteristic,Nível 2,Nível 3,0.519,root > Conclusions,A review on the applications of nuclear magnetic resonance (NMR) in the oil and gas industry: laboratory and field-scale measurements > Special topics > Evaluation of mud filtrate invasion characteristic,559,1118
At the Middle Edge Server Layer,Abstract,Nível 2,Nível 2,0.519,Enhancing Energy Efficiency of Edge Computing Systems > At the Middle Edge Server Layer,A review on the applications of nuclear magnetic resonance (NMR) in the oil and gas industry: laboratory and field-scale measurements > Abstract,90,276
At the Bottom Device Layer,Future research directions,Nível 2,Nível 2,0.519,Enhancing Energy Efficiency of Edge Computing Systems > At the Bottom Device Layer,A review on the applications of nuclear magnetic resonance (NMR) in the oil and gas industry: laboratory and field-scale measurements > Future research directions,85,439
Collaborated devices control and resource management,Pore size distribution,Nível 3,Nível 3,0.519,Enhancing Energy Efficiency of Edge Computing Systems > At the Bottom Device Layer > Collaborated devices control and resource management,A review on the applications of nuclear magnetic resonance (NMR) in the oil and gas industry: laboratory and field-scale measurements > Petrophysics > Pore size distribution,487,792
At the Middle Edge Server Layer,Abstract,Nível 1,Nível 2,0.519,At the Middle Edge Server Layer,A review on the applications of nuclear magnetic resonance (NMR) in the oil and gas industry: laboratory and field-scale measurements > Abstract,90,276
At the Bottom Device Layer,Future research directions,Nível 1,Nível 2,0.519,At the Bottom Device Layer,A review on the applications of nuclear magnetic resonance (NMR) in the oil and gas industry: laboratory and field-scale measurements > Future research directions,85,439
Collaborated devices control and resource management,Pore size distribution,Nível 2,Nível 3,0.519,At the Bottom Device Layer > Collaborated devices control and resource management,A review on the applications of nuclear magnetic resonance (NMR) in the oil and gas industry: laboratory and field-scale measurements > Petrophysics > Pore size distribution,487,792
Collaborated devices control and resource management,Pore size distribution,Nível 1,Nível 3,0.519,Collaborated devices control and resource management,A review on the applications of nuclear magnetic resonance (NMR) in the oil and gas industry: laboratory and field-scale measurements > Petrophysics > Pore size distribution,487,792
Conclusions,Evaluation of mud filtrate invasion characteristic,Nível 1,Nível 3,0.519,Conclusions,A review on the applications of nuclear magnetic resonance (NMR) in the oil and gas industry: laboratory and field-scale measurements > Special topics > Evaluation of mud filtrate invasion characteristic,559,1118
SpanEdge,Tar detection in carbonates,Nível 3,Nível 4,0.5186,root > Edge Computing Systems and Tools > SpanEdge,A review on the applications of nuclear magnetic resonance (NMR) in the oil and gas industry: laboratory and field-scale measurements > NMR applications in field scale > Field implementation and applications > Tar detection in carbonates,490,491
Green-energy powered sustainable computing,Tar detection in carbonates,Nível 4,Nível 4,0.5186,root > Enhancing Energy Efficiency of Edge Computing Systems > At the Middle Edge Server Layer > Green-energy powered sustainable computing,A review on the applications of nuclear magnetic resonance (NMR) in the oil and gas industry: laboratory and field-scale measurements > NMR applications in field scale > Field implementation and applications > Tar detection in carbonates,133,491
SpanEdge,Tar detection in carbonates,Nível 2,Nível 4,0.5186,Edge Computing Systems and Tools > SpanEdge,A review on the applications of nuclear magnetic resonance (NMR) in the oil and gas industry: laboratory and field-scale measurements > NMR applications in field scale > Field implementation and applications > Tar detection in carbonates,490,491
SpanEdge,Tar detection in carbonates,Nível 1,Nível 4,0.5186,SpanEdge,A review on the applications of nuclear magnetic resonance (NMR) in the oil and gas industry: laboratory and field-scale measurements > NMR applications in field scale > Field implementation and applications > Tar detection in carbonates,490,491
Green-energy powered sustainable computing,Tar detection in carbonates,Nível 3,Nível 4,0.5186,Enhancing Energy Efficiency of Edge Computing Systems > At the Middle Edge Server Layer > Green-energy powered sustainable computing,A review on the applications of nuclear magnetic resonance (NMR) in the oil and gas industry: laboratory and field-scale measurements > NMR applications in field scale > Field implementation and applications > Tar detection in carbonates,133,491
Green-energy powered sustainable computing,Tar detection in carbonates,Nível 2,Nível 4,0.5186,At the Middle Edge Server Layer > Green-energy powered sustainable computing,A review on the applications of nuclear magnetic resonance (NMR) in the oil and gas industry: laboratory and field-scale measurements > NMR applications in field scale > Field implementation and applications > Tar detection in carbonates,133,491
Green-energy powered sustainable computing,Tar detection in carbonates,Nível 1,Nível 4,0.5186,Green-energy powered sustainable computing,A review on the applications of nuclear magnetic resonance (NMR) in the oil and gas industry: laboratory and field-scale measurements > NMR applications in field scale > Field implementation and applications > Tar detection in carbonates,133,491
Introduction,Relaxation measurements,Nível 2,Nível 2,0.518,root > Introduction,A review on the applications of nuclear magnetic resonance (NMR) in the oil and gas industry: laboratory and field-scale measurements > Relaxation measurements,1246,699
CORD,Permeability,Nível 3,Nível 3,0.518,root > Open Source Edge Computing Projects > CORD,A review on the applications of nuclear magnetic resonance (NMR) in the oil and gas industry: laboratory and field-scale measurements > Petrophysics > Permeability,590,552
Scenarios,Tar detection in carbonates,Nível 4,Nível 4,0.518,root > Open Source Edge Computing Projects > Comparative Study > Scenarios,A review on the applications of nuclear magnetic resonance (NMR) in the oil and gas industry: laboratory and field-scale measurements > NMR applications in field scale > Field implementation and applications > Tar detection in carbonates,471,491
Enhancing Energy Efficiency of Edge Computing Systems,Permeability,Nível 2,Nível 3,0.518,root > Enhancing Energy Efficiency of Edge Computing Systems,A review on the applications of nuclear magnetic resonance (NMR) in the oil and gas industry: laboratory and field-scale measurements > Petrophysics > Permeability,84,552
Introduction,Relaxation measurements,Nível 1,Nível 2,0.518,Introduction,A review on the applications of nuclear magnetic resonance (NMR) in the oil and gas industry: laboratory and field-scale measurements > Relaxation measurements,1246,699
CORD,Permeability,Nível 2,Nível 3,0.518,Open Source Edge Computing Projects > CORD,A review on the applications of nuclear magnetic resonance (NMR) in the oil and gas industry: laboratory and field-scale measurements > Petrophysics > Permeability,590,552
Scenarios,Tar detection in carbonates,Nível 3,Nível 4,0.518,Open Source Edge Computing Projects > Comparative Study > Scenarios,A review on the applications of nuclear magnetic resonance (NMR) in the oil and gas industry: laboratory and field-scale measurements > NMR applications in field scale > Field implementation and applications > Tar detection in carbonates,471,491
CORD,Permeability,Nível 1,Nível 3,0.518,CORD,A review on the applications of nuclear magnetic resonance (NMR) in the oil and gas industry: laboratory and field-scale measurements > Petrophysics > Permeability,590,552
Scenarios,Tar detection in carbonates,Nível 2,Nível 4,0.518,Comparative Study > Scenarios,A review on the applications of nuclear magnetic resonance (NMR) in the oil and gas industry: laboratory and field-scale measurements > NMR applications in field scale > Field implementation and applications > Tar detection in carbonates,471,491
Scenarios,Tar detection in carbonates,Nível 1,Nível 4,0.518,Scenarios,A review on the applications of nuclear magnetic resonance (NMR) in the oil and gas industry: laboratory and field-scale measurements > NMR applications in field scale > Field implementation and applications > Tar detection in carbonates,471,491
Enhancing Energy Efficiency of Edge Computing Systems,Permeability,Nível 1,Nível 3,0.518,Enhancing Energy Efficiency of Edge Computing Systems,A review on the applications of nuclear magnetic resonance (NMR) in the oil and gas industry: laboratory and field-scale measurements > Petrophysics > Permeability,84,552
SpanEdge,Diffusion measurements,Nível 3,Nível 2,0.5176,root > Edge Computing Systems and Tools > SpanEdge,A review on the applications of nuclear magnetic resonance (NMR) in the oil and gas industry: laboratory and field-scale measurements > Diffusion measurements,490,726
At the Middle Edge Server Layer,Capillary pressure,Nível 3,Nível 3,0.5176,root > Enhancing Energy Efficiency of Edge Computing Systems > At the Middle Edge Server Layer,A review on the applications of nuclear magnetic resonance (NMR) in the oil and gas industry: laboratory and field-scale measurements > Petrophysics > Capillary pressure,90,429
Computation offloading to edge servers or cloud,Relaxation measurements,Nível 4,Nível 2,0.5176,root > Enhancing Energy Efficiency of Edge Computing Systems > At the Bottom Device Layer > Computation offloading to edge servers or cloud,A review on the applications of nuclear magnetic resonance (NMR) in the oil and gas industry: laboratory and field-scale measurements > Relaxation measurements,367,699
Collaborated devices control and resource management,NMR applications in laboratory scale,Nível 4,Nível 2,0.5176,root > Enhancing Energy Efficiency of Edge Computing Systems > At the Bottom Device Layer > Collaborated devices control and resource management,A review on the applications of nuclear magnetic resonance (NMR) in the oil and gas industry: laboratory and field-scale measurements > NMR applications in laboratory scale,487,664
Deep Learning Packages,NMR applications in laboratory scale,Nível 3,Nível 2,0.5176,root > Deep Learning Optimization at the Edge > Deep Learning Packages,A review on the applications of nuclear magnetic resonance (NMR) in the oil and gas industry: laboratory and field-scale measurements > NMR applications in laboratory scale,1025,664
Multi-domain Management and Cooperation,Future research directions,Nível 4,Nível 2,0.5176,root > Key Design Issues > Mobility Support > Multi-domain Management and Cooperation,A review on the applications of nuclear magnetic resonance (NMR) in the oil and gas industry: laboratory and field-scale measurements > Future research directions,127,439
SpanEdge,Diffusion measurements,Nível 2,Nível 2,0.5176,Edge Computing Systems and Tools > SpanEdge,A review on the applications of nuclear magnetic resonance (NMR) in the oil and gas industry: laboratory and field-scale measurements > Diffusion measurements,490,726
SpanEdge,Diffusion measurements,Nível 1,Nível 2,0.5176,SpanEdge,A review on the applications of nuclear magnetic resonance (NMR) in the oil and gas industry: laboratory and field-scale measurements > Diffusion measurements,490,726
At the Middle Edge Server Layer,Capillary pressure,Nível 2,Nível 3,0.5176,Enhancing Energy Efficiency of Edge Computing Systems > At the Middle Edge Server Layer,A review on the applications of nuclear magnetic resonance (NMR) in the oil and gas industry: laboratory and field-scale measurements > Petrophysics > Capillary pressure,90,429
Computation offloading to edge servers or cloud,Relaxation measurements,Nível 3,Nível 2,0.5176,Enhancing Energy Efficiency of Edge Computing Systems > At the Bottom Device Layer > Computation offloading to edge servers or cloud,A review on the applications of nuclear magnetic resonance (NMR) in the oil and gas industry: laboratory and field-scale measurements > Relaxation measurements,367,699
Collaborated devices control and resource management,NMR applications in laboratory scale,Nível 3,Nível 2,0.5176,Enhancing Energy Efficiency of Edge Computing Systems > At the Bottom Device Layer > Collaborated devices control and resource management,A review on the applications of nuclear magnetic resonance (NMR) in the oil and gas industry: laboratory and field-scale measurements > NMR applications in laboratory scale,487,664
At the Middle Edge Server Layer,Capillary pressure,Nível 1,Nível 3,0.5176,At the Middle Edge Server Layer,A review on the applications of nuclear magnetic resonance (NMR) in the oil and gas industry: laboratory and field-scale measurements > Petrophysics > Capillary pressure,90,429
Computation offloading to edge servers or cloud,Relaxation measurements,Nível 2,Nível 2,0.5176,At the Bottom Device Layer > Computation offloading to edge servers or cloud,A review on the applications of nuclear magnetic resonance (NMR) in the oil and gas industry: laboratory and field-scale measurements > Relaxation measurements,367,699
Collaborated devices control and resource management,NMR applications in laboratory scale,Nível 2,Nível 2,0.5176,At the Bottom Device Layer > Collaborated devices control and resource management,A review on the applications of nuclear magnetic resonance (NMR) in the oil and gas industry: laboratory and field-scale measurements > NMR applications in laboratory scale,487,664
Computation offloading to edge servers or cloud,Relaxation measurements,Nível 1,Nível 2,0.5176,Computation offloading to edge servers or cloud,A review on the applications of nuclear magnetic resonance (NMR) in the oil and gas industry: laboratory and field-scale measurements > Relaxation measurements,367,699
Collaborated devices control and resource management,NMR applications in laboratory scale,Nível 1,Nível 2,0.5176,Collaborated devices control and resource management,A review on the applications of nuclear magnetic resonance (NMR) in the oil and gas industry: laboratory and field-scale measurements > NMR applications in laboratory scale,487,664
Deep Learning Packages,NMR applications in laboratory scale,Nível 2,Nível 2,0.5176,Deep Learning Optimization at the Edge > Deep Learning Packages,A review on the applications of nuclear magnetic resonance (NMR) in the oil and gas industry: laboratory and field-scale measurements > NMR applications in laboratory scale,1025,664
Deep Learning Packages,NMR applications in laboratory scale,Nível 1,Nível 2,0.5176,Deep Learning Packages,A review on the applications of nuclear magnetic resonance (NMR) in the oil and gas industry: laboratory and field-scale measurements > NMR applications in laboratory scale,1025,664
Multi-domain Management and Cooperation,Future research directions,Nível 3,Nível 2,0.5176,Key Design Issues > Mobility Support > Multi-domain Management and Cooperation,A review on the applications of nuclear magnetic resonance (NMR) in the oil and gas industry: laboratory and field-scale measurements > Future research directions,127,439
Multi-domain Management and Cooperation,Future research directions,Nível 2,Nível 2,0.5176,Mobility Support > Multi-domain Management and Cooperation,A review on the applications of nuclear magnetic resonance (NMR) in the oil and gas industry: laboratory and field-scale measurements > Future research directions,127,439
Multi-domain Management and Cooperation,Future research directions,Nível 1,Nível 2,0.5176,Multi-domain Management and Cooperation,A review on the applications of nuclear magnetic resonance (NMR) in the oil and gas industry: laboratory and field-scale measurements > Future research directions,127,439
Cachier and Precog,Concluding remarks,Nível 3,Nível 2,0.517,root > Edge Computing Systems and Tools > Cachier and Precog,A review on the applications of nuclear magnetic resonance (NMR) in the oil and gas industry: laboratory and field-scale measurements > Concluding remarks,649,564
At the Middle Edge Server Layer,Enhanced oil recovery applications,Nível 3,Nível 2,0.517,root > Enhancing Energy Efficiency of Edge Computing Systems > At the Middle Edge Server Layer,A review on the applications of nuclear magnetic resonance (NMR) in the oil and gas industry: laboratory and field-scale measurements > Enhanced oil recovery applications,90,1519
Cachier and Precog,Concluding remarks,Nível 2,Nível 2,0.517,Edge Computing Systems and Tools > Cachier and Precog,A review on the applications of nuclear magnetic resonance (NMR) in the oil and gas industry: laboratory and field-scale measurements > Concluding remarks,649,564
Cachier and Precog,Concluding remarks,Nível 1,Nível 2,0.517,Cachier and Precog,A review on the applications of nuclear magnetic resonance (NMR) in the oil and gas industry: laboratory and field-scale measurements > Concluding remarks,649,564
At the Middle Edge Server Layer,Enhanced oil recovery applications,Nível 2,Nível 2,0.517,Enhancing Energy Efficiency of Edge Computing Systems > At the Middle Edge Server Layer,A review on the applications of nuclear magnetic resonance (NMR) in the oil and gas industry: laboratory and field-scale measurements > Enhanced oil recovery applications,90,1519
At the Middle Edge Server Layer,Enhanced oil recovery applications,Nível 1,Nível 2,0.517,At the Middle Edge Server Layer,A review on the applications of nuclear magnetic resonance (NMR) in the oil and gas industry: laboratory and field-scale measurements > Enhanced oil recovery applications,90,1519
ParaDrop,Wettability,Nível 3,Nível 3,0.5166,root > Edge Computing Systems and Tools > ParaDrop,A review on the applications of nuclear magnetic resonance (NMR) in the oil and gas industry: laboratory and field-scale measurements > Petrophysics > Wettability,395,416
ParaDrop Developer Workflow,Future research directions,Nível 3,Nível 2,0.5166,root > ParaDrop > ParaDrop Developer Workflow,A review on the applications of nuclear magnetic resonance (NMR) in the oil and gas industry: laboratory and field-scale measurements > Future research directions,286,439
At the Top Cloud Layer,Enhanced oil recovery applications,Nível 3,Nível 2,0.5166,root > Enhancing Energy Efficiency of Edge Computing Systems > At the Top Cloud Layer,A review on the applications of nuclear magnetic resonance (NMR) in the oil and gas industry: laboratory and field-scale measurements > Enhanced oil recovery applications,197,1519
At the Top Cloud Layer,Declaration,Nível 3,Nível 2,0.5166,root > Enhancing Energy Efficiency of Edge Computing Systems > At the Top Cloud Layer,A review on the applications of nuclear magnetic resonance (NMR) in the oil and gas industry: laboratory and field-scale measurements > Declaration,197,147
Deep Learning Optimization at the Edge,NMR applications in field scale,Nível 2,Nível 2,0.5166,root > Deep Learning Optimization at the Edge,A review on the applications of nuclear magnetic resonance (NMR) in the oil and gas industry: laboratory and field-scale measurements > NMR applications in field scale,137,464
ParaDrop,Wettability,Nível 2,Nível 3,0.5166,Edge Computing Systems and Tools > ParaDrop,A review on the applications of nuclear magnetic resonance (NMR) in the oil and gas industry: laboratory and field-scale measurements > Petrophysics > Wettability,395,416
ParaDrop,Wettability,Nível 1,Nível 3,0.5166,ParaDrop,A review on the applications of nuclear magnetic resonance (NMR) in the oil and gas industry: laboratory and field-scale measurements > Petrophysics > Wettability,395,416
ParaDrop Developer Workflow,Future research directions,Nível 2,Nível 2,0.5166,ParaDrop > ParaDrop Developer Workflow,A review on the applications of nuclear magnetic resonance (NMR) in the oil and gas industry: laboratory and field-scale measurements > Future research directions,286,439
ParaDrop Developer Workflow,Future research directions,Nível 1,Nível 2,0.5166,ParaDrop Developer Workflow,A review on the applications of nuclear magnetic resonance (NMR) in the oil and gas industry: laboratory and field-scale measurements > Future research directions,286,439
At the Top Cloud Layer,Enhanced oil recovery applications,Nível 2,Nível 2,0.5166,Enhancing Energy Efficiency of Edge Computing Systems > At the Top Cloud Layer,A review on the applications of nuclear magnetic resonance (NMR) in the oil and gas industry: laboratory and field-scale measurements > Enhanced oil recovery applications,197,1519
At the Top Cloud Layer,Declaration,Nível 2,Nível 2,0.5166,Enhancing Energy Efficiency of Edge Computing Systems > At the Top Cloud Layer,A review on the applications of nuclear magnetic resonance (NMR) in the oil and gas industry: laboratory and field-scale measurements > Declaration,197,147
At the Top Cloud Layer,Enhanced oil recovery applications,Nível 1,Nível 2,0.5166,At the Top Cloud Layer,A review on the applications of nuclear magnetic resonance (NMR) in the oil and gas industry: laboratory and field-scale measurements > Enhanced oil recovery applications,197,1519
At the Top Cloud Layer,Declaration,Nível 1,Nível 2,0.5166,At the Top Cloud Layer,A review on the applications of nuclear magnetic resonance (NMR) in the oil and gas industry: laboratory and field-scale measurements > Declaration,197,147
Deep Learning Optimization at the Edge,NMR applications in field scale,Nível 1,Nível 2,0.5166,Deep Learning Optimization at the Edge,A review on the applications of nuclear magnetic resonance (NMR) in the oil and gas industry: laboratory and field-scale measurements > NMR applications in field scale,137,464
Introduction,Design and improvements in LWD-NMR,Nível 2,Nível 3,0.516,root > Introduction,A review on the applications of nuclear magnetic resonance (NMR) in the oil and gas industry: laboratory and field-scale measurements > NMR applications in field scale > Design and improvements in LWD-NMR,1246,1620
CORD,Pore size distribution,Nível 3,Nível 3,0.516,root > Open Source Edge Computing Projects > CORD,A review on the applications of nuclear magnetic resonance (NMR) in the oil and gas industry: laboratory and field-scale measurements > Petrophysics > Pore size distribution,590,792
At the Top Cloud Layer,Geosteering and well placement optimization,Nível 3,Nível 4,0.516,root > Enhancing Energy Efficiency of Edge Computing Systems > At the Top Cloud Layer,A review on the applications of nuclear magnetic resonance (NMR) in the oil and gas industry: laboratory and field-scale measurements > NMR applications in field scale > Field implementation and applications > Geosteering and well placement optimization,197,816
Hardware System,References,Nível 3,Nível 2,0.516,root > Deep Learning Optimization at the Edge > Hardware System,A review on the applications of nuclear magnetic resonance (NMR) in the oil and gas industry: laboratory and field-scale measurements > References,31,8779
FPGA-based Hardware,Pore size distribution,Nível 4,Nível 3,0.516,root > Deep Learning Optimization at the Edge > Hardware System > FPGA-based Hardware,A review on the applications of nuclear magnetic resonance (NMR) in the oil and gas industry: laboratory and field-scale measurements > Petrophysics > Pore size distribution,251,792
Multi-domain Management and Cooperation,Design and improvements in LWD-NMR,Nível 4,Nível 3,0.516,root > Key Design Issues > Mobility Support > Multi-domain Management and Cooperation,A review on the applications of nuclear magnetic resonance (NMR) in the oil and gas industry: laboratory and field-scale measurements > NMR applications in field scale > Design and improvements in LWD-NMR,127,1620
Introduction,Design and improvements in LWD-NMR,Nível 1,Nível 3,0.516,Introduction,A review on the applications of nuclear magnetic resonance (NMR) in the oil and gas industry: laboratory and field-scale measurements > NMR applications in field scale > Design and improvements in LWD-NMR,1246,1620
CORD,Pore size distribution,Nível 2,Nível 3,0.516,Open Source Edge Computing Projects > CORD,A review on the applications of nuclear magnetic resonance (NMR) in the oil and gas industry: laboratory and field-scale measurements > Petrophysics > Pore size distribution,590,792
CORD,Pore size distribution,Nível 1,Nível 3,0.516,CORD,A review on the applications of nuclear magnetic resonance (NMR) in the oil and gas industry: laboratory and field-scale measurements > Petrophysics > Pore size distribution,590,792
At the Top Cloud Layer,Geosteering and well placement optimization,Nível 2,Nível 4,0.516,Enhancing Energy Efficiency of Edge Computing Systems > At the Top Cloud Layer,A review on the applications of nuclear magnetic resonance (NMR) in the oil and gas industry: laboratory and field-scale measurements > NMR applications in field scale > Field implementation and applications > Geosteering and well placement optimization,197,816
At the Top Cloud Layer,Geosteering and well placement optimization,Nível 1,Nível 4,0.516,At the Top Cloud Layer,A review on the applications of nuclear magnetic resonance (NMR) in the oil and gas industry: laboratory and field-scale measurements > NMR applications in field scale > Field implementation and applications > Geosteering and well placement optimization,197,816
Hardware System,References,Nível 2,Nível 2,0.516,Deep Learning Optimization at the Edge > Hardware System,A review on the applications of nuclear magnetic resonance (NMR) in the oil and gas industry: laboratory and field-scale measurements > References,31,8779
FPGA-based Hardware,Pore size distribution,Nível 3,Nível 3,0.516,Deep Learning Optimization at the Edge > Hardware System > FPGA-based Hardware,A review on the applications of nuclear magnetic resonance (NMR) in the oil and gas industry: laboratory and field-scale measurements > Petrophysics > Pore size distribution,251,792
Hardware System,References,Nível 1,Nível 2,0.516,Hardware System,A review on the applications of nuclear magnetic resonance (NMR) in the oil and gas industry: laboratory and field-scale measurements > References,31,8779
FPGA-based Hardware,Pore size distribution,Nível 2,Nível 3,0.516,Hardware System > FPGA-based Hardware,A review on the applications of nuclear magnetic resonance (NMR) in the oil and gas industry: laboratory and field-scale measurements > Petrophysics > Pore size distribution,251,792
FPGA-based Hardware,Pore size distribution,Nível 1,Nível 3,0.516,FPGA-based Hardware,A review on the applications of nuclear magnetic resonance (NMR) in the oil and gas industry: laboratory and field-scale measurements > Petrophysics > Pore size distribution,251,792
Multi-domain Management and Cooperation,Design and improvements in LWD-NMR,Nível 3,Nível 3,0.516,Key Design Issues > Mobility Support > Multi-domain Management and Cooperation,A review on the applications of nuclear magnetic resonance (NMR) in the oil and gas industry: laboratory and field-scale measurements > NMR applications in field scale > Design and improvements in LWD-NMR,127,1620
Multi-domain Management and Cooperation,Design and improvements in LWD-NMR,Nível 2,Nível 3,0.516,Mobility Support > Multi-domain Management and Cooperation,A review on the applications of nuclear magnetic resonance (NMR) in the oil and gas industry: laboratory and field-scale measurements > NMR applications in field scale > Design and improvements in LWD-NMR,127,1620
Multi-domain Management and Cooperation,Design and improvements in LWD-NMR,Nível 1,Nível 3,0.516,Multi-domain Management and Cooperation,A review on the applications of nuclear magnetic resonance (NMR) in the oil and gas industry: laboratory and field-scale measurements > NMR applications in field scale > Design and improvements in LWD-NMR,127,1620
Cloud-Sea Computing Systems,Unconventional rock characterization using different NMR techniques,Nível 3,Nível 3,0.5156,root > Edge Computing Systems and Tools > Cloud-Sea Computing Systems,A review on the applications of nuclear magnetic resonance (NMR) in the oil and gas industry: laboratory and field-scale measurements > Special topics > Unconventional rock characterization using different NMR techniques,587,1950
Enhancing Energy Efficiency of Edge Computing Systems,Enhanced oil recovery applications,Nível 2,Nível 2,0.5156,root > Enhancing Energy Efficiency of Edge Computing Systems,A review on the applications of nuclear magnetic resonance (NMR) in the oil and gas industry: laboratory and field-scale measurements > Enhanced oil recovery applications,84,1519
Systems and Toolkits,Declaration,Nível 3,Nível 2,0.5156,root > Deep Learning Optimization at the Edge > Systems and Toolkits,A review on the applications of nuclear magnetic resonance (NMR) in the oil and gas industry: laboratory and field-scale measurements > Declaration,550,147
Deep Learning Packages,NMR applications in field scale,Nível 3,Nível 2,0.5156,root > Deep Learning Optimization at the Edge > Deep Learning Packages,A review on the applications of nuclear magnetic resonance (NMR) in the oil and gas industry: laboratory and field-scale measurements > NMR applications in field scale,1025,464
Hardware System,Introduction,Nível 3,Nível 2,0.5156,root > Deep Learning Optimization at the Edge > Hardware System,A review on the applications of nuclear magnetic resonance (NMR) in the oil and gas industry: laboratory and field-scale measurements > Introduction,31,1614
Cloud-Sea Computing Systems,Unconventional rock characterization using different NMR techniques,Nível 2,Nível 3,0.5156,Edge Computing Systems and Tools > Cloud-Sea Computing Systems,A review on the applications of nuclear magnetic resonance (NMR) in the oil and gas industry: laboratory and field-scale measurements > Special topics > Unconventional rock characterization using different NMR techniques,587,1950
Cloud-Sea Computing Systems,Unconventional rock characterization using different NMR techniques,Nível 1,Nível 3,0.5156,Cloud-Sea Computing Systems,A review on the applications of nuclear magnetic resonance (NMR) in the oil and gas industry: laboratory and field-scale measurements > Special topics > Unconventional rock characterization using different NMR techniques,587,1950
Enhancing Energy Efficiency of Edge Computing Systems,Enhanced oil recovery applications,Nível 1,Nível 2,0.5156,Enhancing Energy Efficiency of Edge Computing Systems,A review on the applications of nuclear magnetic resonance (NMR) in the oil and gas industry: laboratory and field-scale measurements > Enhanced oil recovery applications,84,1519
Systems and Toolkits,Declaration,Nível 2,Nível 2,0.5156,Deep Learning Optimization at the Edge > Systems and Toolkits,A review on the applications of nuclear magnetic resonance (NMR) in the oil and gas industry: laboratory and field-scale measurements > Declaration,550,147
Deep Learning Packages,NMR applications in field scale,Nível 2,Nível 2,0.5156,Deep Learning Optimization at the Edge > Deep Learning Packages,A review on the applications of nuclear magnetic resonance (NMR) in the oil and gas industry: laboratory and field-scale measurements > NMR applications in field scale,1025,464
Hardware System,Introduction,Nível 2,Nível 2,0.5156,Deep Learning Optimization at the Edge > Hardware System,A review on the applications of nuclear magnetic resonance (NMR) in the oil and gas industry: laboratory and field-scale measurements > Introduction,31,1614
Systems and Toolkits,Declaration,Nível 1,Nível 2,0.5156,Systems and Toolkits,A review on the applications of nuclear magnetic resonance (NMR) in the oil and gas industry: laboratory and field-scale measurements > Declaration,550,147
Deep Learning Packages,NMR applications in field scale,Nível 1,Nível 2,0.5156,Deep Learning Packages,A review on the applications of nuclear magnetic resonance (NMR) in the oil and gas industry: laboratory and field-scale measurements > NMR applications in field scale,1025,464
Hardware System,Introduction,Nível 1,Nível 2,0.5156,Hardware System,A review on the applications of nuclear magnetic resonance (NMR) in the oil and gas industry: laboratory and field-scale measurements > Introduction,31,1614
CORD,Tar detection in carbonates,Nível 3,Nível 4,0.515,root > Open Source Edge Computing Projects > CORD,A review on the applications of nuclear magnetic resonance (NMR) in the oil and gas industry: laboratory and field-scale measurements > NMR applications in field scale > Field implementation and applications > Tar detection in carbonates,590,491
Enhancing Energy Efficiency of Edge Computing Systems,Common misinterpretation in conventional rocks,Nível 2,Nível 3,0.515,root > Enhancing Energy Efficiency of Edge Computing Systems,A review on the applications of nuclear magnetic resonance (NMR) in the oil and gas industry: laboratory and field-scale measurements > Special topics > Common misinterpretation in conventional rocks,84,749
Enhancing Energy Efficiency of Edge Computing Systems,Geosteering and well placement optimization,Nível 2,Nível 4,0.515,root > Enhancing Energy Efficiency of Edge Computing Systems,A review on the applications of nuclear magnetic resonance (NMR) in the oil and gas industry: laboratory and field-scale measurements > NMR applications in field scale > Field implementation and applications > Geosteering and well placement optimization,84,816
At the Top Cloud Layer,NMR applications in field scale,Nível 3,Nível 2,0.515,root > Enhancing Energy Efficiency of Edge Computing Systems > At the Top Cloud Layer,A review on the applications of nuclear magnetic resonance (NMR) in the oil and gas industry: laboratory and field-scale measurements > NMR applications in field scale,197,464
FPGA-based Hardware,Concluding remarks,Nível 4,Nível 2,0.515,root > Deep Learning Optimization at the Edge > Hardware System > FPGA-based Hardware,A review on the applications of nuclear magnetic resonance (NMR) in the oil and gas industry: laboratory and field-scale measurements > Concluding remarks,251,564
CORD,Tar detection in carbonates,Nível 2,Nível 4,0.515,Open Source Edge Computing Projects > CORD,A review on the applications of nuclear magnetic resonance (NMR) in the oil and gas industry: laboratory and field-scale measurements > NMR applications in field scale > Field implementation and applications > Tar detection in carbonates,590,491
CORD,Tar detection in carbonates,Nível 1,Nível 4,0.515,CORD,A review on the applications of nuclear magnetic resonance (NMR) in the oil and gas industry: laboratory and field-scale measurements > NMR applications in field scale > Field implementation and applications > Tar detection in carbonates,590,491
Enhancing Energy Efficiency of Edge Computing Systems,Common misinterpretation in conventional rocks,Nível 1,Nível 3,0.515,Enhancing Energy Efficiency of Edge Computing Systems,A review on the applications of nuclear magnetic resonance (NMR) in the oil and gas industry: laboratory and field-scale measurements > Special topics > Common misinterpretation in conventional rocks,84,749
Enhancing Energy Efficiency of Edge Computing Systems,Geosteering and well placement optimization,Nível 1,Nível 4,0.515,Enhancing Energy Efficiency of Edge Computing Systems,A review on the applications of nuclear magnetic resonance (NMR) in the oil and gas industry: laboratory and field-scale measurements > NMR applications in field scale > Field implementation and applications > Geosteering and well placement optimization,84,816
At the Top Cloud Layer,NMR applications in field scale,Nível 2,Nível 2,0.515,Enhancing Energy Efficiency of Edge Computing Systems > At the Top Cloud Layer,A review on the applications of nuclear magnetic resonance (NMR) in the oil and gas industry: laboratory and field-scale measurements > NMR applications in field scale,197,464
At the Top Cloud Layer,NMR applications in field scale,Nível 1,Nível 2,0.515,At the Top Cloud Layer,A review on the applications of nuclear magnetic resonance (NMR) in the oil and gas industry: laboratory and field-scale measurements > NMR applications in field scale,197,464
FPGA-based Hardware,Concluding remarks,Nível 3,Nível 2,0.515,Deep Learning Optimization at the Edge > Hardware System > FPGA-based Hardware,A review on the applications of nuclear magnetic resonance (NMR) in the oil and gas industry: laboratory and field-scale measurements > Concluding remarks,251,564
FPGA-based Hardware,Concluding remarks,Nível 2,Nível 2,0.515,Hardware System > FPGA-based Hardware,A review on the applications of nuclear magnetic resonance (NMR) in the oil and gas industry: laboratory and field-scale measurements > Concluding remarks,251,564
FPGA-based Hardware,Concluding remarks,Nível 1,Nível 2,0.515,FPGA-based Hardware,A review on the applications of nuclear magnetic resonance (NMR) in the oil and gas industry: laboratory and field-scale measurements > Concluding remarks,251,564
Cloud-Sea Computing Systems,Porosity,Nível 3,Nível 3,0.5146,root > Edge Computing Systems and Tools > Cloud-Sea Computing Systems,A review on the applications of nuclear magnetic resonance (NMR) in the oil and gas industry: laboratory and field-scale measurements > Petrophysics > Porosity,587,527
FocusStack,References,Nível 3,Nível 2,0.5146,root > Edge Computing Systems and Tools > FocusStack,A review on the applications of nuclear magnetic resonance (NMR) in the oil and gas industry: laboratory and field-scale measurements > References,555,8779
Other Edge Computing Systems,Wettability,Nível 3,Nível 3,0.5146,root > Edge Computing Systems and Tools > Other Edge Computing Systems,A review on the applications of nuclear magnetic resonance (NMR) in the oil and gas industry: laboratory and field-scale measurements > Petrophysics > Wettability,831,416
CORD,Capillary pressure,Nível 3,Nível 3,0.5146,root > Open Source Edge Computing Projects > CORD,A review on the applications of nuclear magnetic resonance (NMR) in the oil and gas industry: laboratory and field-scale measurements > Petrophysics > Capillary pressure,590,429
Systems and Toolkits,Tar detection in carbonates,Nível 3,Nível 4,0.5146,root > Deep Learning Optimization at the Edge > Systems and Toolkits,A review on the applications of nuclear magnetic resonance (NMR) in the oil and gas industry: laboratory and field-scale measurements > NMR applications in field scale > Field implementation and applications > Tar detection in carbonates,550,491
Deep Learning Packages,Petrophysics,Nível 3,Nível 2,0.5146,root > Deep Learning Optimization at the Edge > Deep Learning Packages,A review on the applications of nuclear magnetic resonance (NMR) in the oil and gas industry: laboratory and field-scale measurements > Petrophysics,1025,272
FPGA-based Hardware,NMR applications in laboratory scale,Nível 4,Nível 2,0.5146,root > Deep Learning Optimization at the Edge > Hardware System > FPGA-based Hardware,A review on the applications of nuclear magnetic resonance (NMR) in the oil and gas industry: laboratory and field-scale measurements > NMR applications in laboratory scale,251,664
Cloud-Sea Computing Systems,Porosity,Nível 2,Nível 3,0.5146,Edge Computing Systems and Tools > Cloud-Sea Computing Systems,A review on the applications of nuclear magnetic resonance (NMR) in the oil and gas industry: laboratory and field-scale measurements > Petrophysics > Porosity,587,527
FocusStack,References,Nível 2,Nível 2,0.5146,Edge Computing Systems and Tools > FocusStack,A review on the applications of nuclear magnetic resonance (NMR) in the oil and gas industry: laboratory and field-scale measurements > References,555,8779
Other Edge Computing Systems,Wettability,Nível 2,Nível 3,0.5146,Edge Computing Systems and Tools > Other Edge Computing Systems,A review on the applications of nuclear magnetic resonance (NMR) in the oil and gas industry: laboratory and field-scale measurements > Petrophysics > Wettability,831,416
Cloud-Sea Computing Systems,Porosity,Nível 1,Nível 3,0.5146,Cloud-Sea Computing Systems,A review on the applications of nuclear magnetic resonance (NMR) in the oil and gas industry: laboratory and field-scale measurements > Petrophysics > Porosity,587,527
FocusStack,References,Nível 1,Nível 2,0.5146,FocusStack,A review on the applications of nuclear magnetic resonance (NMR) in the oil and gas industry: laboratory and field-scale measurements > References,555,8779
Other Edge Computing Systems,Wettability,Nível 1,Nível 3,0.5146,Other Edge Computing Systems,A review on the applications of nuclear magnetic resonance (NMR) in the oil and gas industry: laboratory and field-scale measurements > Petrophysics > Wettability,831,416
CORD,Capillary pressure,Nível 2,Nível 3,0.5146,Open Source Edge Computing Projects > CORD,A review on the applications of nuclear magnetic resonance (NMR) in the oil and gas industry: laboratory and field-scale measurements > Petrophysics > Capillary pressure,590,429
CORD,Capillary pressure,Nível 1,Nível 3,0.5146,CORD,A review on the applications of nuclear magnetic resonance (NMR) in the oil and gas industry: laboratory and field-scale measurements > Petrophysics > Capillary pressure,590,429
Systems and Toolkits,Tar detection in carbonates,Nível 2,Nível 4,0.5146,Deep Learning Optimization at the Edge > Systems and Toolkits,A review on the applications of nuclear magnetic resonance (NMR) in the oil and gas industry: laboratory and field-scale measurements > NMR applications in field scale > Field implementation and applications > Tar detection in carbonates,550,491
Deep Learning Packages,Petrophysics,Nível 2,Nível 2,0.5146,Deep Learning Optimization at the Edge > Deep Learning Packages,A review on the applications of nuclear magnetic resonance (NMR) in the oil and gas industry: laboratory and field-scale measurements > Petrophysics,1025,272
FPGA-based Hardware,NMR applications in laboratory scale,Nível 3,Nível 2,0.5146,Deep Learning Optimization at the Edge > Hardware System > FPGA-based Hardware,A review on the applications of nuclear magnetic resonance (NMR) in the oil and gas industry: laboratory and field-scale measurements > NMR applications in laboratory scale,251,664
Systems and Toolkits,Tar detection in carbonates,Nível 1,Nível 4,0.5146,Systems and Toolkits,A review on the applications of nuclear magnetic resonance (NMR) in the oil and gas industry: laboratory and field-scale measurements > NMR applications in field scale > Field implementation and applications > Tar detection in carbonates,550,491
Deep Learning Packages,Petrophysics,Nível 1,Nível 2,0.5146,Deep Learning Packages,A review on the applications of nuclear magnetic resonance (NMR) in the oil and gas industry: laboratory and field-scale measurements > Petrophysics,1025,272
FPGA-based Hardware,NMR applications in laboratory scale,Nível 2,Nível 2,0.5146,Hardware System > FPGA-based Hardware,A review on the applications of nuclear magnetic resonance (NMR) in the oil and gas industry: laboratory and field-scale measurements > NMR applications in laboratory scale,251,664
FPGA-based Hardware,NMR applications in laboratory scale,Nível 1,Nível 2,0.5146,FPGA-based Hardware,A review on the applications of nuclear magnetic resonance (NMR) in the oil and gas industry: laboratory and field-scale measurements > NMR applications in laboratory scale,251,664
SpanEdge,Capillary pressure,Nível 3,Nível 3,0.514,root > Edge Computing Systems and Tools > SpanEdge,A review on the applications of nuclear magnetic resonance (NMR) in the oil and gas industry: laboratory and field-scale measurements > Petrophysics > Capillary pressure,490,429
Green-energy powered sustainable computing,NMR applications in laboratory scale,Nível 4,Nível 2,0.514,root > Enhancing Energy Efficiency of Edge Computing Systems > At the Middle Edge Server Layer > Green-energy powered sustainable computing,A review on the applications of nuclear magnetic resonance (NMR) in the oil and gas industry: laboratory and field-scale measurements > NMR applications in laboratory scale,133,664
At the Bottom Device Layer,Pore size distribution,Nível 3,Nível 3,0.514,root > Enhancing Energy Efficiency of Edge Computing Systems > At the Bottom Device Layer,A review on the applications of nuclear magnetic resonance (NMR) in the oil and gas industry: laboratory and field-scale measurements > Petrophysics > Pore size distribution,85,792
GPU-based hardware,Design and improvements in LWD-NMR,Nível 4,Nível 3,0.514,root > Deep Learning Optimization at the Edge > Hardware System > GPU-based hardware,A review on the applications of nuclear magnetic resonance (NMR) in the oil and gas industry: laboratory and field-scale measurements > NMR applications in field scale > Design and improvements in LWD-NMR,209,1620
ASIC,Introduction,Nível 4,Nível 2,0.514,root > Deep Learning Optimization at the Edge > Hardware System > ASIC,A review on the applications of nuclear magnetic resonance (NMR) in the oil and gas industry: laboratory and field-scale measurements > Introduction,205,1614
Conclusions,Concluding remarks,Nível 2,Nível 2,0.514,root > Conclusions,A review on the applications of nuclear magnetic resonance (NMR) in the oil and gas industry: laboratory and field-scale measurements > Concluding remarks,559,564
SpanEdge,Capillary pressure,Nível 2,Nível 3,0.514,Edge Computing Systems and Tools > SpanEdge,A review on the applications of nuclear magnetic resonance (NMR) in the oil and gas industry: laboratory and field-scale measurements > Petrophysics > Capillary pressure,490,429
SpanEdge,Capillary pressure,Nível 1,Nível 3,0.514,SpanEdge,A review on the applications of nuclear magnetic resonance (NMR) in the oil and gas industry: laboratory and field-scale measurements > Petrophysics > Capillary pressure,490,429
Green-energy powered sustainable computing,NMR applications in laboratory scale,Nível 3,Nível 2,0.514,Enhancing Energy Efficiency of Edge Computing Systems > At the Middle Edge Server Layer > Green-energy powered sustainable computing,A review on the applications of nuclear magnetic resonance (NMR) in the oil and gas industry: laboratory and field-scale measurements > NMR applications in laboratory scale,133,664
At the Bottom Device Layer,Pore size distribution,Nível 2,Nível 3,0.514,Enhancing Energy Efficiency of Edge Computing Systems > At the Bottom Device Layer,A review on the applications of nuclear magnetic resonance (NMR) in the oil and gas industry: laboratory and field-scale measurements > Petrophysics > Pore size distribution,85,792
Green-energy powered sustainable computing,NMR applications in laboratory scale,Nível 2,Nível 2,0.514,At the Middle Edge Server Layer > Green-energy powered sustainable computing,A review on the applications of nuclear magnetic resonance (NMR) in the oil and gas industry: laboratory and field-scale measurements > NMR applications in laboratory scale,133,664
Green-energy powered sustainable computing,NMR applications in laboratory scale,Nível 1,Nível 2,0.514,Green-energy powered sustainable computing,A review on the applications of nuclear magnetic resonance (NMR) in the oil and gas industry: laboratory and field-scale measurements > NMR applications in laboratory scale,133,664
At the Bottom Device Layer,Pore size distribution,Nível 1,Nível 3,0.514,At the Bottom Device Layer,A review on the applications of nuclear magnetic resonance (NMR) in the oil and gas industry: laboratory and field-scale measurements > Petrophysics > Pore size distribution,85,792
GPU-based hardware,Design and improvements in LWD-NMR,Nível 3,Nível 3,0.514,Deep Learning Optimization at the Edge > Hardware System > GPU-based hardware,A review on the applications of nuclear magnetic resonance (NMR) in the oil and gas industry: laboratory and field-scale measurements > NMR applications in field scale > Design and improvements in LWD-NMR,209,1620
ASIC,Introduction,Nível 3,Nível 2,0.514,Deep Learning Optimization at the Edge > Hardware System > ASIC,A review on the applications of nuclear magnetic resonance (NMR) in the oil and gas industry: laboratory and field-scale measurements > Introduction,205,1614
GPU-based hardware,Design and improvements in LWD-NMR,Nível 2,Nível 3,0.514,Hardware System > GPU-based hardware,A review on the applications of nuclear magnetic resonance (NMR) in the oil and gas industry: laboratory and field-scale measurements > NMR applications in field scale > Design and improvements in LWD-NMR,209,1620
ASIC,Introduction,Nível 2,Nível 2,0.514,Hardware System > ASIC,A review on the applications of nuclear magnetic resonance (NMR) in the oil and gas industry: laboratory and field-scale measurements > Introduction,205,1614
GPU-based hardware,Design and improvements in LWD-NMR,Nível 1,Nível 3,0.514,GPU-based hardware,A review on the applications of nuclear magnetic resonance (NMR) in the oil and gas industry: laboratory and field-scale measurements > NMR applications in field scale > Design and improvements in LWD-NMR,209,1620
ASIC,Introduction,Nível 1,Nível 2,0.514,ASIC,A review on the applications of nuclear magnetic resonance (NMR) in the oil and gas industry: laboratory and field-scale measurements > Introduction,205,1614
Conclusions,Concluding remarks,Nível 1,Nível 2,0.514,Conclusions,A review on the applications of nuclear magnetic resonance (NMR) in the oil and gas industry: laboratory and field-scale measurements > Concluding remarks,559,564
Enhancing Energy Efficiency of Edge Computing Systems,Declaration,Nível 2,Nível 2,0.5137,root > Enhancing Energy Efficiency of Edge Computing Systems,A review on the applications of nuclear magnetic resonance (NMR) in the oil and gas industry: laboratory and field-scale measurements > Declaration,84,147
Multi-domain Management and Cooperation,References,Nível 4,Nível 2,0.5137,root > Key Design Issues > Mobility Support > Multi-domain Management and Cooperation,A review on the applications of nuclear magnetic resonance (NMR) in the oil and gas industry: laboratory and field-scale measurements > References,127,8779
Enhancing Energy Efficiency of Edge Computing Systems,Declaration,Nível 1,Nível 2,0.5137,Enhancing Energy Efficiency of Edge Computing Systems,A review on the applications of nuclear magnetic resonance (NMR) in the oil and gas industry: laboratory and field-scale measurements > Declaration,84,147
Multi-domain Management and Cooperation,References,Nível 3,Nível 2,0.5137,Key Design Issues > Mobility Support > Multi-domain Management and Cooperation,A review on the applications of nuclear magnetic resonance (NMR) in the oil and gas industry: laboratory and field-scale measurements > References,127,8779
Multi-domain Management and Cooperation,References,Nível 2,Nível 2,0.5137,Mobility Support > Multi-domain Management and Cooperation,A review on the applications of nuclear magnetic resonance (NMR) in the oil and gas industry: laboratory and field-scale measurements > References,127,8779
Multi-domain Management and Cooperation,References,Nível 1,Nível 2,0.5137,Multi-domain Management and Cooperation,A review on the applications of nuclear magnetic resonance (NMR) in the oil and gas industry: laboratory and field-scale measurements > References,127,8779
Cloud-Sea Computing Systems,Common misinterpretation in conventional rocks,Nível 3,Nível 3,0.513,root > Edge Computing Systems and Tools > Cloud-Sea Computing Systems,A review on the applications of nuclear magnetic resonance (NMR) in the oil and gas industry: laboratory and field-scale measurements > Special topics > Common misinterpretation in conventional rocks,587,749
Enhancing Energy Efficiency of Edge Computing Systems,Introduction,Nível 2,Nível 2,0.513,root > Enhancing Energy Efficiency of Edge Computing Systems,A review on the applications of nuclear magnetic resonance (NMR) in the oil and gas industry: laboratory and field-scale measurements > Introduction,84,1614
At the Middle Edge Server Layer,Unconventional rock characterization using different NMR techniques,Nível 3,Nível 3,0.513,root > Enhancing Energy Efficiency of Edge Computing Systems > At the Middle Edge Server Layer,A review on the applications of nuclear magnetic resonance (NMR) in the oil and gas industry: laboratory and field-scale measurements > Special topics > Unconventional rock characterization using different NMR techniques,90,1950
Deep Learning Optimization at the Edge,Introduction,Nível 2,Nível 2,0.513,root > Deep Learning Optimization at the Edge,A review on the applications of nuclear magnetic resonance (NMR) in the oil and gas industry: laboratory and field-scale measurements > Introduction,137,1614
Cloud-Sea Computing Systems,Common misinterpretation in conventional rocks,Nível 2,Nível 3,0.513,Edge Computing Systems and Tools > Cloud-Sea Computing Systems,A review on the applications of nuclear magnetic resonance (NMR) in the oil and gas industry: laboratory and field-scale measurements > Special topics > Common misinterpretation in conventional rocks,587,749
Cloud-Sea Computing Systems,Common misinterpretation in conventional rocks,Nível 1,Nível 3,0.513,Cloud-Sea Computing Systems,A review on the applications of nuclear magnetic resonance (NMR) in the oil and gas industry: laboratory and field-scale measurements > Special topics > Common misinterpretation in conventional rocks,587,749
Enhancing Energy Efficiency of Edge Computing Systems,Introduction,Nível 1,Nível 2,0.513,Enhancing Energy Efficiency of Edge Computing Systems,A review on the applications of nuclear magnetic resonance (NMR) in the oil and gas industry: laboratory and field-scale measurements > Introduction,84,1614
At the Middle Edge Server Layer,Unconventional rock characterization using different NMR techniques,Nível 2,Nível 3,0.513,Enhancing Energy Efficiency of Edge Computing Systems > At the Middle Edge Server Layer,A review on the applications of nuclear magnetic resonance (NMR) in the oil and gas industry: laboratory and field-scale measurements > Special topics > Unconventional rock characterization using different NMR techniques,90,1950
At the Middle Edge Server Layer,Unconventional rock characterization using different NMR techniques,Nível 1,Nível 3,0.513,At the Middle Edge Server Layer,A review on the applications of nuclear magnetic resonance (NMR) in the oil and gas industry: laboratory and field-scale measurements > Special topics > Unconventional rock characterization using different NMR techniques,90,1950
Deep Learning Optimization at the Edge,Introduction,Nível 1,Nível 2,0.513,Deep Learning Optimization at the Edge,A review on the applications of nuclear magnetic resonance (NMR) in the oil and gas industry: laboratory and field-scale measurements > Introduction,137,1614
Apache Edgent,Introduction,Nível 3,Nível 2,0.5127,root > Open Source Edge Computing Projects > Apache Edgent,A review on the applications of nuclear magnetic resonance (NMR) in the oil and gas industry: laboratory and field-scale measurements > Introduction,355,1614
At the Top Cloud Layer,NMR theory,Nível 3,Nível 2,0.5127,root > Enhancing Energy Efficiency of Edge Computing Systems > At the Top Cloud Layer,A review on the applications of nuclear magnetic resonance (NMR) in the oil and gas industry: laboratory and field-scale measurements > NMR theory,197,370
At the Top Cloud Layer,Capillary pressure,Nível 3,Nível 3,0.5127,root > Enhancing Energy Efficiency of Edge Computing Systems > At the Top Cloud Layer,A review on the applications of nuclear magnetic resonance (NMR) in the oil and gas industry: laboratory and field-scale measurements > Petrophysics > Capillary pressure,197,429
GPU-based hardware,Two-dimensional NMR measurements,Nível 4,Nível 2,0.5127,root > Deep Learning Optimization at the Edge > Hardware System > GPU-based hardware,A review on the applications of nuclear magnetic resonance (NMR) in the oil and gas industry: laboratory and field-scale measurements > Two-dimensional NMR measurements,209,780
GPU-based hardware,References,Nível 4,Nível 2,0.5127,root > Deep Learning Optimization at the Edge > Hardware System > GPU-based hardware,A review on the applications of nuclear magnetic resonance (NMR) in the oil and gas industry: laboratory and field-scale measurements > References,209,8779
Apache Edgent,Introduction,Nível 2,Nível 2,0.5127,Open Source Edge Computing Projects > Apache Edgent,A review on the applications of nuclear magnetic resonance (NMR) in the oil and gas industry: laboratory and field-scale measurements > Introduction,355,1614
Apache Edgent,Introduction,Nível 1,Nível 2,0.5127,Apache Edgent,A review on the applications of nuclear magnetic resonance (NMR) in the oil and gas industry: laboratory and field-scale measurements > Introduction,355,1614
At the Top Cloud Layer,NMR theory,Nível 2,Nível 2,0.5127,Enhancing Energy Efficiency of Edge Computing Systems > At the Top Cloud Layer,A review on the applications of nuclear magnetic resonance (NMR) in the oil and gas industry: laboratory and field-scale measurements > NMR theory,197,370
At the Top Cloud Layer,Capillary pressure,Nível 2,Nível 3,0.5127,Enhancing Energy Efficiency of Edge Computing Systems > At the Top Cloud Layer,A review on the applications of nuclear magnetic resonance (NMR) in the oil and gas industry: laboratory and field-scale measurements > Petrophysics > Capillary pressure,197,429
At the Top Cloud Layer,NMR theory,Nível 1,Nível 2,0.5127,At the Top Cloud Layer,A review on the applications of nuclear magnetic resonance (NMR) in the oil and gas industry: laboratory and field-scale measurements > NMR theory,197,370
At the Top Cloud Layer,Capillary pressure,Nível 1,Nível 3,0.5127,At the Top Cloud Layer,A review on the applications of nuclear magnetic resonance (NMR) in the oil and gas industry: laboratory and field-scale measurements > Petrophysics > Capillary pressure,197,429
GPU-based hardware,Two-dimensional NMR measurements,Nível 3,Nível 2,0.5127,Deep Learning Optimization at the Edge > Hardware System > GPU-based hardware,A review on the applications of nuclear magnetic resonance (NMR) in the oil and gas industry: laboratory and field-scale measurements > Two-dimensional NMR measurements,209,780
GPU-based hardware,References,Nível 3,Nível 2,0.5127,Deep Learning Optimization at the Edge > Hardware System > GPU-based hardware,A review on the applications of nuclear magnetic resonance (NMR) in the oil and gas industry: laboratory and field-scale measurements > References,209,8779
GPU-based hardware,Two-dimensional NMR measurements,Nível 2,Nível 2,0.5127,Hardware System > GPU-based hardware,A review on the applications of nuclear magnetic resonance (NMR) in the oil and gas industry: laboratory and field-scale measurements > Two-dimensional NMR measurements,209,780
GPU-based hardware,References,Nível 2,Nível 2,0.5127,Hardware System > GPU-based hardware,A review on the applications of nuclear magnetic resonance (NMR) in the oil and gas industry: laboratory and field-scale measurements > References,209,8779
GPU-based hardware,Two-dimensional NMR measurements,Nível 1,Nível 2,0.5127,GPU-based hardware,A review on the applications of nuclear magnetic resonance (NMR) in the oil and gas industry: laboratory and field-scale measurements > Two-dimensional NMR measurements,209,780
GPU-based hardware,References,Nível 1,Nível 2,0.5127,GPU-based hardware,A review on the applications of nuclear magnetic resonance (NMR) in the oil and gas industry: laboratory and field-scale measurements > References,209,8779
System Architecture,Geosteering and well placement optimization,Nível 3,Nível 4,0.512,root > ParaDrop > System Architecture,A review on the applications of nuclear magnetic resonance (NMR) in the oil and gas industry: laboratory and field-scale measurements > NMR applications in field scale > Field implementation and applications > Geosteering and well placement optimization,588,816
Hardware System,Design and improvements in LWD-NMR,Nível 3,Nível 3,0.512,root > Deep Learning Optimization at the Edge > Hardware System,A review on the applications of nuclear magnetic resonance (NMR) in the oil and gas industry: laboratory and field-scale measurements > NMR applications in field scale > Design and improvements in LWD-NMR,31,1620
ASIC,Geosteering and well placement optimization,Nível 4,Nível 4,0.512,root > Deep Learning Optimization at the Edge > Hardware System > ASIC,A review on the applications of nuclear magnetic resonance (NMR) in the oil and gas industry: laboratory and field-scale measurements > NMR applications in field scale > Field implementation and applications > Geosteering and well placement optimization,205,816
System Architecture,Geosteering and well placement optimization,Nível 2,Nível 4,0.512,ParaDrop > System Architecture,A review on the applications of nuclear magnetic resonance (NMR) in the oil and gas industry: laboratory and field-scale measurements > NMR applications in field scale > Field implementation and applications > Geosteering and well placement optimization,588,816
System Architecture,Geosteering and well placement optimization,Nível 1,Nível 4,0.512,System Architecture,A review on the applications of nuclear magnetic resonance (NMR) in the oil and gas industry: laboratory and field-scale measurements > NMR applications in field scale > Field implementation and applications > Geosteering and well placement optimization,588,816
Hardware System,Design and improvements in LWD-NMR,Nível 2,Nível 3,0.512,Deep Learning Optimization at the Edge > Hardware System,A review on the applications of nuclear magnetic resonance (NMR) in the oil and gas industry: laboratory and field-scale measurements > NMR applications in field scale > Design and improvements in LWD-NMR,31,1620
ASIC,Geosteering and well placement optimization,Nível 3,Nível 4,0.512,Deep Learning Optimization at the Edge > Hardware System > ASIC,A review on the applications of nuclear magnetic resonance (NMR) in the oil and gas industry: laboratory and field-scale measurements > NMR applications in field scale > Field implementation and applications > Geosteering and well placement optimization,205,816
Hardware System,Design and improvements in LWD-NMR,Nível 1,Nível 3,0.512,Hardware System,A review on the applications of nuclear magnetic resonance (NMR) in the oil and gas industry: laboratory and field-scale measurements > NMR applications in field scale > Design and improvements in LWD-NMR,31,1620
ASIC,Geosteering and well placement optimization,Nível 2,Nível 4,0.512,Hardware System > ASIC,A review on the applications of nuclear magnetic resonance (NMR) in the oil and gas industry: laboratory and field-scale measurements > NMR applications in field scale > Field implementation and applications > Geosteering and well placement optimization,205,816
ASIC,Geosteering and well placement optimization,Nível 1,Nível 4,0.512,ASIC,A review on the applications of nuclear magnetic resonance (NMR) in the oil and gas industry: laboratory and field-scale measurements > NMR applications in field scale > Field implementation and applications > Geosteering and well placement optimization,205,816
AirBox,References,Nível 3,Nível 2,0.5117,root > Edge Computing Systems and Tools > AirBox,A review on the applications of nuclear magnetic resonance (NMR) in the oil and gas industry: laboratory and field-scale measurements > References,248,8779
System Architecture,Introduction,Nível 3,Nível 2,0.5117,root > ParaDrop > System Architecture,A review on the applications of nuclear magnetic resonance (NMR) in the oil and gas industry: laboratory and field-scale measurements > Introduction,588,1614
System Architecture,Design and improvements in LWD-NMR,Nível 3,Nível 3,0.5117,root > ParaDrop > System Architecture,A review on the applications of nuclear magnetic resonance (NMR) in the oil and gas industry: laboratory and field-scale measurements > NMR applications in field scale > Design and improvements in LWD-NMR,588,1620
Enhancing Energy Efficiency of Edge Computing Systems,Diffusion measurements,Nível 2,Nível 2,0.5117,root > Enhancing Energy Efficiency of Edge Computing Systems,A review on the applications of nuclear magnetic resonance (NMR) in the oil and gas industry: laboratory and field-scale measurements > Diffusion measurements,84,726
At the Middle Edge Server Layer,Tar detection in carbonates,Nível 3,Nível 4,0.5117,root > Enhancing Energy Efficiency of Edge Computing Systems > At the Middle Edge Server Layer,A review on the applications of nuclear magnetic resonance (NMR) in the oil and gas industry: laboratory and field-scale measurements > NMR applications in field scale > Field implementation and applications > Tar detection in carbonates,90,491
Collaborated devices control and resource management,References,Nível 4,Nível 2,0.5117,root > Enhancing Energy Efficiency of Edge Computing Systems > At the Bottom Device Layer > Collaborated devices control and resource management,A review on the applications of nuclear magnetic resonance (NMR) in the oil and gas industry: laboratory and field-scale measurements > References,487,8779
FPGA-based Hardware,Common misinterpretation in conventional rocks,Nível 4,Nível 3,0.5117,root > Deep Learning Optimization at the Edge > Hardware System > FPGA-based Hardware,A review on the applications of nuclear magnetic resonance (NMR) in the oil and gas industry: laboratory and field-scale measurements > Special topics > Common misinterpretation in conventional rocks,251,749
AirBox,References,Nível 2,Nível 2,0.5117,Edge Computing Systems and Tools > AirBox,A review on the applications of nuclear magnetic resonance (NMR) in the oil and gas industry: laboratory and field-scale measurements > References,248,8779
AirBox,References,Nível 1,Nível 2,0.5117,AirBox,A review on the applications of nuclear magnetic resonance (NMR) in the oil and gas industry: laboratory and field-scale measurements > References,248,8779
System Architecture,Introduction,Nível 2,Nível 2,0.5117,ParaDrop > System Architecture,A review on the applications of nuclear magnetic resonance (NMR) in the oil and gas industry: laboratory and field-scale measurements > Introduction,588,1614
System Architecture,Design and improvements in LWD-NMR,Nível 2,Nível 3,0.5117,ParaDrop > System Architecture,A review on the applications of nuclear magnetic resonance (NMR) in the oil and gas industry: laboratory and field-scale measurements > NMR applications in field scale > Design and improvements in LWD-NMR,588,1620
System Architecture,Introduction,Nível 1,Nível 2,0.5117,System Architecture,A review on the applications of nuclear magnetic resonance (NMR) in the oil and gas industry: laboratory and field-scale measurements > Introduction,588,1614
System Architecture,Design and improvements in LWD-NMR,Nível 1,Nível 3,0.5117,System Architecture,A review on the applications of nuclear magnetic resonance (NMR) in the oil and gas industry: laboratory and field-scale measurements > NMR applications in field scale > Design and improvements in LWD-NMR,588,1620
Enhancing Energy Efficiency of Edge Computing Systems,Diffusion measurements,Nível 1,Nível 2,0.5117,Enhancing Energy Efficiency of Edge Computing Systems,A review on the applications of nuclear magnetic resonance (NMR) in the oil and gas industry: laboratory and field-scale measurements > Diffusion measurements,84,726
At the Middle Edge Server Layer,Tar detection in carbonates,Nível 2,Nível 4,0.5117,Enhancing Energy Efficiency of Edge Computing Systems > At the Middle Edge Server Layer,A review on the applications of nuclear magnetic resonance (NMR) in the oil and gas industry: laboratory and field-scale measurements > NMR applications in field scale > Field implementation and applications > Tar detection in carbonates,90,491
Collaborated devices control and resource management,References,Nível 3,Nível 2,0.5117,Enhancing Energy Efficiency of Edge Computing Systems > At the Bottom Device Layer > Collaborated devices control and resource management,A review on the applications of nuclear magnetic resonance (NMR) in the oil and gas industry: laboratory and field-scale measurements > References,487,8779
At the Middle Edge Server Layer,Tar detection in carbonates,Nível 1,Nível 4,0.5117,At the Middle Edge Server Layer,A review on the applications of nuclear magnetic resonance (NMR) in the oil and gas industry: laboratory and field-scale measurements > NMR applications in field scale > Field implementation and applications > Tar detection in carbonates,90,491
Collaborated devices control and resource management,References,Nível 2,Nível 2,0.5117,At the Bottom Device Layer > Collaborated devices control and resource management,A review on the applications of nuclear magnetic resonance (NMR) in the oil and gas industry: laboratory and field-scale measurements > References,487,8779
Collaborated devices control and resource management,References,Nível 1,Nível 2,0.5117,Collaborated devices control and resource management,A review on the applications of nuclear magnetic resonance (NMR) in the oil and gas industry: laboratory and field-scale measurements > References,487,8779
FPGA-based Hardware,Common misinterpretation in conventional rocks,Nível 3,Nível 3,0.5117,Deep Learning Optimization at the Edge > Hardware System > FPGA-based Hardware,A review on the applications of nuclear magnetic resonance (NMR) in the oil and gas industry: laboratory and field-scale measurements > Special topics > Common misinterpretation in conventional rocks,251,749
FPGA-based Hardware,Common misinterpretation in conventional rocks,Nível 2,Nível 3,0.5117,Hardware System > FPGA-based Hardware,A review on the applications of nuclear magnetic resonance (NMR) in the oil and gas industry: laboratory and field-scale measurements > Special topics > Common misinterpretation in conventional rocks,251,749
FPGA-based Hardware,Common misinterpretation in conventional rocks,Nível 1,Nível 3,0.5117,FPGA-based Hardware,A review on the applications of nuclear magnetic resonance (NMR) in the oil and gas industry: laboratory and field-scale measurements > Special topics > Common misinterpretation in conventional rocks,251,749
Cloud-Sea Computing Systems,Abstract,Nível 3,Nível 2,0.511,root > Edge Computing Systems and Tools > Cloud-Sea Computing Systems,A review on the applications of nuclear magnetic resonance (NMR) in the oil and gas industry: laboratory and field-scale measurements > Abstract,587,276
GPU-based hardware,Introduction,Nível 4,Nível 2,0.511,root > Deep Learning Optimization at the Edge > Hardware System > GPU-based hardware,A review on the applications of nuclear magnetic resonance (NMR) in the oil and gas industry: laboratory and field-scale measurements > Introduction,209,1614
Cloud-Sea Computing Systems,Abstract,Nível 2,Nível 2,0.511,Edge Computing Systems and Tools > Cloud-Sea Computing Systems,A review on the applications of nuclear magnetic resonance (NMR) in the oil and gas industry: laboratory and field-scale measurements > Abstract,587,276
Cloud-Sea Computing Systems,Abstract,Nível 1,Nível 2,0.511,Cloud-Sea Computing Systems,A review on the applications of nuclear magnetic resonance (NMR) in the oil and gas industry: laboratory and field-scale measurements > Abstract,587,276
GPU-based hardware,Introduction,Nível 3,Nível 2,0.511,Deep Learning Optimization at the Edge > Hardware System > GPU-based hardware,A review on the applications of nuclear magnetic resonance (NMR) in the oil and gas industry: laboratory and field-scale measurements > Introduction,209,1614
GPU-based hardware,Introduction,Nível 2,Nível 2,0.511,Hardware System > GPU-based hardware,A review on the applications of nuclear magnetic resonance (NMR) in the oil and gas industry: laboratory and field-scale measurements > Introduction,209,1614
GPU-based hardware,Introduction,Nível 1,Nível 2,0.511,GPU-based hardware,A review on the applications of nuclear magnetic resonance (NMR) in the oil and gas industry: laboratory and field-scale measurements > Introduction,209,1614
CORD,Unconventional rock characterization using different NMR techniques,Nível 3,Nível 3,0.5107,root > Open Source Edge Computing Projects > CORD,A review on the applications of nuclear magnetic resonance (NMR) in the oil and gas industry: laboratory and field-scale measurements > Special topics > Unconventional rock characterization using different NMR techniques,590,1950
Apache Edgent,Geosteering and well placement optimization,Nível 3,Nível 4,0.5107,root > Open Source Edge Computing Projects > Apache Edgent,A review on the applications of nuclear magnetic resonance (NMR) in the oil and gas industry: laboratory and field-scale measurements > NMR applications in field scale > Field implementation and applications > Geosteering and well placement optimization,355,816
Main purpose,Design and improvements in LWD-NMR,Nível 4,Nível 3,0.5107,root > Open Source Edge Computing Projects > Comparative Study > Main purpose,A review on the applications of nuclear magnetic resonance (NMR) in the oil and gas industry: laboratory and field-scale measurements > NMR applications in field scale > Design and improvements in LWD-NMR,151,1620
Virtualization technology,Introduction,Nível 4,Nível 2,0.5107,root > Open Source Edge Computing Projects > Comparative Study > Virtualization technology,A review on the applications of nuclear magnetic resonance (NMR) in the oil and gas industry: laboratory and field-scale measurements > Introduction,119,1614
Scenarios,Introduction,Nível 4,Nível 2,0.5107,root > Open Source Edge Computing Projects > Comparative Study > Scenarios,A review on the applications of nuclear magnetic resonance (NMR) in the oil and gas industry: laboratory and field-scale measurements > Introduction,471,1614
FPGA-based Hardware,Permeability,Nível 4,Nível 3,0.5107,root > Deep Learning Optimization at the Edge > Hardware System > FPGA-based Hardware,A review on the applications of nuclear magnetic resonance (NMR) in the oil and gas industry: laboratory and field-scale measurements > Petrophysics > Permeability,251,552
CORD,Unconventional rock characterization using different NMR techniques,Nível 2,Nível 3,0.5107,Open Source Edge Computing Projects > CORD,A review on the applications of nuclear magnetic resonance (NMR) in the oil and gas industry: laboratory and field-scale measurements > Special topics > Unconventional rock characterization using different NMR techniques,590,1950
Apache Edgent,Geosteering and well placement optimization,Nível 2,Nível 4,0.5107,Open Source Edge Computing Projects > Apache Edgent,A review on the applications of nuclear magnetic resonance (NMR) in the oil and gas industry: laboratory and field-scale measurements > NMR applications in field scale > Field implementation and applications > Geosteering and well placement optimization,355,816
Main purpose,Design and improvements in LWD-NMR,Nível 3,Nível 3,0.5107,Open Source Edge Computing Projects > Comparative Study > Main purpose,A review on the applications of nuclear magnetic resonance (NMR) in the oil and gas industry: laboratory and field-scale measurements > NMR applications in field scale > Design and improvements in LWD-NMR,151,1620
Virtualization technology,Introduction,Nível 3,Nível 2,0.5107,Open Source Edge Computing Projects > Comparative Study > Virtualization technology,A review on the applications of nuclear magnetic resonance (NMR) in the oil and gas industry: laboratory and field-scale measurements > Introduction,119,1614
Scenarios,Introduction,Nível 3,Nível 2,0.5107,Open Source Edge Computing Projects > Comparative Study > Scenarios,A review on the applications of nuclear magnetic resonance (NMR) in the oil and gas industry: laboratory and field-scale measurements > Introduction,471,1614
CORD,Unconventional rock characterization using different NMR techniques,Nível 1,Nível 3,0.5107,CORD,A review on the applications of nuclear magnetic resonance (NMR) in the oil and gas industry: laboratory and field-scale measurements > Special topics > Unconventional rock characterization using different NMR techniques,590,1950
Apache Edgent,Geosteering and well placement optimization,Nível 1,Nível 4,0.5107,Apache Edgent,A review on the applications of nuclear magnetic resonance (NMR) in the oil and gas industry: laboratory and field-scale measurements > NMR applications in field scale > Field implementation and applications > Geosteering and well placement optimization,355,816
Main purpose,Design and improvements in LWD-NMR,Nível 2,Nível 3,0.5107,Comparative Study > Main purpose,A review on the applications of nuclear magnetic resonance (NMR) in the oil and gas industry: laboratory and field-scale measurements > NMR applications in field scale > Design and improvements in LWD-NMR,151,1620
Virtualization technology,Introduction,Nível 2,Nível 2,0.5107,Comparative Study > Virtualization technology,A review on the applications of nuclear magnetic resonance (NMR) in the oil and gas industry: laboratory and field-scale measurements > Introduction,119,1614
Scenarios,Introduction,Nível 2,Nível 2,0.5107,Comparative Study > Scenarios,A review on the applications of nuclear magnetic resonance (NMR) in the oil and gas industry: laboratory and field-scale measurements > Introduction,471,1614
Main purpose,Design and improvements in LWD-NMR,Nível 1,Nível 3,0.5107,Main purpose,A review on the applications of nuclear magnetic resonance (NMR) in the oil and gas industry: laboratory and field-scale measurements > NMR applications in field scale > Design and improvements in LWD-NMR,151,1620
Virtualization technology,Introduction,Nível 1,Nível 2,0.5107,Virtualization technology,A review on the applications of nuclear magnetic resonance (NMR) in the oil and gas industry: laboratory and field-scale measurements > Introduction,119,1614
Scenarios,Introduction,Nível 1,Nível 2,0.5107,Scenarios,A review on the applications of nuclear magnetic resonance (NMR) in the oil and gas industry: laboratory and field-scale measurements > Introduction,471,1614
FPGA-based Hardware,Permeability,Nível 3,Nível 3,0.5107,Deep Learning Optimization at the Edge > Hardware System > FPGA-based Hardware,A review on the applications of nuclear magnetic resonance (NMR) in the oil and gas industry: laboratory and field-scale measurements > Petrophysics > Permeability,251,552
FPGA-based Hardware,Permeability,Nível 2,Nível 3,0.5107,Hardware System > FPGA-based Hardware,A review on the applications of nuclear magnetic resonance (NMR) in the oil and gas industry: laboratory and field-scale measurements > Petrophysics > Permeability,251,552
FPGA-based Hardware,Permeability,Nível 1,Nível 3,0.5107,FPGA-based Hardware,A review on the applications of nuclear magnetic resonance (NMR) in the oil and gas industry: laboratory and field-scale measurements > Petrophysics > Permeability,251,552
Akraino Edge Stack,Design and improvements in LWD-NMR,Nível 3,Nível 3,0.5103,root > Open Source Edge Computing Projects > Akraino Edge Stack,A review on the applications of nuclear magnetic resonance (NMR) in the oil and gas industry: laboratory and field-scale measurements > NMR applications in field scale > Design and improvements in LWD-NMR,352,1620
Virtualization technology,NMR applications in laboratory scale,Nível 4,Nível 2,0.5103,root > Open Source Edge Computing Projects > Comparative Study > Virtualization technology,A review on the applications of nuclear magnetic resonance (NMR) in the oil and gas industry: laboratory and field-scale measurements > NMR applications in laboratory scale,119,664
At the Middle Edge Server Layer,Diffusion measurements,Nível 3,Nível 2,0.5103,root > Enhancing Energy Efficiency of Edge Computing Systems > At the Middle Edge Server Layer,A review on the applications of nuclear magnetic resonance (NMR) in the oil and gas industry: laboratory and field-scale measurements > Diffusion measurements,90,726
Akraino Edge Stack,Design and improvements in LWD-NMR,Nível 2,Nível 3,0.5103,Open Source Edge Computing Projects > Akraino Edge Stack,A review on the applications of nuclear magnetic resonance (NMR) in the oil and gas industry: laboratory and field-scale measurements > NMR applications in field scale > Design and improvements in LWD-NMR,352,1620
Virtualization technology,NMR applications in laboratory scale,Nível 3,Nível 2,0.5103,Open Source Edge Computing Projects > Comparative Study > Virtualization technology,A review on the applications of nuclear magnetic resonance (NMR) in the oil and gas industry: laboratory and field-scale measurements > NMR applications in laboratory scale,119,664
Akraino Edge Stack,Design and improvements in LWD-NMR,Nível 1,Nível 3,0.5103,Akraino Edge Stack,A review on the applications of nuclear magnetic resonance (NMR) in the oil and gas industry: laboratory and field-scale measurements > NMR applications in field scale > Design and improvements in LWD-NMR,352,1620
Virtualization technology,NMR applications in laboratory scale,Nível 2,Nível 2,0.5103,Comparative Study > Virtualization technology,A review on the applications of nuclear magnetic resonance (NMR) in the oil and gas industry: laboratory and field-scale measurements > NMR applications in laboratory scale,119,664
Virtualization technology,NMR applications in laboratory scale,Nível 1,Nível 2,0.5103,Virtualization technology,A review on the applications of nuclear magnetic resonance (NMR) in the oil and gas industry: laboratory and field-scale measurements > NMR applications in laboratory scale,119,664
At the Middle Edge Server Layer,Diffusion measurements,Nível 2,Nível 2,0.5103,Enhancing Energy Efficiency of Edge Computing Systems > At the Middle Edge Server Layer,A review on the applications of nuclear magnetic resonance (NMR) in the oil and gas industry: laboratory and field-scale measurements > Diffusion measurements,90,726
At the Middle Edge Server Layer,Diffusion measurements,Nível 1,Nível 2,0.5103,At the Middle Edge Server Layer,A review on the applications of nuclear magnetic resonance (NMR) in the oil and gas industry: laboratory and field-scale measurements > Diffusion measurements,90,726
Limitation,Design and improvements in LWD-NMR,Nível 4,Nível 3,0.51,root > Open Source Edge Computing Projects > Comparative Study > Limitation,A review on the applications of nuclear magnetic resonance (NMR) in the oil and gas industry: laboratory and field-scale measurements > NMR applications in field scale > Design and improvements in LWD-NMR,117,1620
Scenarios,References,Nível 4,Nível 2,0.51,root > Open Source Edge Computing Projects > Comparative Study > Scenarios,A review on the applications of nuclear magnetic resonance (NMR) in the oil and gas industry: laboratory and field-scale measurements > References,471,8779
Low-power system design and power management,Design and improvements in LWD-NMR,Nível 4,Nível 3,0.51,root > Enhancing Energy Efficiency of Edge Computing Systems > At the Middle Edge Server Layer > Low-power system design and power management,A review on the applications of nuclear magnetic resonance (NMR) in the oil and gas industry: laboratory and field-scale measurements > NMR applications in field scale > Design and improvements in LWD-NMR,289,1620
Low-power system design and power management,References,Nível 4,Nível 2,0.51,root > Enhancing Energy Efficiency of Edge Computing Systems > At the Middle Edge Server Layer > Low-power system design and power management,A review on the applications of nuclear magnetic resonance (NMR) in the oil and gas industry: laboratory and field-scale measurements > References,289,8779
At the Bottom Device Layer,Introduction,Nível 3,Nível 2,0.51,root > Enhancing Energy Efficiency of Edge Computing Systems > At the Bottom Device Layer,A review on the applications of nuclear magnetic resonance (NMR) in the oil and gas industry: laboratory and field-scale measurements > Introduction,85,1614
At the Bottom Device Layer,Design and improvements in LWD-NMR,Nível 3,Nível 3,0.51,root > Enhancing Energy Efficiency of Edge Computing Systems > At the Bottom Device Layer,A review on the applications of nuclear magnetic resonance (NMR) in the oil and gas industry: laboratory and field-scale measurements > NMR applications in field scale > Design and improvements in LWD-NMR,85,1620
Computation offloading to edge servers or cloud,Pore size distribution,Nível 4,Nível 3,0.51,root > Enhancing Energy Efficiency of Edge Computing Systems > At the Bottom Device Layer > Computation offloading to edge servers or cloud,A review on the applications of nuclear magnetic resonance (NMR) in the oil and gas industry: laboratory and field-scale measurements > Petrophysics > Pore size distribution,367,792
Collaborated devices control and resource management,Design and improvements in LWD-NMR,Nível 4,Nível 3,0.51,root > Enhancing Energy Efficiency of Edge Computing Systems > At the Bottom Device Layer > Collaborated devices control and resource management,A review on the applications of nuclear magnetic resonance (NMR) in the oil and gas industry: laboratory and field-scale measurements > NMR applications in field scale > Design and improvements in LWD-NMR,487,1620
Deep Learning Optimization at the Edge,Tar detection in carbonates,Nível 2,Nível 4,0.51,root > Deep Learning Optimization at the Edge,A review on the applications of nuclear magnetic resonance (NMR) in the oil and gas industry: laboratory and field-scale measurements > NMR applications in field scale > Field implementation and applications > Tar detection in carbonates,137,491
Key Design Issues,Future research directions,Nível 2,Nível 2,0.51,root > Key Design Issues,A review on the applications of nuclear magnetic resonance (NMR) in the oil and gas industry: laboratory and field-scale measurements > Future research directions,60,439
Multi-domain Management and Cooperation,Introduction,Nível 4,Nível 2,0.51,root > Key Design Issues > Mobility Support > Multi-domain Management and Cooperation,A review on the applications of nuclear magnetic resonance (NMR) in the oil and gas industry: laboratory and field-scale measurements > Introduction,127,1614
Limitation,Design and improvements in LWD-NMR,Nível 3,Nível 3,0.51,Open Source Edge Computing Projects > Comparative Study > Limitation,A review on the applications of nuclear magnetic resonance (NMR) in the oil and gas industry: laboratory and field-scale measurements > NMR applications in field scale > Design and improvements in LWD-NMR,117,1620
Scenarios,References,Nível 3,Nível 2,0.51,Open Source Edge Computing Projects > Comparative Study > Scenarios,A review on the applications of nuclear magnetic resonance (NMR) in the oil and gas industry: laboratory and field-scale measurements > References,471,8779
Limitation,Design and improvements in LWD-NMR,Nível 2,Nível 3,0.51,Comparative Study > Limitation,A review on the applications of nuclear magnetic resonance (NMR) in the oil and gas industry: laboratory and field-scale measurements > NMR applications in field scale > Design and improvements in LWD-NMR,117,1620
Scenarios,References,Nível 2,Nível 2,0.51,Comparative Study > Scenarios,A review on the applications of nuclear magnetic resonance (NMR) in the oil and gas industry: laboratory and field-scale measurements > References,471,8779
Limitation,Design and improvements in LWD-NMR,Nível 1,Nível 3,0.51,Limitation,A review on the applications of nuclear magnetic resonance (NMR) in the oil and gas industry: laboratory and field-scale measurements > NMR applications in field scale > Design and improvements in LWD-NMR,117,1620
Scenarios,References,Nível 1,Nível 2,0.51,Scenarios,A review on the applications of nuclear magnetic resonance (NMR) in the oil and gas industry: laboratory and field-scale measurements > References,471,8779
Low-power system design and power management,Design and improvements in LWD-NMR,Nível 3,Nível 3,0.51,Enhancing Energy Efficiency of Edge Computing Systems > At the Middle Edge Server Layer > Low-power system design and power management,A review on the applications of nuclear magnetic resonance (NMR) in the oil and gas industry: laboratory and field-scale measurements > NMR applications in field scale > Design and improvements in LWD-NMR,289,1620
Low-power system design and power management,References,Nível 3,Nível 2,0.51,Enhancing Energy Efficiency of Edge Computing Systems > At the Middle Edge Server Layer > Low-power system design and power management,A review on the applications of nuclear magnetic resonance (NMR) in the oil and gas industry: laboratory and field-scale measurements > References,289,8779
At the Bottom Device Layer,Introduction,Nível 2,Nível 2,0.51,Enhancing Energy Efficiency of Edge Computing Systems > At the Bottom Device Layer,A review on the applications of nuclear magnetic resonance (NMR) in the oil and gas industry: laboratory and field-scale measurements > Introduction,85,1614
At the Bottom Device Layer,Design and improvements in LWD-NMR,Nível 2,Nível 3,0.51,Enhancing Energy Efficiency of Edge Computing Systems > At the Bottom Device Layer,A review on the applications of nuclear magnetic resonance (NMR) in the oil and gas industry: laboratory and field-scale measurements > NMR applications in field scale > Design and improvements in LWD-NMR,85,1620
Computation offloading to edge servers or cloud,Pore size distribution,Nível 3,Nível 3,0.51,Enhancing Energy Efficiency of Edge Computing Systems > At the Bottom Device Layer > Computation offloading to edge servers or cloud,A review on the applications of nuclear magnetic resonance (NMR) in the oil and gas industry: laboratory and field-scale measurements > Petrophysics > Pore size distribution,367,792
Collaborated devices control and resource management,Design and improvements in LWD-NMR,Nível 3,Nível 3,0.51,Enhancing Energy Efficiency of Edge Computing Systems > At the Bottom Device Layer > Collaborated devices control and resource management,A review on the applications of nuclear magnetic resonance (NMR) in the oil and gas industry: laboratory and field-scale measurements > NMR applications in field scale > Design and improvements in LWD-NMR,487,1620
Low-power system design and power management,Design and improvements in LWD-NMR,Nível 2,Nível 3,0.51,At the Middle Edge Server Layer > Low-power system design and power management,A review on the applications of nuclear magnetic resonance (NMR) in the oil and gas industry: laboratory and field-scale measurements > NMR applications in field scale > Design and improvements in LWD-NMR,289,1620
Low-power system design and power management,References,Nível 2,Nível 2,0.51,At the Middle Edge Server Layer > Low-power system design and power management,A review on the applications of nuclear magnetic resonance (NMR) in the oil and gas industry: laboratory and field-scale measurements > References,289,8779
Low-power system design and power management,Design and improvements in LWD-NMR,Nível 1,Nível 3,0.51,Low-power system design and power management,A review on the applications of nuclear magnetic resonance (NMR) in the oil and gas industry: laboratory and field-scale measurements > NMR applications in field scale > Design and improvements in LWD-NMR,289,1620
Low-power system design and power management,References,Nível 1,Nível 2,0.51,Low-power system design and power management,A review on the applications of nuclear magnetic resonance (NMR) in the oil and gas industry: laboratory and field-scale measurements > References,289,8779
At the Bottom Device Layer,Introduction,Nível 1,Nível 2,0.51,At the Bottom Device Layer,A review on the applications of nuclear magnetic resonance (NMR) in the oil and gas industry: laboratory and field-scale measurements > Introduction,85,1614
At the Bottom Device Layer,Design and improvements in LWD-NMR,Nível 1,Nível 3,0.51,At the Bottom Device Layer,A review on the applications of nuclear magnetic resonance (NMR) in the oil and gas industry: laboratory and field-scale measurements > NMR applications in field scale > Design and improvements in LWD-NMR,85,1620
Computation offloading to edge servers or cloud,Pore size distribution,Nível 2,Nível 3,0.51,At the Bottom Device Layer > Computation offloading to edge servers or cloud,A review on the applications of nuclear magnetic resonance (NMR) in the oil and gas industry: laboratory and field-scale measurements > Petrophysics > Pore size distribution,367,792
Collaborated devices control and resource management,Design and improvements in LWD-NMR,Nível 2,Nível 3,0.51,At the Bottom Device Layer > Collaborated devices control and resource management,A review on the applications of nuclear magnetic resonance (NMR) in the oil and gas industry: laboratory and field-scale measurements > NMR applications in field scale > Design and improvements in LWD-NMR,487,1620
Computation offloading to edge servers or cloud,Pore size distribution,Nível 1,Nível 3,0.51,Computation offloading to edge servers or cloud,A review on the applications of nuclear magnetic resonance (NMR) in the oil and gas industry: laboratory and field-scale measurements > Petrophysics > Pore size distribution,367,792
Collaborated devices control and resource management,Design and improvements in LWD-NMR,Nível 1,Nível 3,0.51,Collaborated devices control and resource management,A review on the applications of nuclear magnetic resonance (NMR) in the oil and gas industry: laboratory and field-scale measurements > NMR applications in field scale > Design and improvements in LWD-NMR,487,1620
Deep Learning Optimization at the Edge,Tar detection in carbonates,Nível 1,Nível 4,0.51,Deep Learning Optimization at the Edge,A review on the applications of nuclear magnetic resonance (NMR) in the oil and gas industry: laboratory and field-scale measurements > NMR applications in field scale > Field implementation and applications > Tar detection in carbonates,137,491
Key Design Issues,Future research directions,Nível 1,Nível 2,0.51,Key Design Issues,A review on the applications of nuclear magnetic resonance (NMR) in the oil and gas industry: laboratory and field-scale measurements > Future research directions,60,439
Multi-domain Management and Cooperation,Introduction,Nível 3,Nível 2,0.51,Key Design Issues > Mobility Support > Multi-domain Management and Cooperation,A review on the applications of nuclear magnetic resonance (NMR) in the oil and gas industry: laboratory and field-scale measurements > Introduction,127,1614
Multi-domain Management and Cooperation,Introduction,Nível 2,Nível 2,0.51,Mobility Support > Multi-domain Management and Cooperation,A review on the applications of nuclear magnetic resonance (NMR) in the oil and gas industry: laboratory and field-scale measurements > Introduction,127,1614
Multi-domain Management and Cooperation,Introduction,Nível 1,Nível 2,0.51,Multi-domain Management and Cooperation,A review on the applications of nuclear magnetic resonance (NMR) in the oil and gas industry: laboratory and field-scale measurements > Introduction,127,1614
Edge Computing Systems and Tools,Design and improvements in LWD-NMR,Nível 2,Nível 3,0.5093,root > Edge Computing Systems and Tools,A review on the applications of nuclear magnetic resonance (NMR) in the oil and gas industry: laboratory and field-scale measurements > NMR applications in field scale > Design and improvements in LWD-NMR,34,1620
SpanEdge,Permeability,Nível 3,Nível 3,0.5093,root > Edge Computing Systems and Tools > SpanEdge,A review on the applications of nuclear magnetic resonance (NMR) in the oil and gas industry: laboratory and field-scale measurements > Petrophysics > Permeability,490,552
CORD,Wettability,Nível 3,Nível 3,0.5093,root > Open Source Edge Computing Projects > CORD,A review on the applications of nuclear magnetic resonance (NMR) in the oil and gas industry: laboratory and field-scale measurements > Petrophysics > Wettability,590,416
Comparative Study,NMR applications in field scale,Nível 3,Nível 2,0.5093,root > Open Source Edge Computing Projects > Comparative Study,A review on the applications of nuclear magnetic resonance (NMR) in the oil and gas industry: laboratory and field-scale measurements > NMR applications in field scale,348,464
Edge Computing Systems and Tools,Design and improvements in LWD-NMR,Nível 1,Nível 3,0.5093,Edge Computing Systems and Tools,A review on the applications of nuclear magnetic resonance (NMR) in the oil and gas industry: laboratory and field-scale measurements > NMR applications in field scale > Design and improvements in LWD-NMR,34,1620
SpanEdge,Permeability,Nível 2,Nível 3,0.5093,Edge Computing Systems and Tools > SpanEdge,A review on the applications of nuclear magnetic resonance (NMR) in the oil and gas industry: laboratory and field-scale measurements > Petrophysics > Permeability,490,552
SpanEdge,Permeability,Nível 1,Nível 3,0.5093,SpanEdge,A review on the applications of nuclear magnetic resonance (NMR) in the oil and gas industry: laboratory and field-scale measurements > Petrophysics > Permeability,490,552
CORD,Wettability,Nível 2,Nível 3,0.5093,Open Source Edge Computing Projects > CORD,A review on the applications of nuclear magnetic resonance (NMR) in the oil and gas industry: laboratory and field-scale measurements > Petrophysics > Wettability,590,416
Comparative Study,NMR applications in field scale,Nível 2,Nível 2,0.5093,Open Source Edge Computing Projects > Comparative Study,A review on the applications of nuclear magnetic resonance (NMR) in the oil and gas industry: laboratory and field-scale measurements > NMR applications in field scale,348,464
CORD,Wettability,Nível 1,Nível 3,0.5093,CORD,A review on the applications of nuclear magnetic resonance (NMR) in the oil and gas industry: laboratory and field-scale measurements > Petrophysics > Wettability,590,416
Comparative Study,NMR applications in field scale,Nível 1,Nível 2,0.5093,Comparative Study,A review on the applications of nuclear magnetic resonance (NMR) in the oil and gas industry: laboratory and field-scale measurements > NMR applications in field scale,348,464
ParaDrop,References,Nível 3,Nível 2,0.509,root > Edge Computing Systems and Tools > ParaDrop,A review on the applications of nuclear magnetic resonance (NMR) in the oil and gas industry: laboratory and field-scale measurements > References,395,8779
FocusStack,Wettability,Nível 3,Nível 3,0.509,root > Edge Computing Systems and Tools > FocusStack,A review on the applications of nuclear magnetic resonance (NMR) in the oil and gas industry: laboratory and field-scale measurements > Petrophysics > Wettability,555,416
Deep Learning Optimization at the Edge,References,Nível 2,Nível 2,0.509,root > Deep Learning Optimization at the Edge,A review on the applications of nuclear magnetic resonance (NMR) in the oil and gas industry: laboratory and field-scale measurements > References,137,8779
ASIC,Diffusion measurements,Nível 4,Nível 2,0.509,root > Deep Learning Optimization at the Edge > Hardware System > ASIC,A review on the applications of nuclear magnetic resonance (NMR) in the oil and gas industry: laboratory and field-scale measurements > Diffusion measurements,205,726
ParaDrop,References,Nível 2,Nível 2,0.509,Edge Computing Systems and Tools > ParaDrop,A review on the applications of nuclear magnetic resonance (NMR) in the oil and gas industry: laboratory and field-scale measurements > References,395,8779
FocusStack,Wettability,Nível 2,Nível 3,0.509,Edge Computing Systems and Tools > FocusStack,A review on the applications of nuclear magnetic resonance (NMR) in the oil and gas industry: laboratory and field-scale measurements > Petrophysics > Wettability,555,416
ParaDrop,References,Nível 1,Nível 2,0.509,ParaDrop,A review on the applications of nuclear magnetic resonance (NMR) in the oil and gas industry: laboratory and field-scale measurements > References,395,8779
FocusStack,Wettability,Nível 1,Nível 3,0.509,FocusStack,A review on the applications of nuclear magnetic resonance (NMR) in the oil and gas industry: laboratory and field-scale measurements > Petrophysics > Wettability,555,416
Deep Learning Optimization at the Edge,References,Nível 1,Nível 2,0.509,Deep Learning Optimization at the Edge,A review on the applications of nuclear magnetic resonance (NMR) in the oil and gas industry: laboratory and field-scale measurements > References,137,8779
ASIC,Diffusion measurements,Nível 3,Nível 2,0.509,Deep Learning Optimization at the Edge > Hardware System > ASIC,A review on the applications of nuclear magnetic resonance (NMR) in the oil and gas industry: laboratory and field-scale measurements > Diffusion measurements,205,726
ASIC,Diffusion measurements,Nível 2,Nível 2,0.509,Hardware System > ASIC,A review on the applications of nuclear magnetic resonance (NMR) in the oil and gas industry: laboratory and field-scale measurements > Diffusion measurements,205,726
ASIC,Diffusion measurements,Nível 1,Nível 2,0.509,ASIC,A review on the applications of nuclear magnetic resonance (NMR) in the oil and gas industry: laboratory and field-scale measurements > Diffusion measurements,205,726
Introduction,Introduction,Nível 2,Nível 2,0.5083,root > Introduction,A review on the applications of nuclear magnetic resonance (NMR) in the oil and gas industry: laboratory and field-scale measurements > Introduction,1246,1614
Introduction,Pore size distribution,Nível 2,Nível 3,0.5083,root > Introduction,A review on the applications of nuclear magnetic resonance (NMR) in the oil and gas industry: laboratory and field-scale measurements > Petrophysics > Pore size distribution,1246,792
Akraino Edge Stack,Relaxation measurements,Nível 3,Nível 2,0.5083,root > Open Source Edge Computing Projects > Akraino Edge Stack,A review on the applications of nuclear magnetic resonance (NMR) in the oil and gas industry: laboratory and field-scale measurements > Relaxation measurements,352,699
Apache Edgent,Tar detection in carbonates,Nível 3,Nível 4,0.5083,root > Open Source Edge Computing Projects > Apache Edgent,A review on the applications of nuclear magnetic resonance (NMR) in the oil and gas industry: laboratory and field-scale measurements > NMR applications in field scale > Field implementation and applications > Tar detection in carbonates,355,491
Low-power system design and power management,Two-dimensional NMR measurements,Nível 4,Nível 2,0.5083,root > Enhancing Energy Efficiency of Edge Computing Systems > At the Middle Edge Server Layer > Low-power system design and power management,A review on the applications of nuclear magnetic resonance (NMR) in the oil and gas industry: laboratory and field-scale measurements > Two-dimensional NMR measurements,289,780
At the Bottom Device Layer,Wettability,Nível 3,Nível 3,0.5083,root > Enhancing Energy Efficiency of Edge Computing Systems > At the Bottom Device Layer,A review on the applications of nuclear magnetic resonance (NMR) in the oil and gas industry: laboratory and field-scale measurements > Petrophysics > Wettability,85,416
Compatibility,Wettability,Nível 4,Nível 3,0.5083,root > Key Design Issues > Mobility Support > Compatibility,A review on the applications of nuclear magnetic resonance (NMR) in the oil and gas industry: laboratory and field-scale measurements > Petrophysics > Wettability,107,416
Introduction,Introduction,Nível 1,Nível 2,0.5083,Introduction,A review on the applications of nuclear magnetic resonance (NMR) in the oil and gas industry: laboratory and field-scale measurements > Introduction,1246,1614
Introduction,Pore size distribution,Nível 1,Nível 3,0.5083,Introduction,A review on the applications of nuclear magnetic resonance (NMR) in the oil and gas industry: laboratory and field-scale measurements > Petrophysics > Pore size distribution,1246,792
Akraino Edge Stack,Relaxation measurements,Nível 2,Nível 2,0.5083,Open Source Edge Computing Projects > Akraino Edge Stack,A review on the applications of nuclear magnetic resonance (NMR) in the oil and gas industry: laboratory and field-scale measurements > Relaxation measurements,352,699
Apache Edgent,Tar detection in carbonates,Nível 2,Nível 4,0.5083,Open Source Edge Computing Projects > Apache Edgent,A review on the applications of nuclear magnetic resonance (NMR) in the oil and gas industry: laboratory and field-scale measurements > NMR applications in field scale > Field implementation and applications > Tar detection in carbonates,355,491
Akraino Edge Stack,Relaxation measurements,Nível 1,Nível 2,0.5083,Akraino Edge Stack,A review on the applications of nuclear magnetic resonance (NMR) in the oil and gas industry: laboratory and field-scale measurements > Relaxation measurements,352,699
Apache Edgent,Tar detection in carbonates,Nível 1,Nível 4,0.5083,Apache Edgent,A review on the applications of nuclear magnetic resonance (NMR) in the oil and gas industry: laboratory and field-scale measurements > NMR applications in field scale > Field implementation and applications > Tar detection in carbonates,355,491
Low-power system design and power management,Two-dimensional NMR measurements,Nível 3,Nível 2,0.5083,Enhancing Energy Efficiency of Edge Computing Systems > At the Middle Edge Server Layer > Low-power system design and power management,A review on the applications of nuclear magnetic resonance (NMR) in the oil and gas industry: laboratory and field-scale measurements > Two-dimensional NMR measurements,289,780
At the Bottom Device Layer,Wettability,Nível 2,Nível 3,0.5083,Enhancing Energy Efficiency of Edge Computing Systems > At the Bottom Device Layer,A review on the applications of nuclear magnetic resonance (NMR) in the oil and gas industry: laboratory and field-scale measurements > Petrophysics > Wettability,85,416
Low-power system design and power management,Two-dimensional NMR measurements,Nível 2,Nível 2,0.5083,At the Middle Edge Server Layer > Low-power system design and power management,A review on the applications of nuclear magnetic resonance (NMR) in the oil and gas industry: laboratory and field-scale measurements > Two-dimensional NMR measurements,289,780
Low-power system design and power management,Two-dimensional NMR measurements,Nível 1,Nível 2,0.5083,Low-power system design and power management,A review on the applications of nuclear magnetic resonance (NMR) in the oil and gas industry: laboratory and field-scale measurements > Two-dimensional NMR measurements,289,780
At the Bottom Device Layer,Wettability,Nível 1,Nível 3,0.5083,At the Bottom Device Layer,A review on the applications of nuclear magnetic resonance (NMR) in the oil and gas industry: laboratory and field-scale measurements > Petrophysics > Wettability,85,416
Compatibility,Wettability,Nível 3,Nível 3,0.5083,Key Design Issues > Mobility Support > Compatibility,A review on the applications of nuclear magnetic resonance (NMR) in the oil and gas industry: laboratory and field-scale measurements > Petrophysics > Wettability,107,416
Compatibility,Wettability,Nível 2,Nível 3,0.5083,Mobility Support > Compatibility,A review on the applications of nuclear magnetic resonance (NMR) in the oil and gas industry: laboratory and field-scale measurements > Petrophysics > Wettability,107,416
Compatibility,Wettability,Nível 1,Nível 3,0.5083,Compatibility,A review on the applications of nuclear magnetic resonance (NMR) in the oil and gas industry: laboratory and field-scale measurements > Petrophysics > Wettability,107,416
Close to Users,Future research directions,Nível 4,Nível 2,0.508,root > Edge Computing Systems and Tools > Cloudlet > Close to Users,A review on the applications of nuclear magnetic resonance (NMR) in the oil and gas industry: laboratory and field-scale measurements > Future research directions,252,439
SpanEdge,NMR applications in laboratory scale,Nível 3,Nível 2,0.508,root > Edge Computing Systems and Tools > SpanEdge,A review on the applications of nuclear magnetic resonance (NMR) in the oil and gas industry: laboratory and field-scale measurements > NMR applications in laboratory scale,490,664
FocusStack,NMR applications in laboratory scale,Nível 3,Nível 2,0.508,root > Edge Computing Systems and Tools > FocusStack,A review on the applications of nuclear magnetic resonance (NMR) in the oil and gas industry: laboratory and field-scale measurements > NMR applications in laboratory scale,555,664
FocusStack,Capillary pressure,Nível 3,Nível 3,0.508,root > Edge Computing Systems and Tools > FocusStack,A review on the applications of nuclear magnetic resonance (NMR) in the oil and gas industry: laboratory and field-scale measurements > Petrophysics > Capillary pressure,555,429
Deep Learning Packages,Unconventional rock characterization using different NMR techniques,Nível 3,Nível 3,0.508,root > Deep Learning Optimization at the Edge > Deep Learning Packages,A review on the applications of nuclear magnetic resonance (NMR) in the oil and gas industry: laboratory and field-scale measurements > Special topics > Unconventional rock characterization using different NMR techniques,1025,1950
Deep Learning Packages,Declaration,Nível 3,Nível 2,0.508,root > Deep Learning Optimization at the Edge > Deep Learning Packages,A review on the applications of nuclear magnetic resonance (NMR) in the oil and gas industry: laboratory and field-scale measurements > Declaration,1025,147
ASIC,References,Nível 4,Nível 2,0.508,root > Deep Learning Optimization at the Edge > Hardware System > ASIC,A review on the applications of nuclear magnetic resonance (NMR) in the oil and gas industry: laboratory and field-scale measurements > References,205,8779
Multi-domain Management and Cooperation,Permeability,Nível 4,Nível 3,0.508,root > Key Design Issues > Mobility Support > Multi-domain Management and Cooperation,A review on the applications of nuclear magnetic resonance (NMR) in the oil and gas industry: laboratory and field-scale measurements > Petrophysics > Permeability,127,552
Close to Users,Future research directions,Nível 3,Nível 2,0.508,Edge Computing Systems and Tools > Cloudlet > Close to Users,A review on the applications of nuclear magnetic resonance (NMR) in the oil and gas industry: laboratory and field-scale measurements > Future research directions,252,439
SpanEdge,NMR applications in laboratory scale,Nível 2,Nível 2,0.508,Edge Computing Systems and Tools > SpanEdge,A review on the applications of nuclear magnetic resonance (NMR) in the oil and gas industry: laboratory and field-scale measurements > NMR applications in laboratory scale,490,664
FocusStack,NMR applications in laboratory scale,Nível 2,Nível 2,0.508,Edge Computing Systems and Tools > FocusStack,A review on the applications of nuclear magnetic resonance (NMR) in the oil and gas industry: laboratory and field-scale measurements > NMR applications in laboratory scale,555,664
FocusStack,Capillary pressure,Nível 2,Nível 3,0.508,Edge Computing Systems and Tools > FocusStack,A review on the applications of nuclear magnetic resonance (NMR) in the oil and gas industry: laboratory and field-scale measurements > Petrophysics > Capillary pressure,555,429
Close to Users,Future research directions,Nível 2,Nível 2,0.508,Cloudlet > Close to Users,A review on the applications of nuclear magnetic resonance (NMR) in the oil and gas industry: laboratory and field-scale measurements > Future research directions,252,439
Close to Users,Future research directions,Nível 1,Nível 2,0.508,Close to Users,A review on the applications of nuclear magnetic resonance (NMR) in the oil and gas industry: laboratory and field-scale measurements > Future research directions,252,439
SpanEdge,NMR applications in laboratory scale,Nível 1,Nível 2,0.508,SpanEdge,A review on the applications of nuclear magnetic resonance (NMR) in the oil and gas industry: laboratory and field-scale measurements > NMR applications in laboratory scale,490,664
FocusStack,NMR applications in laboratory scale,Nível 1,Nível 2,0.508,FocusStack,A review on the applications of nuclear magnetic resonance (NMR) in the oil and gas industry: laboratory and field-scale measurements > NMR applications in laboratory scale,555,664
FocusStack,Capillary pressure,Nível 1,Nível 3,0.508,FocusStack,A review on the applications of nuclear magnetic resonance (NMR) in the oil and gas industry: laboratory and field-scale measurements > Petrophysics > Capillary pressure,555,429
Deep Learning Packages,Unconventional rock characterization using different NMR techniques,Nível 2,Nível 3,0.508,Deep Learning Optimization at the Edge > Deep Learning Packages,A review on the applications of nuclear magnetic resonance (NMR) in the oil and gas industry: laboratory and field-scale measurements > Special topics > Unconventional rock characterization using different NMR techniques,1025,1950
Deep Learning Packages,Declaration,Nível 2,Nível 2,0.508,Deep Learning Optimization at the Edge > Deep Learning Packages,A review on the applications of nuclear magnetic resonance (NMR) in the oil and gas industry: laboratory and field-scale measurements > Declaration,1025,147
ASIC,References,Nível 3,Nível 2,0.508,Deep Learning Optimization at the Edge > Hardware System > ASIC,A review on the applications of nuclear magnetic resonance (NMR) in the oil and gas industry: laboratory and field-scale measurements > References,205,8779
Deep Learning Packages,Unconventional rock characterization using different NMR techniques,Nível 1,Nível 3,0.508,Deep Learning Packages,A review on the applications of nuclear magnetic resonance (NMR) in the oil and gas industry: laboratory and field-scale measurements > Special topics > Unconventional rock characterization using different NMR techniques,1025,1950
Deep Learning Packages,Declaration,Nível 1,Nível 2,0.508,Deep Learning Packages,A review on the applications of nuclear magnetic resonance (NMR) in the oil and gas industry: laboratory and field-scale measurements > Declaration,1025,147
ASIC,References,Nível 2,Nível 2,0.508,Hardware System > ASIC,A review on the applications of nuclear magnetic resonance (NMR) in the oil and gas industry: laboratory and field-scale measurements > References,205,8779
ASIC,References,Nível 1,Nível 2,0.508,ASIC,A review on the applications of nuclear magnetic resonance (NMR) in the oil and gas industry: laboratory and field-scale measurements > References,205,8779
Multi-domain Management and Cooperation,Permeability,Nível 3,Nível 3,0.508,Key Design Issues > Mobility Support > Multi-domain Management and Cooperation,A review on the applications of nuclear magnetic resonance (NMR) in the oil and gas industry: laboratory and field-scale measurements > Petrophysics > Permeability,127,552
Multi-domain Management and Cooperation,Permeability,Nível 2,Nível 3,0.508,Mobility Support > Multi-domain Management and Cooperation,A review on the applications of nuclear magnetic resonance (NMR) in the oil and gas industry: laboratory and field-scale measurements > Petrophysics > Permeability,127,552
Multi-domain Management and Cooperation,Permeability,Nível 1,Nível 3,0.508,Multi-domain Management and Cooperation,A review on the applications of nuclear magnetic resonance (NMR) in the oil and gas industry: laboratory and field-scale measurements > Petrophysics > Permeability,127,552
Firework,Two-dimensional NMR measurements,Nível 3,Nível 2,0.5073,root > Edge Computing Systems and Tools > Firework,A review on the applications of nuclear magnetic resonance (NMR) in the oil and gas industry: laboratory and field-scale measurements > Two-dimensional NMR measurements,979,780
Comparative Study,Emulsion droplet size determination using PFG NMR,Nível 3,Nível 3,0.5073,root > Open Source Edge Computing Projects > Comparative Study,A review on the applications of nuclear magnetic resonance (NMR) in the oil and gas industry: laboratory and field-scale measurements > Special topics > Emulsion droplet size determination using PFG NMR,348,624
At the Middle Edge Server Layer,Evaluation of mud filtrate invasion characteristic,Nível 3,Nível 3,0.5073,root > Enhancing Energy Efficiency of Edge Computing Systems > At the Middle Edge Server Layer,A review on the applications of nuclear magnetic resonance (NMR) in the oil and gas industry: laboratory and field-scale measurements > Special topics > Evaluation of mud filtrate invasion characteristic,90,1118
Computation offloading to edge servers or cloud,Two-dimensional NMR measurements,Nível 4,Nível 2,0.5073,root > Enhancing Energy Efficiency of Edge Computing Systems > At the Bottom Device Layer > Computation offloading to edge servers or cloud,A review on the applications of nuclear magnetic resonance (NMR) in the oil and gas industry: laboratory and field-scale measurements > Two-dimensional NMR measurements,367,780
Systems and Toolkits,References,Nível 3,Nível 2,0.5073,root > Deep Learning Optimization at the Edge > Systems and Toolkits,A review on the applications of nuclear magnetic resonance (NMR) in the oil and gas industry: laboratory and field-scale measurements > References,550,8779
Hardware System,Two-dimensional NMR measurements,Nível 3,Nível 2,0.5073,root > Deep Learning Optimization at the Edge > Hardware System,A review on the applications of nuclear magnetic resonance (NMR) in the oil and gas industry: laboratory and field-scale measurements > Two-dimensional NMR measurements,31,780
ASIC,Permeability,Nível 4,Nível 3,0.5073,root > Deep Learning Optimization at the Edge > Hardware System > ASIC,A review on the applications of nuclear magnetic resonance (NMR) in the oil and gas industry: laboratory and field-scale measurements > Petrophysics > Permeability,205,552
Multi-domain Management and Cooperation,Two-dimensional NMR measurements,Nível 4,Nível 2,0.5073,root > Key Design Issues > Mobility Support > Multi-domain Management and Cooperation,A review on the applications of nuclear magnetic resonance (NMR) in the oil and gas industry: laboratory and field-scale measurements > Two-dimensional NMR measurements,127,780
Firework,Two-dimensional NMR measurements,Nível 2,Nível 2,0.5073,Edge Computing Systems and Tools > Firework,A review on the applications of nuclear magnetic resonance (NMR) in the oil and gas industry: laboratory and field-scale measurements > Two-dimensional NMR measurements,979,780
Firework,Two-dimensional NMR measurements,Nível 1,Nível 2,0.5073,Firework,A review on the applications of nuclear magnetic resonance (NMR) in the oil and gas industry: laboratory and field-scale measurements > Two-dimensional NMR measurements,979,780
Comparative Study,Emulsion droplet size determination using PFG NMR,Nível 2,Nível 3,0.5073,Open Source Edge Computing Projects > Comparative Study,A review on the applications of nuclear magnetic resonance (NMR) in the oil and gas industry: laboratory and field-scale measurements > Special topics > Emulsion droplet size determination using PFG NMR,348,624
Comparative Study,Emulsion droplet size determination using PFG NMR,Nível 1,Nível 3,0.5073,Comparative Study,A review on the applications of nuclear magnetic resonance (NMR) in the oil and gas industry: laboratory and field-scale measurements > Special topics > Emulsion droplet size determination using PFG NMR,348,624
At the Middle Edge Server Layer,Evaluation of mud filtrate invasion characteristic,Nível 2,Nível 3,0.5073,Enhancing Energy Efficiency of Edge Computing Systems > At the Middle Edge Server Layer,A review on the applications of nuclear magnetic resonance (NMR) in the oil and gas industry: laboratory and field-scale measurements > Special topics > Evaluation of mud filtrate invasion characteristic,90,1118
Computation offloading to edge servers or cloud,Two-dimensional NMR measurements,Nível 3,Nível 2,0.5073,Enhancing Energy Efficiency of Edge Computing Systems > At the Bottom Device Layer > Computation offloading to edge servers or cloud,A review on the applications of nuclear magnetic resonance (NMR) in the oil and gas industry: laboratory and field-scale measurements > Two-dimensional NMR measurements,367,780
At the Middle Edge Server Layer,Evaluation of mud filtrate invasion characteristic,Nível 1,Nível 3,0.5073,At the Middle Edge Server Layer,A review on the applications of nuclear magnetic resonance (NMR) in the oil and gas industry: laboratory and field-scale measurements > Special topics > Evaluation of mud filtrate invasion characteristic,90,1118
Computation offloading to edge servers or cloud,Two-dimensional NMR measurements,Nível 2,Nível 2,0.5073,At the Bottom Device Layer > Computation offloading to edge servers or cloud,A review on the applications of nuclear magnetic resonance (NMR) in the oil and gas industry: laboratory and field-scale measurements > Two-dimensional NMR measurements,367,780
Computation offloading to edge servers or cloud,Two-dimensional NMR measurements,Nível 1,Nível 2,0.5073,Computation offloading to edge servers or cloud,A review on the applications of nuclear magnetic resonance (NMR) in the oil and gas industry: laboratory and field-scale measurements > Two-dimensional NMR measurements,367,780
Systems and Toolkits,References,Nível 2,Nível 2,0.5073,Deep Learning Optimization at the Edge > Systems and Toolkits,A review on the applications of nuclear magnetic resonance (NMR) in the oil and gas industry: laboratory and field-scale measurements > References,550,8779
Hardware System,Two-dimensional NMR measurements,Nível 2,Nível 2,0.5073,Deep Learning Optimization at the Edge > Hardware System,A review on the applications of nuclear magnetic resonance (NMR) in the oil and gas industry: laboratory and field-scale measurements > Two-dimensional NMR measurements,31,780
ASIC,Permeability,Nível 3,Nível 3,0.5073,Deep Learning Optimization at the Edge > Hardware System > ASIC,A review on the applications of nuclear magnetic resonance (NMR) in the oil and gas industry: laboratory and field-scale measurements > Petrophysics > Permeability,205,552
Systems and Toolkits,References,Nível 1,Nível 2,0.5073,Systems and Toolkits,A review on the applications of nuclear magnetic resonance (NMR) in the oil and gas industry: laboratory and field-scale measurements > References,550,8779
Hardware System,Two-dimensional NMR measurements,Nível 1,Nível 2,0.5073,Hardware System,A review on the applications of nuclear magnetic resonance (NMR) in the oil and gas industry: laboratory and field-scale measurements > Two-dimensional NMR measurements,31,780
ASIC,Permeability,Nível 2,Nível 3,0.5073,Hardware System > ASIC,A review on the applications of nuclear magnetic resonance (NMR) in the oil and gas industry: laboratory and field-scale measurements > Petrophysics > Permeability,205,552
ASIC,Permeability,Nível 1,Nível 3,0.5073,ASIC,A review on the applications of nuclear magnetic resonance (NMR) in the oil and gas industry: laboratory and field-scale measurements > Petrophysics > Permeability,205,552
Multi-domain Management and Cooperation,Two-dimensional NMR measurements,Nível 3,Nível 2,0.5073,Key Design Issues > Mobility Support > Multi-domain Management and Cooperation,A review on the applications of nuclear magnetic resonance (NMR) in the oil and gas industry: laboratory and field-scale measurements > Two-dimensional NMR measurements,127,780
Multi-domain Management and Cooperation,Two-dimensional NMR measurements,Nível 2,Nível 2,0.5073,Mobility Support > Multi-domain Management and Cooperation,A review on the applications of nuclear magnetic resonance (NMR) in the oil and gas industry: laboratory and field-scale measurements > Two-dimensional NMR measurements,127,780
Multi-domain Management and Cooperation,Two-dimensional NMR measurements,Nível 1,Nível 2,0.5073,Multi-domain Management and Cooperation,A review on the applications of nuclear magnetic resonance (NMR) in the oil and gas industry: laboratory and field-scale measurements > Two-dimensional NMR measurements,127,780
FocusStack,Pore size distribution,Nível 3,Nível 3,0.507,root > Edge Computing Systems and Tools > FocusStack,A review on the applications of nuclear magnetic resonance (NMR) in the oil and gas industry: laboratory and field-scale measurements > Petrophysics > Pore size distribution,555,792
System Architecture,Tar detection in carbonates,Nível 3,Nível 4,0.507,root > ParaDrop > System Architecture,A review on the applications of nuclear magnetic resonance (NMR) in the oil and gas industry: laboratory and field-scale measurements > NMR applications in field scale > Field implementation and applications > Tar detection in carbonates,588,491
Akraino Edge Stack,Geosteering and well placement optimization,Nível 3,Nível 4,0.507,root > Open Source Edge Computing Projects > Akraino Edge Stack,A review on the applications of nuclear magnetic resonance (NMR) in the oil and gas industry: laboratory and field-scale measurements > NMR applications in field scale > Field implementation and applications > Geosteering and well placement optimization,352,816
Scalability,Future research directions,Nível 4,Nível 2,0.507,root > Open Source Edge Computing Projects > Comparative Study > Scalability,A review on the applications of nuclear magnetic resonance (NMR) in the oil and gas industry: laboratory and field-scale measurements > Future research directions,105,439
Scenarios,Future research directions,Nível 4,Nível 2,0.507,root > Open Source Edge Computing Projects > Comparative Study > Scenarios,A review on the applications of nuclear magnetic resonance (NMR) in the oil and gas industry: laboratory and field-scale measurements > Future research directions,471,439
At the Top Cloud Layer,Tar detection in carbonates,Nível 3,Nível 4,0.507,root > Enhancing Energy Efficiency of Edge Computing Systems > At the Top Cloud Layer,A review on the applications of nuclear magnetic resonance (NMR) in the oil and gas industry: laboratory and field-scale measurements > NMR applications in field scale > Field implementation and applications > Tar detection in carbonates,197,491
At the Middle Edge Server Layer,Concluding remarks,Nível 3,Nível 2,0.507,root > Enhancing Energy Efficiency of Edge Computing Systems > At the Middle Edge Server Layer,A review on the applications of nuclear magnetic resonance (NMR) in the oil and gas industry: laboratory and field-scale measurements > Concluding remarks,90,564
Cost Model,Permeability,Nível 4,Nível 3,0.507,root > Key Design Issues > Mobility Support > Cost Model,A review on the applications of nuclear magnetic resonance (NMR) in the oil and gas industry: laboratory and field-scale measurements > Petrophysics > Permeability,105,552
FocusStack,Pore size distribution,Nível 2,Nível 3,0.507,Edge Computing Systems and Tools > FocusStack,A review on the applications of nuclear magnetic resonance (NMR) in the oil and gas industry: laboratory and field-scale measurements > Petrophysics > Pore size distribution,555,792
FocusStack,Pore size distribution,Nível 1,Nível 3,0.507,FocusStack,A review on the applications of nuclear magnetic resonance (NMR) in the oil and gas industry: laboratory and field-scale measurements > Petrophysics > Pore size distribution,555,792
System Architecture,Tar detection in carbonates,Nível 2,Nível 4,0.507,ParaDrop > System Architecture,A review on the applications of nuclear magnetic resonance (NMR) in the oil and gas industry: laboratory and field-scale measurements > NMR applications in field scale > Field implementation and applications > Tar detection in carbonates,588,491
System Architecture,Tar detection in carbonates,Nível 1,Nível 4,0.507,System Architecture,A review on the applications of nuclear magnetic resonance (NMR) in the oil and gas industry: laboratory and field-scale measurements > NMR applications in field scale > Field implementation and applications > Tar detection in carbonates,588,491
Akraino Edge Stack,Geosteering and well placement optimization,Nível 2,Nível 4,0.507,Open Source Edge Computing Projects > Akraino Edge Stack,A review on the applications of nuclear magnetic resonance (NMR) in the oil and gas industry: laboratory and field-scale measurements > NMR applications in field scale > Field implementation and applications > Geosteering and well placement optimization,352,816
Scalability,Future research directions,Nível 3,Nível 2,0.507,Open Source Edge Computing Projects > Comparative Study > Scalability,A review on the applications of nuclear magnetic resonance (NMR) in the oil and gas industry: laboratory and field-scale measurements > Future research directions,105,439
Scenarios,Future research directions,Nível 3,Nível 2,0.507,Open Source Edge Computing Projects > Comparative Study > Scenarios,A review on the applications of nuclear magnetic resonance (NMR) in the oil and gas industry: laboratory and field-scale measurements > Future research directions,471,439
Akraino Edge Stack,Geosteering and well placement optimization,Nível 1,Nível 4,0.507,Akraino Edge Stack,A review on the applications of nuclear magnetic resonance (NMR) in the oil and gas industry: laboratory and field-scale measurements > NMR applications in field scale > Field implementation and applications > Geosteering and well placement optimization,352,816
Scalability,Future research directions,Nível 2,Nível 2,0.507,Comparative Study > Scalability,A review on the applications of nuclear magnetic resonance (NMR) in the oil and gas industry: laboratory and field-scale measurements > Future research directions,105,439
Scenarios,Future research directions,Nível 2,Nível 2,0.507,Comparative Study > Scenarios,A review on the applications of nuclear magnetic resonance (NMR) in the oil and gas industry: laboratory and field-scale measurements > Future research directions,471,439
Scalability,Future research directions,Nível 1,Nível 2,0.507,Scalability,A review on the applications of nuclear magnetic resonance (NMR) in the oil and gas industry: laboratory and field-scale measurements > Future research directions,105,439
Scenarios,Future research directions,Nível 1,Nível 2,0.507,Scenarios,A review on the applications of nuclear magnetic resonance (NMR) in the oil and gas industry: laboratory and field-scale measurements > Future research directions,471,439
At the Top Cloud Layer,Tar detection in carbonates,Nível 2,Nível 4,0.507,Enhancing Energy Efficiency of Edge Computing Systems > At the Top Cloud Layer,A review on the applications of nuclear magnetic resonance (NMR) in the oil and gas industry: laboratory and field-scale measurements > NMR applications in field scale > Field implementation and applications > Tar detection in carbonates,197,491
At the Middle Edge Server Layer,Concluding remarks,Nível 2,Nível 2,0.507,Enhancing Energy Efficiency of Edge Computing Systems > At the Middle Edge Server Layer,A review on the applications of nuclear magnetic resonance (NMR) in the oil and gas industry: laboratory and field-scale measurements > Concluding remarks,90,564
At the Top Cloud Layer,Tar detection in carbonates,Nível 1,Nível 4,0.507,At the Top Cloud Layer,A review on the applications of nuclear magnetic resonance (NMR) in the oil and gas industry: laboratory and field-scale measurements > NMR applications in field scale > Field implementation and applications > Tar detection in carbonates,197,491
At the Middle Edge Server Layer,Concluding remarks,Nível 1,Nível 2,0.507,At the Middle Edge Server Layer,A review on the applications of nuclear magnetic resonance (NMR) in the oil and gas industry: laboratory and field-scale measurements > Concluding remarks,90,564
Cost Model,Permeability,Nível 3,Nível 3,0.507,Key Design Issues > Mobility Support > Cost Model,A review on the applications of nuclear magnetic resonance (NMR) in the oil and gas industry: laboratory and field-scale measurements > Petrophysics > Permeability,105,552
Cost Model,Permeability,Nível 2,Nível 3,0.507,Mobility Support > Cost Model,A review on the applications of nuclear magnetic resonance (NMR) in the oil and gas industry: laboratory and field-scale measurements > Petrophysics > Permeability,105,552
Cost Model,Permeability,Nível 1,Nível 3,0.507,Cost Model,A review on the applications of nuclear magnetic resonance (NMR) in the oil and gas industry: laboratory and field-scale measurements > Petrophysics > Permeability,105,552
Akraino Edge Stack,NMR applications in laboratory scale,Nível 3,Nível 2,0.5063,root > Open Source Edge Computing Projects > Akraino Edge Stack,A review on the applications of nuclear magnetic resonance (NMR) in the oil and gas industry: laboratory and field-scale measurements > NMR applications in laboratory scale,352,664
Limitation,Declaration,Nível 4,Nível 2,0.5063,root > Open Source Edge Computing Projects > Comparative Study > Limitation,A review on the applications of nuclear magnetic resonance (NMR) in the oil and gas industry: laboratory and field-scale measurements > Declaration,117,147
Scenarios,A review on the applications of nuclear magnetic resonance (NMR) in the oil and gas industry: laboratory and field-scale measurements,Nível 4,Nível 1,0.5063,root > Open Source Edge Computing Projects > Comparative Study > Scenarios,A review on the applications of nuclear magnetic resonance (NMR) in the oil and gas industry: laboratory and field-scale measurements,471,51
Green-energy powered sustainable computing,References,Nível 4,Nível 2,0.5063,root > Enhancing Energy Efficiency of Edge Computing Systems > At the Middle Edge Server Layer > Green-energy powered sustainable computing,A review on the applications of nuclear magnetic resonance (NMR) in the oil and gas industry: laboratory and field-scale measurements > References,133,8779
Akraino Edge Stack,NMR applications in laboratory scale,Nível 2,Nível 2,0.5063,Open Source Edge Computing Projects > Akraino Edge Stack,A review on the applications of nuclear magnetic resonance (NMR) in the oil and gas industry: laboratory and field-scale measurements > NMR applications in laboratory scale,352,664
Limitation,Declaration,Nível 3,Nível 2,0.5063,Open Source Edge Computing Projects > Comparative Study > Limitation,A review on the applications of nuclear magnetic resonance (NMR) in the oil and gas industry: laboratory and field-scale measurements > Declaration,117,147
Scenarios,A review on the applications of nuclear magnetic resonance (NMR) in the oil and gas industry: laboratory and field-scale measurements,Nível 3,Nível 1,0.5063,Open Source Edge Computing Projects > Comparative Study > Scenarios,A review on the applications of nuclear magnetic resonance (NMR) in the oil and gas industry: laboratory and field-scale measurements,471,51
Akraino Edge Stack,NMR applications in laboratory scale,Nível 1,Nível 2,0.5063,Akraino Edge Stack,A review on the applications of nuclear magnetic resonance (NMR) in the oil and gas industry: laboratory and field-scale measurements > NMR applications in laboratory scale,352,664
Limitation,Declaration,Nível 2,Nível 2,0.5063,Comparative Study > Limitation,A review on the applications of nuclear magnetic resonance (NMR) in the oil and gas industry: laboratory and field-scale measurements > Declaration,117,147
Scenarios,A review on the applications of nuclear magnetic resonance (NMR) in the oil and gas industry: laboratory and field-scale measurements,Nível 2,Nível 1,0.5063,Comparative Study > Scenarios,A review on the applications of nuclear magnetic resonance (NMR) in the oil and gas industry: laboratory and field-scale measurements,471,51
Limitation,Declaration,Nível 1,Nível 2,0.5063,Limitation,A review on the applications of nuclear magnetic resonance (NMR) in the oil and gas industry: laboratory and field-scale measurements > Declaration,117,147
Scenarios,A review on the applications of nuclear magnetic resonance (NMR) in the oil and gas industry: laboratory and field-scale measurements,Nível 1,Nível 1,0.5063,Scenarios,A review on the applications of nuclear magnetic resonance (NMR) in the oil and gas industry: laboratory and field-scale measurements,471,51
Green-energy powered sustainable computing,References,Nível 3,Nível 2,0.5063,Enhancing Energy Efficiency of Edge Computing Systems > At the Middle Edge Server Layer > Green-energy powered sustainable computing,A review on the applications of nuclear magnetic resonance (NMR) in the oil and gas industry: laboratory and field-scale measurements > References,133,8779
Green-energy powered sustainable computing,References,Nível 2,Nível 2,0.5063,At the Middle Edge Server Layer > Green-energy powered sustainable computing,A review on the applications of nuclear magnetic resonance (NMR) in the oil and gas industry: laboratory and field-scale measurements > References,133,8779
Green-energy powered sustainable computing,References,Nível 1,Nível 2,0.5063,Green-energy powered sustainable computing,A review on the applications of nuclear magnetic resonance (NMR) in the oil and gas industry: laboratory and field-scale measurements > References,133,8779
Firework,NMR theory,Nível 3,Nível 2,0.506,root > Edge Computing Systems and Tools > Firework,A review on the applications of nuclear magnetic resonance (NMR) in the oil and gas industry: laboratory and field-scale measurements > NMR theory,979,370
Low-power system design and power management,Tar detection in carbonates,Nível 4,Nível 4,0.506,root > Enhancing Energy Efficiency of Edge Computing Systems > At the Middle Edge Server Layer > Low-power system design and power management,A review on the applications of nuclear magnetic resonance (NMR) in the oil and gas industry: laboratory and field-scale measurements > NMR applications in field scale > Field implementation and applications > Tar detection in carbonates,289,491
FPGA-based Hardware,Abstract,Nível 4,Nível 2,0.506,root > Deep Learning Optimization at the Edge > Hardware System > FPGA-based Hardware,A review on the applications of nuclear magnetic resonance (NMR) in the oil and gas industry: laboratory and field-scale measurements > Abstract,251,276
Privacy Protection,References,Nível 4,Nível 2,0.506,root > Key Design Issues > Mobility Support > Privacy Protection,A review on the applications of nuclear magnetic resonance (NMR) in the oil and gas industry: laboratory and field-scale measurements > References,111,8779
Compatibility,References,Nível 4,Nível 2,0.506,root > Key Design Issues > Mobility Support > Compatibility,A review on the applications of nuclear magnetic resonance (NMR) in the oil and gas industry: laboratory and field-scale measurements > References,107,8779
Firework,NMR theory,Nível 2,Nível 2,0.506,Edge Computing Systems and Tools > Firework,A review on the applications of nuclear magnetic resonance (NMR) in the oil and gas industry: laboratory and field-scale measurements > NMR theory,979,370
Firework,NMR theory,Nível 1,Nível 2,0.506,Firework,A review on the applications of nuclear magnetic resonance (NMR) in the oil and gas industry: laboratory and field-scale measurements > NMR theory,979,370
Low-power system design and power management,Tar detection in carbonates,Nível 3,Nível 4,0.506,Enhancing Energy Efficiency of Edge Computing Systems > At the Middle Edge Server Layer > Low-power system design and power management,A review on the applications of nuclear magnetic resonance (NMR) in the oil and gas industry: laboratory and field-scale measurements > NMR applications in field scale > Field implementation and applications > Tar detection in carbonates,289,491
Low-power system design and power management,Tar detection in carbonates,Nível 2,Nível 4,0.506,At the Middle Edge Server Layer > Low-power system design and power management,A review on the applications of nuclear magnetic resonance (NMR) in the oil and gas industry: laboratory and field-scale measurements > NMR applications in field scale > Field implementation and applications > Tar detection in carbonates,289,491
Low-power system design and power management,Tar detection in carbonates,Nível 1,Nível 4,0.506,Low-power system design and power management,A review on the applications of nuclear magnetic resonance (NMR) in the oil and gas industry: laboratory and field-scale measurements > NMR applications in field scale > Field implementation and applications > Tar detection in carbonates,289,491
FPGA-based Hardware,Abstract,Nível 3,Nível 2,0.506,Deep Learning Optimization at the Edge > Hardware System > FPGA-based Hardware,A review on the applications of nuclear magnetic resonance (NMR) in the oil and gas industry: laboratory and field-scale measurements > Abstract,251,276
FPGA-based Hardware,Abstract,Nível 2,Nível 2,0.506,Hardware System > FPGA-based Hardware,A review on the applications of nuclear magnetic resonance (NMR) in the oil and gas industry: laboratory and field-scale measurements > Abstract,251,276
FPGA-based Hardware,Abstract,Nível 1,Nível 2,0.506,FPGA-based Hardware,A review on the applications of nuclear magnetic resonance (NMR) in the oil and gas industry: laboratory and field-scale measurements > Abstract,251,276
Privacy Protection,References,Nível 3,Nível 2,0.506,Key Design Issues > Mobility Support > Privacy Protection,A review on the applications of nuclear magnetic resonance (NMR) in the oil and gas industry: laboratory and field-scale measurements > References,111,8779
Compatibility,References,Nível 3,Nível 2,0.506,Key Design Issues > Mobility Support > Compatibility,A review on the applications of nuclear magnetic resonance (NMR) in the oil and gas industry: laboratory and field-scale measurements > References,107,8779
Privacy Protection,References,Nível 2,Nível 2,0.506,Mobility Support > Privacy Protection,A review on the applications of nuclear magnetic resonance (NMR) in the oil and gas industry: laboratory and field-scale measurements > References,111,8779
Compatibility,References,Nível 2,Nível 2,0.506,Mobility Support > Compatibility,A review on the applications of nuclear magnetic resonance (NMR) in the oil and gas industry: laboratory and field-scale measurements > References,107,8779
Privacy Protection,References,Nível 1,Nível 2,0.506,Privacy Protection,A review on the applications of nuclear magnetic resonance (NMR) in the oil and gas industry: laboratory and field-scale measurements > References,111,8779
Compatibility,References,Nível 1,Nível 2,0.506,Compatibility,A review on the applications of nuclear magnetic resonance (NMR) in the oil and gas industry: laboratory and field-scale measurements > References,107,8779
ParaDrop,NMR applications in laboratory scale,Nível 3,Nível 2,0.5054,root > Edge Computing Systems and Tools > ParaDrop,A review on the applications of nuclear magnetic resonance (NMR) in the oil and gas industry: laboratory and field-scale measurements > NMR applications in laboratory scale,395,664
ParaDrop Developer Workflow,NMR applications in field scale,Nível 3,Nível 2,0.5054,root > ParaDrop > ParaDrop Developer Workflow,A review on the applications of nuclear magnetic resonance (NMR) in the oil and gas industry: laboratory and field-scale measurements > NMR applications in field scale,286,464
CORD,Enhanced oil recovery applications,Nível 3,Nível 2,0.5054,root > Open Source Edge Computing Projects > CORD,A review on the applications of nuclear magnetic resonance (NMR) in the oil and gas industry: laboratory and field-scale measurements > Enhanced oil recovery applications,590,1519
Enhancing Energy Efficiency of Edge Computing Systems,A review on the applications of nuclear magnetic resonance (NMR) in the oil and gas industry: laboratory and field-scale measurements,Nível 2,Nível 1,0.5054,root > Enhancing Energy Efficiency of Edge Computing Systems,A review on the applications of nuclear magnetic resonance (NMR) in the oil and gas industry: laboratory and field-scale measurements,84,51
Enhancing Energy Efficiency of Edge Computing Systems,NMR theory,Nível 2,Nível 2,0.5054,root > Enhancing Energy Efficiency of Edge Computing Systems,A review on the applications of nuclear magnetic resonance (NMR) in the oil and gas industry: laboratory and field-scale measurements > NMR theory,84,370
ParaDrop,NMR applications in laboratory scale,Nível 2,Nível 2,0.5054,Edge Computing Systems and Tools > ParaDrop,A review on the applications of nuclear magnetic resonance (NMR) in the oil and gas industry: laboratory and field-scale measurements > NMR applications in laboratory scale,395,664
ParaDrop,NMR applications in laboratory scale,Nível 1,Nível 2,0.5054,ParaDrop,A review on the applications of nuclear magnetic resonance (NMR) in the oil and gas industry: laboratory and field-scale measurements > NMR applications in laboratory scale,395,664
ParaDrop Developer Workflow,NMR applications in field scale,Nível 2,Nível 2,0.5054,ParaDrop > ParaDrop Developer Workflow,A review on the applications of nuclear magnetic resonance (NMR) in the oil and gas industry: laboratory and field-scale measurements > NMR applications in field scale,286,464
ParaDrop Developer Workflow,NMR applications in field scale,Nível 1,Nível 2,0.5054,ParaDrop Developer Workflow,A review on the applications of nuclear magnetic resonance (NMR) in the oil and gas industry: laboratory and field-scale measurements > NMR applications in field scale,286,464
CORD,Enhanced oil recovery applications,Nível 2,Nível 2,0.5054,Open Source Edge Computing Projects > CORD,A review on the applications of nuclear magnetic resonance (NMR) in the oil and gas industry: laboratory and field-scale measurements > Enhanced oil recovery applications,590,1519
CORD,Enhanced oil recovery applications,Nível 1,Nível 2,0.5054,CORD,A review on the applications of nuclear magnetic resonance (NMR) in the oil and gas industry: laboratory and field-scale measurements > Enhanced oil recovery applications,590,1519
Enhancing Energy Efficiency of Edge Computing Systems,A review on the applications of nuclear magnetic resonance (NMR) in the oil and gas industry: laboratory and field-scale measurements,Nível 1,Nível 1,0.5054,Enhancing Energy Efficiency of Edge Computing Systems,A review on the applications of nuclear magnetic resonance (NMR) in the oil and gas industry: laboratory and field-scale measurements,84,51
Enhancing Energy Efficiency of Edge Computing Systems,NMR theory,Nível 1,Nível 2,0.5054,Enhancing Energy Efficiency of Edge Computing Systems,A review on the applications of nuclear magnetic resonance (NMR) in the oil and gas industry: laboratory and field-scale measurements > NMR theory,84,370
Cachier and Precog,A review on the applications of nuclear magnetic resonance (NMR) in the oil and gas industry: laboratory and field-scale measurements,Nível 3,Nível 1,0.505,root > Edge Computing Systems and Tools > Cachier and Precog,A review on the applications of nuclear magnetic resonance (NMR) in the oil and gas industry: laboratory and field-scale measurements,649,51
Akraino Edge Stack,Tar detection in carbonates,Nível 3,Nível 4,0.505,root > Open Source Edge Computing Projects > Akraino Edge Stack,A review on the applications of nuclear magnetic resonance (NMR) in the oil and gas industry: laboratory and field-scale measurements > NMR applications in field scale > Field implementation and applications > Tar detection in carbonates,352,491
Akraino Edge Stack,Future research directions,Nível 3,Nível 2,0.505,root > Open Source Edge Computing Projects > Akraino Edge Stack,A review on the applications of nuclear magnetic resonance (NMR) in the oil and gas industry: laboratory and field-scale measurements > Future research directions,352,439
Target user,Declaration,Nível 4,Nível 2,0.505,root > Open Source Edge Computing Projects > Comparative Study > Target user,A review on the applications of nuclear magnetic resonance (NMR) in the oil and gas industry: laboratory and field-scale measurements > Declaration,62,147
At the Top Cloud Layer,Abstract,Nível 3,Nível 2,0.505,root > Enhancing Energy Efficiency of Edge Computing Systems > At the Top Cloud Layer,A review on the applications of nuclear magnetic resonance (NMR) in the oil and gas industry: laboratory and field-scale measurements > Abstract,197,276
ASIC,Pore size distribution,Nível 4,Nível 3,0.505,root > Deep Learning Optimization at the Edge > Hardware System > ASIC,A review on the applications of nuclear magnetic resonance (NMR) in the oil and gas industry: laboratory and field-scale measurements > Petrophysics > Pore size distribution,205,792
Cachier and Precog,A review on the applications of nuclear magnetic resonance (NMR) in the oil and gas industry: laboratory and field-scale measurements,Nível 2,Nível 1,0.505,Edge Computing Systems and Tools > Cachier and Precog,A review on the applications of nuclear magnetic resonance (NMR) in the oil and gas industry: laboratory and field-scale measurements,649,51
Cachier and Precog,A review on the applications of nuclear magnetic resonance (NMR) in the oil and gas industry: laboratory and field-scale measurements,Nível 1,Nível 1,0.505,Cachier and Precog,A review on the applications of nuclear magnetic resonance (NMR) in the oil and gas industry: laboratory and field-scale measurements,649,51
Akraino Edge Stack,Tar detection in carbonates,Nível 2,Nível 4,0.505,Open Source Edge Computing Projects > Akraino Edge Stack,A review on the applications of nuclear magnetic resonance (NMR) in the oil and gas industry: laboratory and field-scale measurements > NMR applications in field scale > Field implementation and applications > Tar detection in carbonates,352,491
Akraino Edge Stack,Future research directions,Nível 2,Nível 2,0.505,Open Source Edge Computing Projects > Akraino Edge Stack,A review on the applications of nuclear magnetic resonance (NMR) in the oil and gas industry: laboratory and field-scale measurements > Future research directions,352,439
Target user,Declaration,Nível 3,Nível 2,0.505,Open Source Edge Computing Projects > Comparative Study > Target user,A review on the applications of nuclear magnetic resonance (NMR) in the oil and gas industry: laboratory and field-scale measurements > Declaration,62,147
Akraino Edge Stack,Tar detection in carbonates,Nível 1,Nível 4,0.505,Akraino Edge Stack,A review on the applications of nuclear magnetic resonance (NMR) in the oil and gas industry: laboratory and field-scale measurements > NMR applications in field scale > Field implementation and applications > Tar detection in carbonates,352,491
Akraino Edge Stack,Future research directions,Nível 1,Nível 2,0.505,Akraino Edge Stack,A review on the applications of nuclear magnetic resonance (NMR) in the oil and gas industry: laboratory and field-scale measurements > Future research directions,352,439
Target user,Declaration,Nível 2,Nível 2,0.505,Comparative Study > Target user,A review on the applications of nuclear magnetic resonance (NMR) in the oil and gas industry: laboratory and field-scale measurements > Declaration,62,147
Target user,Declaration,Nível 1,Nível 2,0.505,Target user,A review on the applications of nuclear magnetic resonance (NMR) in the oil and gas industry: laboratory and field-scale measurements > Declaration,62,147
At the Top Cloud Layer,Abstract,Nível 2,Nível 2,0.505,Enhancing Energy Efficiency of Edge Computing Systems > At the Top Cloud Layer,A review on the applications of nuclear magnetic resonance (NMR) in the oil and gas industry: laboratory and field-scale measurements > Abstract,197,276
At the Top Cloud Layer,Abstract,Nível 1,Nível 2,0.505,At the Top Cloud Layer,A review on the applications of nuclear magnetic resonance (NMR) in the oil and gas industry: laboratory and field-scale measurements > Abstract,197,276
ASIC,Pore size distribution,Nível 3,Nível 3,0.505,Deep Learning Optimization at the Edge > Hardware System > ASIC,A review on the applications of nuclear magnetic resonance (NMR) in the oil and gas industry: laboratory and field-scale measurements > Petrophysics > Pore size distribution,205,792
ASIC,Pore size distribution,Nível 2,Nível 3,0.505,Hardware System > ASIC,A review on the applications of nuclear magnetic resonance (NMR) in the oil and gas industry: laboratory and field-scale measurements > Petrophysics > Pore size distribution,205,792
ASIC,Pore size distribution,Nível 1,Nível 3,0.505,ASIC,A review on the applications of nuclear magnetic resonance (NMR) in the oil and gas industry: laboratory and field-scale measurements > Petrophysics > Pore size distribution,205,792
Akraino Edge Stack,Two-dimensional NMR measurements,Nível 3,Nível 2,0.5044,root > Open Source Edge Computing Projects > Akraino Edge Stack,A review on the applications of nuclear magnetic resonance (NMR) in the oil and gas industry: laboratory and field-scale measurements > Two-dimensional NMR measurements,352,780
Target user,Design and improvements in LWD-NMR,Nível 4,Nível 3,0.5044,root > Open Source Edge Computing Projects > Comparative Study > Target user,A review on the applications of nuclear magnetic resonance (NMR) in the oil and gas industry: laboratory and field-scale measurements > NMR applications in field scale > Design and improvements in LWD-NMR,62,1620
Enhancing Energy Efficiency of Edge Computing Systems,Tar detection in carbonates,Nível 2,Nível 4,0.5044,root > Enhancing Energy Efficiency of Edge Computing Systems,A review on the applications of nuclear magnetic resonance (NMR) in the oil and gas industry: laboratory and field-scale measurements > NMR applications in field scale > Field implementation and applications > Tar detection in carbonates,84,491
At the Top Cloud Layer,Petrophysics,Nível 3,Nível 2,0.5044,root > Enhancing Energy Efficiency of Edge Computing Systems > At the Top Cloud Layer,A review on the applications of nuclear magnetic resonance (NMR) in the oil and gas industry: laboratory and field-scale measurements > Petrophysics,197,272
Systems and Toolkits,Enhanced oil recovery applications,Nível 3,Nível 2,0.5044,root > Deep Learning Optimization at the Edge > Systems and Toolkits,A review on the applications of nuclear magnetic resonance (NMR) in the oil and gas industry: laboratory and field-scale measurements > Enhanced oil recovery applications,550,1519
FPGA-based Hardware,NMR theory,Nível 4,Nível 2,0.5044,root > Deep Learning Optimization at the Edge > Hardware System > FPGA-based Hardware,A review on the applications of nuclear magnetic resonance (NMR) in the oil and gas industry: laboratory and field-scale measurements > NMR theory,251,370
Akraino Edge Stack,Two-dimensional NMR measurements,Nível 2,Nível 2,0.5044,Open Source Edge Computing Projects > Akraino Edge Stack,A review on the applications of nuclear magnetic resonance (NMR) in the oil and gas industry: laboratory and field-scale measurements > Two-dimensional NMR measurements,352,780
Target user,Design and improvements in LWD-NMR,Nível 3,Nível 3,0.5044,Open Source Edge Computing Projects > Comparative Study > Target user,A review on the applications of nuclear magnetic resonance (NMR) in the oil and gas industry: laboratory and field-scale measurements > NMR applications in field scale > Design and improvements in LWD-NMR,62,1620
Akraino Edge Stack,Two-dimensional NMR measurements,Nível 1,Nível 2,0.5044,Akraino Edge Stack,A review on the applications of nuclear magnetic resonance (NMR) in the oil and gas industry: laboratory and field-scale measurements > Two-dimensional NMR measurements,352,780
Target user,Design and improvements in LWD-NMR,Nível 2,Nível 3,0.5044,Comparative Study > Target user,A review on the applications of nuclear magnetic resonance (NMR) in the oil and gas industry: laboratory and field-scale measurements > NMR applications in field scale > Design and improvements in LWD-NMR,62,1620
Target user,Design and improvements in LWD-NMR,Nível 1,Nível 3,0.5044,Target user,A review on the applications of nuclear magnetic resonance (NMR) in the oil and gas industry: laboratory and field-scale measurements > NMR applications in field scale > Design and improvements in LWD-NMR,62,1620
Enhancing Energy Efficiency of Edge Computing Systems,Tar detection in carbonates,Nível 1,Nível 4,0.5044,Enhancing Energy Efficiency of Edge Computing Systems,A review on the applications of nuclear magnetic resonance (NMR) in the oil and gas industry: laboratory and field-scale measurements > NMR applications in field scale > Field implementation and applications > Tar detection in carbonates,84,491
At the Top Cloud Layer,Petrophysics,Nível 2,Nível 2,0.5044,Enhancing Energy Efficiency of Edge Computing Systems > At the Top Cloud Layer,A review on the applications of nuclear magnetic resonance (NMR) in the oil and gas industry: laboratory and field-scale measurements > Petrophysics,197,272
At the Top Cloud Layer,Petrophysics,Nível 1,Nível 2,0.5044,At the Top Cloud Layer,A review on the applications of nuclear magnetic resonance (NMR) in the oil and gas industry: laboratory and field-scale measurements > Petrophysics,197,272
Systems and Toolkits,Enhanced oil recovery applications,Nível 2,Nível 2,0.5044,Deep Learning Optimization at the Edge > Systems and Toolkits,A review on the applications of nuclear magnetic resonance (NMR) in the oil and gas industry: laboratory and field-scale measurements > Enhanced oil recovery applications,550,1519
FPGA-based Hardware,NMR theory,Nível 3,Nível 2,0.5044,Deep Learning Optimization at the Edge > Hardware System > FPGA-based Hardware,A review on the applications of nuclear magnetic resonance (NMR) in the oil and gas industry: laboratory and field-scale measurements > NMR theory,251,370
Systems and Toolkits,Enhanced oil recovery applications,Nível 1,Nível 2,0.5044,Systems and Toolkits,A review on the applications of nuclear magnetic resonance (NMR) in the oil and gas industry: laboratory and field-scale measurements > Enhanced oil recovery applications,550,1519
FPGA-based Hardware,NMR theory,Nível 2,Nível 2,0.5044,Hardware System > FPGA-based Hardware,A review on the applications of nuclear magnetic resonance (NMR) in the oil and gas industry: laboratory and field-scale measurements > NMR theory,251,370
FPGA-based Hardware,NMR theory,Nível 1,Nível 2,0.5044,FPGA-based Hardware,A review on the applications of nuclear magnetic resonance (NMR) in the oil and gas industry: laboratory and field-scale measurements > NMR theory,251,370
Introduction,References,Nível 2,Nível 2,0.504,root > Introduction,A review on the applications of nuclear magnetic resonance (NMR) in the oil and gas industry: laboratory and field-scale measurements > References,1246,8779
SpanEdge,Wettability,Nível 3,Nível 3,0.504,root > Edge Computing Systems and Tools > SpanEdge,A review on the applications of nuclear magnetic resonance (NMR) in the oil and gas industry: laboratory and field-scale measurements > Petrophysics > Wettability,490,416
Deployment,Design and improvements in LWD-NMR,Nível 4,Nível 3,0.504,root > Open Source Edge Computing Projects > Comparative Study > Deployment,A review on the applications of nuclear magnetic resonance (NMR) in the oil and gas industry: laboratory and field-scale measurements > NMR applications in field scale > Design and improvements in LWD-NMR,125,1620
Deep Learning Packages,NMR theory,Nível 3,Nível 2,0.504,root > Deep Learning Optimization at the Edge > Deep Learning Packages,A review on the applications of nuclear magnetic resonance (NMR) in the oil and gas industry: laboratory and field-scale measurements > NMR theory,1025,370
Introduction,References,Nível 1,Nível 2,0.504,Introduction,A review on the applications of nuclear magnetic resonance (NMR) in the oil and gas industry: laboratory and field-scale measurements > References,1246,8779
SpanEdge,Wettability,Nível 2,Nível 3,0.504,Edge Computing Systems and Tools > SpanEdge,A review on the applications of nuclear magnetic resonance (NMR) in the oil and gas industry: laboratory and field-scale measurements > Petrophysics > Wettability,490,416
SpanEdge,Wettability,Nível 1,Nível 3,0.504,SpanEdge,A review on the applications of nuclear magnetic resonance (NMR) in the oil and gas industry: laboratory and field-scale measurements > Petrophysics > Wettability,490,416
Deployment,Design and improvements in LWD-NMR,Nível 3,Nível 3,0.504,Open Source Edge Computing Projects > Comparative Study > Deployment,A review on the applications of nuclear magnetic resonance (NMR) in the oil and gas industry: laboratory and field-scale measurements > NMR applications in field scale > Design and improvements in LWD-NMR,125,1620
Deployment,Design and improvements in LWD-NMR,Nível 2,Nível 3,0.504,Comparative Study > Deployment,A review on the applications of nuclear magnetic resonance (NMR) in the oil and gas industry: laboratory and field-scale measurements > NMR applications in field scale > Design and improvements in LWD-NMR,125,1620
Deployment,Design and improvements in LWD-NMR,Nível 1,Nível 3,0.504,Deployment,A review on the applications of nuclear magnetic resonance (NMR) in the oil and gas industry: laboratory and field-scale measurements > NMR applications in field scale > Design and improvements in LWD-NMR,125,1620
Deep Learning Packages,NMR theory,Nível 2,Nível 2,0.504,Deep Learning Optimization at the Edge > Deep Learning Packages,A review on the applications of nuclear magnetic resonance (NMR) in the oil and gas industry: laboratory and field-scale measurements > NMR theory,1025,370
Deep Learning Packages,NMR theory,Nível 1,Nível 2,0.504,Deep Learning Packages,A review on the applications of nuclear magnetic resonance (NMR) in the oil and gas industry: laboratory and field-scale measurements > NMR theory,1025,370
CloudPath,Geosteering and well placement optimization,Nível 3,Nível 4,0.5034,root > Edge Computing Systems and Tools > CloudPath,A review on the applications of nuclear magnetic resonance (NMR) in the oil and gas industry: laboratory and field-scale measurements > NMR applications in field scale > Field implementation and applications > Geosteering and well placement optimization,475,816
AirBox,Introduction,Nível 3,Nível 2,0.5034,root > Edge Computing Systems and Tools > AirBox,A review on the applications of nuclear magnetic resonance (NMR) in the oil and gas industry: laboratory and field-scale measurements > Introduction,248,1614
CORD,NMR theory,Nível 3,Nível 2,0.5034,root > Open Source Edge Computing Projects > CORD,A review on the applications of nuclear magnetic resonance (NMR) in the oil and gas industry: laboratory and field-scale measurements > NMR theory,590,370
Collaborated devices control and resource management,Wettability,Nível 4,Nível 3,0.5034,root > Enhancing Energy Efficiency of Edge Computing Systems > At the Bottom Device Layer > Collaborated devices control and resource management,A review on the applications of nuclear magnetic resonance (NMR) in the oil and gas industry: laboratory and field-scale measurements > Petrophysics > Wettability,487,416
Deep Learning Packages,Concluding remarks,Nível 3,Nível 2,0.5034,root > Deep Learning Optimization at the Edge > Deep Learning Packages,A review on the applications of nuclear magnetic resonance (NMR) in the oil and gas industry: laboratory and field-scale measurements > Concluding remarks,1025,564
CloudPath,Geosteering and well placement optimization,Nível 2,Nível 4,0.5034,Edge Computing Systems and Tools > CloudPath,A review on the applications of nuclear magnetic resonance (NMR) in the oil and gas industry: laboratory and field-scale measurements > NMR applications in field scale > Field implementation and applications > Geosteering and well placement optimization,475,816
AirBox,Introduction,Nível 2,Nível 2,0.5034,Edge Computing Systems and Tools > AirBox,A review on the applications of nuclear magnetic resonance (NMR) in the oil and gas industry: laboratory and field-scale measurements > Introduction,248,1614
CloudPath,Geosteering and well placement optimization,Nível 1,Nível 4,0.5034,CloudPath,A review on the applications of nuclear magnetic resonance (NMR) in the oil and gas industry: laboratory and field-scale measurements > NMR applications in field scale > Field implementation and applications > Geosteering and well placement optimization,475,816
AirBox,Introduction,Nível 1,Nível 2,0.5034,AirBox,A review on the applications of nuclear magnetic resonance (NMR) in the oil and gas industry: laboratory and field-scale measurements > Introduction,248,1614
CORD,NMR theory,Nível 2,Nível 2,0.5034,Open Source Edge Computing Projects > CORD,A review on the applications of nuclear magnetic resonance (NMR) in the oil and gas industry: laboratory and field-scale measurements > NMR theory,590,370
CORD,NMR theory,Nível 1,Nível 2,0.5034,CORD,A review on the applications of nuclear magnetic resonance (NMR) in the oil and gas industry: laboratory and field-scale measurements > NMR theory,590,370
Collaborated devices control and resource management,Wettability,Nível 3,Nível 3,0.5034,Enhancing Energy Efficiency of Edge Computing Systems > At the Bottom Device Layer > Collaborated devices control and resource management,A review on the applications of nuclear magnetic resonance (NMR) in the oil and gas industry: laboratory and field-scale measurements > Petrophysics > Wettability,487,416
Collaborated devices control and resource management,Wettability,Nível 2,Nível 3,0.5034,At the Bottom Device Layer > Collaborated devices control and resource management,A review on the applications of nuclear magnetic resonance (NMR) in the oil and gas industry: laboratory and field-scale measurements > Petrophysics > Wettability,487,416
Collaborated devices control and resource management,Wettability,Nível 1,Nível 3,0.5034,Collaborated devices control and resource management,A review on the applications of nuclear magnetic resonance (NMR) in the oil and gas industry: laboratory and field-scale measurements > Petrophysics > Wettability,487,416
Deep Learning Packages,Concluding remarks,Nível 2,Nível 2,0.5034,Deep Learning Optimization at the Edge > Deep Learning Packages,A review on the applications of nuclear magnetic resonance (NMR) in the oil and gas industry: laboratory and field-scale measurements > Concluding remarks,1025,564
Deep Learning Packages,Concluding remarks,Nível 1,Nível 2,0.5034,Deep Learning Packages,A review on the applications of nuclear magnetic resonance (NMR) in the oil and gas industry: laboratory and field-scale measurements > Concluding remarks,1025,564
Introduction,Two-dimensional NMR measurements,Nível 2,Nível 2,0.503,root > Introduction,A review on the applications of nuclear magnetic resonance (NMR) in the oil and gas industry: laboratory and field-scale measurements > Two-dimensional NMR measurements,1246,780
FocusStack,Two-dimensional NMR measurements,Nível 3,Nível 2,0.503,root > Edge Computing Systems and Tools > FocusStack,A review on the applications of nuclear magnetic resonance (NMR) in the oil and gas industry: laboratory and field-scale measurements > Two-dimensional NMR measurements,555,780
Other Edge Computing Systems,Abstract,Nível 3,Nível 2,0.503,root > Edge Computing Systems and Tools > Other Edge Computing Systems,A review on the applications of nuclear magnetic resonance (NMR) in the oil and gas industry: laboratory and field-scale measurements > Abstract,831,276
System Architecture,Wettability,Nível 3,Nível 3,0.503,root > ParaDrop > System Architecture,A review on the applications of nuclear magnetic resonance (NMR) in the oil and gas industry: laboratory and field-scale measurements > Petrophysics > Wettability,588,416
Comparative Study,Fluid saturation,Nível 3,Nível 3,0.503,root > Open Source Edge Computing Projects > Comparative Study,A review on the applications of nuclear magnetic resonance (NMR) in the oil and gas industry: laboratory and field-scale measurements > Petrophysics > Fluid saturation,348,394
At the Middle Edge Server Layer,Petrophysics,Nível 3,Nível 2,0.503,root > Enhancing Energy Efficiency of Edge Computing Systems > At the Middle Edge Server Layer,A review on the applications of nuclear magnetic resonance (NMR) in the oil and gas industry: laboratory and field-scale measurements > Petrophysics,90,272
Low-power system design and power management,Wettability,Nível 4,Nível 3,0.503,root > Enhancing Energy Efficiency of Edge Computing Systems > At the Middle Edge Server Layer > Low-power system design and power management,A review on the applications of nuclear magnetic resonance (NMR) in the oil and gas industry: laboratory and field-scale measurements > Petrophysics > Wettability,289,416
Green-energy powered sustainable computing,Relaxation measurements,Nível 4,Nível 2,0.503,root > Enhancing Energy Efficiency of Edge Computing Systems > At the Middle Edge Server Layer > Green-energy powered sustainable computing,A review on the applications of nuclear magnetic resonance (NMR) in the oil and gas industry: laboratory and field-scale measurements > Relaxation measurements,133,699
Conclusions,Emulsion droplet size determination using PFG NMR,Nível 2,Nível 3,0.503,root > Conclusions,A review on the applications of nuclear magnetic resonance (NMR) in the oil and gas industry: laboratory and field-scale measurements > Special topics > Emulsion droplet size determination using PFG NMR,559,624
Introduction,Two-dimensional NMR measurements,Nível 1,Nível 2,0.503,Introduction,A review on the applications of nuclear magnetic resonance (NMR) in the oil and gas industry: laboratory and field-scale measurements > Two-dimensional NMR measurements,1246,780
FocusStack,Two-dimensional NMR measurements,Nível 2,Nível 2,0.503,Edge Computing Systems and Tools > FocusStack,A review on the applications of nuclear magnetic resonance (NMR) in the oil and gas industry: laboratory and field-scale measurements > Two-dimensional NMR measurements,555,780
Other Edge Computing Systems,Abstract,Nível 2,Nível 2,0.503,Edge Computing Systems and Tools > Other Edge Computing Systems,A review on the applications of nuclear magnetic resonance (NMR) in the oil and gas industry: laboratory and field-scale measurements > Abstract,831,276
FocusStack,Two-dimensional NMR measurements,Nível 1,Nível 2,0.503,FocusStack,A review on the applications of nuclear magnetic resonance (NMR) in the oil and gas industry: laboratory and field-scale measurements > Two-dimensional NMR measurements,555,780
Other Edge Computing Systems,Abstract,Nível 1,Nível 2,0.503,Other Edge Computing Systems,A review on the applications of nuclear magnetic resonance (NMR) in the oil and gas industry: laboratory and field-scale measurements > Abstract,831,276
System Architecture,Wettability,Nível 2,Nível 3,0.503,ParaDrop > System Architecture,A review on the applications of nuclear magnetic resonance (NMR) in the oil and gas industry: laboratory and field-scale measurements > Petrophysics > Wettability,588,416
System Architecture,Wettability,Nível 1,Nível 3,0.503,System Architecture,A review on the applications of nuclear magnetic resonance (NMR) in the oil and gas industry: laboratory and field-scale measurements > Petrophysics > Wettability,588,416
Comparative Study,Fluid saturation,Nível 2,Nível 3,0.503,Open Source Edge Computing Projects > Comparative Study,A review on the applications of nuclear magnetic resonance (NMR) in the oil and gas industry: laboratory and field-scale measurements > Petrophysics > Fluid saturation,348,394
Comparative Study,Fluid saturation,Nível 1,Nível 3,0.503,Comparative Study,A review on the applications of nuclear magnetic resonance (NMR) in the oil and gas industry: laboratory and field-scale measurements > Petrophysics > Fluid saturation,348,394
At the Middle Edge Server Layer,Petrophysics,Nível 2,Nível 2,0.503,Enhancing Energy Efficiency of Edge Computing Systems > At the Middle Edge Server Layer,A review on the applications of nuclear magnetic resonance (NMR) in the oil and gas industry: laboratory and field-scale measurements > Petrophysics,90,272
Low-power system design and power management,Wettability,Nível 3,Nível 3,0.503,Enhancing Energy Efficiency of Edge Computing Systems > At the Middle Edge Server Layer > Low-power system design and power management,A review on the applications of nuclear magnetic resonance (NMR) in the oil and gas industry: laboratory and field-scale measurements > Petrophysics > Wettability,289,416
Green-energy powered sustainable computing,Relaxation measurements,Nível 3,Nível 2,0.503,Enhancing Energy Efficiency of Edge Computing Systems > At the Middle Edge Server Layer > Green-energy powered sustainable computing,A review on the applications of nuclear magnetic resonance (NMR) in the oil and gas industry: laboratory and field-scale measurements > Relaxation measurements,133,699
At the Middle Edge Server Layer,Petrophysics,Nível 1,Nível 2,0.503,At the Middle Edge Server Layer,A review on the applications of nuclear magnetic resonance (NMR) in the oil and gas industry: laboratory and field-scale measurements > Petrophysics,90,272
Low-power system design and power management,Wettability,Nível 2,Nível 3,0.503,At the Middle Edge Server Layer > Low-power system design and power management,A review on the applications of nuclear magnetic resonance (NMR) in the oil and gas industry: laboratory and field-scale measurements > Petrophysics > Wettability,289,416
Green-energy powered sustainable computing,Relaxation measurements,Nível 2,Nível 2,0.503,At the Middle Edge Server Layer > Green-energy powered sustainable computing,A review on the applications of nuclear magnetic resonance (NMR) in the oil and gas industry: laboratory and field-scale measurements > Relaxation measurements,133,699
Low-power system design and power management,Wettability,Nível 1,Nível 3,0.503,Low-power system design and power management,A review on the applications of nuclear magnetic resonance (NMR) in the oil and gas industry: laboratory and field-scale measurements > Petrophysics > Wettability,289,416
Green-energy powered sustainable computing,Relaxation measurements,Nível 1,Nível 2,0.503,Green-energy powered sustainable computing,A review on the applications of nuclear magnetic resonance (NMR) in the oil and gas industry: laboratory and field-scale measurements > Relaxation measurements,133,699
Conclusions,Emulsion droplet size determination using PFG NMR,Nível 1,Nível 3,0.503,Conclusions,A review on the applications of nuclear magnetic resonance (NMR) in the oil and gas industry: laboratory and field-scale measurements > Special topics > Emulsion droplet size determination using PFG NMR,559,624
Introduction,Wettability,Nível 2,Nível 3,0.5024,root > Introduction,A review on the applications of nuclear magnetic resonance (NMR) in the oil and gas industry: laboratory and field-scale measurements > Petrophysics > Wettability,1246,416
Cachier and Precog,Declaration,Nível 3,Nível 2,0.5024,root > Edge Computing Systems and Tools > Cachier and Precog,A review on the applications of nuclear magnetic resonance (NMR) in the oil and gas industry: laboratory and field-scale measurements > Declaration,649,147
Scenarios,NMR applications in field scale,Nível 4,Nível 2,0.5024,root > Open Source Edge Computing Projects > Comparative Study > Scenarios,A review on the applications of nuclear magnetic resonance (NMR) in the oil and gas industry: laboratory and field-scale measurements > NMR applications in field scale,471,464
At the Top Cloud Layer,Evaluation of mud filtrate invasion characteristic,Nível 3,Nível 3,0.5024,root > Enhancing Energy Efficiency of Edge Computing Systems > At the Top Cloud Layer,A review on the applications of nuclear magnetic resonance (NMR) in the oil and gas industry: laboratory and field-scale measurements > Special topics > Evaluation of mud filtrate invasion characteristic,197,1118
Systems and Toolkits,Permeability,Nível 3,Nível 3,0.5024,root > Deep Learning Optimization at the Edge > Systems and Toolkits,A review on the applications of nuclear magnetic resonance (NMR) in the oil and gas industry: laboratory and field-scale measurements > Petrophysics > Permeability,550,552
Introduction,Wettability,Nível 1,Nível 3,0.5024,Introduction,A review on the applications of nuclear magnetic resonance (NMR) in the oil and gas industry: laboratory and field-scale measurements > Petrophysics > Wettability,1246,416
Cachier and Precog,Declaration,Nível 2,Nível 2,0.5024,Edge Computing Systems and Tools > Cachier and Precog,A review on the applications of nuclear magnetic resonance (NMR) in the oil and gas industry: laboratory and field-scale measurements > Declaration,649,147
Cachier and Precog,Declaration,Nível 1,Nível 2,0.5024,Cachier and Precog,A review on the applications of nuclear magnetic resonance (NMR) in the oil and gas industry: laboratory and field-scale measurements > Declaration,649,147
Scenarios,NMR applications in field scale,Nível 3,Nível 2,0.5024,Open Source Edge Computing Projects > Comparative Study > Scenarios,A review on the applications of nuclear magnetic resonance (NMR) in the oil and gas industry: laboratory and field-scale measurements > NMR applications in field scale,471,464
Scenarios,NMR applications in field scale,Nível 2,Nível 2,0.5024,Comparative Study > Scenarios,A review on the applications of nuclear magnetic resonance (NMR) in the oil and gas industry: laboratory and field-scale measurements > NMR applications in field scale,471,464
Scenarios,NMR applications in field scale,Nível 1,Nível 2,0.5024,Scenarios,A review on the applications of nuclear magnetic resonance (NMR) in the oil and gas industry: laboratory and field-scale measurements > NMR applications in field scale,471,464
At the Top Cloud Layer,Evaluation of mud filtrate invasion characteristic,Nível 2,Nível 3,0.5024,Enhancing Energy Efficiency of Edge Computing Systems > At the Top Cloud Layer,A review on the applications of nuclear magnetic resonance (NMR) in the oil and gas industry: laboratory and field-scale measurements > Special topics > Evaluation of mud filtrate invasion characteristic,197,1118
At the Top Cloud Layer,Evaluation of mud filtrate invasion characteristic,Nível 1,Nível 3,0.5024,At the Top Cloud Layer,A review on the applications of nuclear magnetic resonance (NMR) in the oil and gas industry: laboratory and field-scale measurements > Special topics > Evaluation of mud filtrate invasion characteristic,197,1118
Systems and Toolkits,Permeability,Nível 2,Nível 3,0.5024,Deep Learning Optimization at the Edge > Systems and Toolkits,A review on the applications of nuclear magnetic resonance (NMR) in the oil and gas industry: laboratory and field-scale measurements > Petrophysics > Permeability,550,552
Systems and Toolkits,Permeability,Nível 1,Nível 3,0.5024,Systems and Toolkits,A review on the applications of nuclear magnetic resonance (NMR) in the oil and gas industry: laboratory and field-scale measurements > Petrophysics > Permeability,550,552
Edge Computing Systems and Tools,Introduction,Nível 2,Nível 2,0.502,root > Edge Computing Systems and Tools,A review on the applications of nuclear magnetic resonance (NMR) in the oil and gas industry: laboratory and field-scale measurements > Introduction,34,1614
ParaDrop,Relaxation measurements,Nível 3,Nível 2,0.502,root > Edge Computing Systems and Tools > ParaDrop,A review on the applications of nuclear magnetic resonance (NMR) in the oil and gas industry: laboratory and field-scale measurements > Relaxation measurements,395,699
SpanEdge,NMR applications in field scale,Nível 3,Nível 2,0.502,root > Edge Computing Systems and Tools > SpanEdge,A review on the applications of nuclear magnetic resonance (NMR) in the oil and gas industry: laboratory and field-scale measurements > NMR applications in field scale,490,464
Green-energy powered sustainable computing,Pore size distribution,Nível 4,Nível 3,0.502,root > Enhancing Energy Efficiency of Edge Computing Systems > At the Middle Edge Server Layer > Green-energy powered sustainable computing,A review on the applications of nuclear magnetic resonance (NMR) in the oil and gas industry: laboratory and field-scale measurements > Petrophysics > Pore size distribution,133,792
Edge Computing Systems and Tools,Introduction,Nível 1,Nível 2,0.502,Edge Computing Systems and Tools,A review on the applications of nuclear magnetic resonance (NMR) in the oil and gas industry: laboratory and field-scale measurements > Introduction,34,1614
ParaDrop,Relaxation measurements,Nível 2,Nível 2,0.502,Edge Computing Systems and Tools > ParaDrop,A review on the applications of nuclear magnetic resonance (NMR) in the oil and gas industry: laboratory and field-scale measurements > Relaxation measurements,395,699
SpanEdge,NMR applications in field scale,Nível 2,Nível 2,0.502,Edge Computing Systems and Tools > SpanEdge,A review on the applications of nuclear magnetic resonance (NMR) in the oil and gas industry: laboratory and field-scale measurements > NMR applications in field scale,490,464
ParaDrop,Relaxation measurements,Nível 1,Nível 2,0.502,ParaDrop,A review on the applications of nuclear magnetic resonance (NMR) in the oil and gas industry: laboratory and field-scale measurements > Relaxation measurements,395,699
SpanEdge,NMR applications in field scale,Nível 1,Nível 2,0.502,SpanEdge,A review on the applications of nuclear magnetic resonance (NMR) in the oil and gas industry: laboratory and field-scale measurements > NMR applications in field scale,490,464
Green-energy powered sustainable computing,Pore size distribution,Nível 3,Nível 3,0.502,Enhancing Energy Efficiency of Edge Computing Systems > At the Middle Edge Server Layer > Green-energy powered sustainable computing,A review on the applications of nuclear magnetic resonance (NMR) in the oil and gas industry: laboratory and field-scale measurements > Petrophysics > Pore size distribution,133,792
Green-energy powered sustainable computing,Pore size distribution,Nível 2,Nível 3,0.502,At the Middle Edge Server Layer > Green-energy powered sustainable computing,A review on the applications of nuclear magnetic resonance (NMR) in the oil and gas industry: laboratory and field-scale measurements > Petrophysics > Pore size distribution,133,792
Green-energy powered sustainable computing,Pore size distribution,Nível 1,Nível 3,0.502,Green-energy powered sustainable computing,A review on the applications of nuclear magnetic resonance (NMR) in the oil and gas industry: laboratory and field-scale measurements > Petrophysics > Pore size distribution,133,792
ParaDrop,Introduction,Nível 3,Nível 2,0.5015,root > Edge Computing Systems and Tools > ParaDrop,A review on the applications of nuclear magnetic resonance (NMR) in the oil and gas industry: laboratory and field-scale measurements > Introduction,395,1614
ParaDrop,Tar detection in carbonates,Nível 3,Nível 4,0.5015,root > Edge Computing Systems and Tools > ParaDrop,A review on the applications of nuclear magnetic resonance (NMR) in the oil and gas industry: laboratory and field-scale measurements > NMR applications in field scale > Field implementation and applications > Tar detection in carbonates,395,491
Deep Learning Optimization at the Edge,Abstract,Nível 2,Nível 2,0.5015,root > Deep Learning Optimization at the Edge,A review on the applications of nuclear magnetic resonance (NMR) in the oil and gas industry: laboratory and field-scale measurements > Abstract,137,276
FPGA-based Hardware,Enhanced oil recovery applications,Nível 4,Nível 2,0.5015,root > Deep Learning Optimization at the Edge > Hardware System > FPGA-based Hardware,A review on the applications of nuclear magnetic resonance (NMR) in the oil and gas industry: laboratory and field-scale measurements > Enhanced oil recovery applications,251,1519
Compatibility,Geosteering and well placement optimization,Nível 4,Nível 4,0.5015,root > Key Design Issues > Mobility Support > Compatibility,A review on the applications of nuclear magnetic resonance (NMR) in the oil and gas industry: laboratory and field-scale measurements > NMR applications in field scale > Field implementation and applications > Geosteering and well placement optimization,107,816
Compatibility,Declaration,Nível 4,Nível 2,0.5015,root > Key Design Issues > Mobility Support > Compatibility,A review on the applications of nuclear magnetic resonance (NMR) in the oil and gas industry: laboratory and field-scale measurements > Declaration,107,147
ParaDrop,Introduction,Nível 2,Nível 2,0.5015,Edge Computing Systems and Tools > ParaDrop,A review on the applications of nuclear magnetic resonance (NMR) in the oil and gas industry: laboratory and field-scale measurements > Introduction,395,1614
ParaDrop,Tar detection in carbonates,Nível 2,Nível 4,0.5015,Edge Computing Systems and Tools > ParaDrop,A review on the applications of nuclear magnetic resonance (NMR) in the oil and gas industry: laboratory and field-scale measurements > NMR applications in field scale > Field implementation and applications > Tar detection in carbonates,395,491
ParaDrop,Introduction,Nível 1,Nível 2,0.5015,ParaDrop,A review on the applications of nuclear magnetic resonance (NMR) in the oil and gas industry: laboratory and field-scale measurements > Introduction,395,1614
ParaDrop,Tar detection in carbonates,Nível 1,Nível 4,0.5015,ParaDrop,A review on the applications of nuclear magnetic resonance (NMR) in the oil and gas industry: laboratory and field-scale measurements > NMR applications in field scale > Field implementation and applications > Tar detection in carbonates,395,491
Deep Learning Optimization at the Edge,Abstract,Nível 1,Nível 2,0.5015,Deep Learning Optimization at the Edge,A review on the applications of nuclear magnetic resonance (NMR) in the oil and gas industry: laboratory and field-scale measurements > Abstract,137,276
FPGA-based Hardware,Enhanced oil recovery applications,Nível 3,Nível 2,0.5015,Deep Learning Optimization at the Edge > Hardware System > FPGA-based Hardware,A review on the applications of nuclear magnetic resonance (NMR) in the oil and gas industry: laboratory and field-scale measurements > Enhanced oil recovery applications,251,1519
FPGA-based Hardware,Enhanced oil recovery applications,Nível 2,Nível 2,0.5015,Hardware System > FPGA-based Hardware,A review on the applications of nuclear magnetic resonance (NMR) in the oil and gas industry: laboratory and field-scale measurements > Enhanced oil recovery applications,251,1519
FPGA-based Hardware,Enhanced oil recovery applications,Nível 1,Nível 2,0.5015,FPGA-based Hardware,A review on the applications of nuclear magnetic resonance (NMR) in the oil and gas industry: laboratory and field-scale measurements > Enhanced oil recovery applications,251,1519
Compatibility,Geosteering and well placement optimization,Nível 3,Nível 4,0.5015,Key Design Issues > Mobility Support > Compatibility,A review on the applications of nuclear magnetic resonance (NMR) in the oil and gas industry: laboratory and field-scale measurements > NMR applications in field scale > Field implementation and applications > Geosteering and well placement optimization,107,816
Compatibility,Declaration,Nível 3,Nível 2,0.5015,Key Design Issues > Mobility Support > Compatibility,A review on the applications of nuclear magnetic resonance (NMR) in the oil and gas industry: laboratory and field-scale measurements > Declaration,107,147
Compatibility,Geosteering and well placement optimization,Nível 2,Nível 4,0.5015,Mobility Support > Compatibility,A review on the applications of nuclear magnetic resonance (NMR) in the oil and gas industry: laboratory and field-scale measurements > NMR applications in field scale > Field implementation and applications > Geosteering and well placement optimization,107,816
Compatibility,Declaration,Nível 2,Nível 2,0.5015,Mobility Support > Compatibility,A review on the applications of nuclear magnetic resonance (NMR) in the oil and gas industry: laboratory and field-scale measurements > Declaration,107,147
Compatibility,Geosteering and well placement optimization,Nível 1,Nível 4,0.5015,Compatibility,A review on the applications of nuclear magnetic resonance (NMR) in the oil and gas industry: laboratory and field-scale measurements > NMR applications in field scale > Field implementation and applications > Geosteering and well placement optimization,107,816
Compatibility,Declaration,Nível 1,Nível 2,0.5015,Compatibility,A review on the applications of nuclear magnetic resonance (NMR) in the oil and gas industry: laboratory and field-scale measurements > Declaration,107,147
SpanEdge,Enhanced oil recovery applications,Nível 3,Nível 2,0.501,root > Edge Computing Systems and Tools > SpanEdge,A review on the applications of nuclear magnetic resonance (NMR) in the oil and gas industry: laboratory and field-scale measurements > Enhanced oil recovery applications,490,1519
Firework,Design and improvements in LWD-NMR,Nível 3,Nível 3,0.501,root > Edge Computing Systems and Tools > Firework,A review on the applications of nuclear magnetic resonance (NMR) in the oil and gas industry: laboratory and field-scale measurements > NMR applications in field scale > Design and improvements in LWD-NMR,979,1620
Other Edge Computing Systems,Geosteering and well placement optimization,Nível 3,Nível 4,0.501,root > Edge Computing Systems and Tools > Other Edge Computing Systems,A review on the applications of nuclear magnetic resonance (NMR) in the oil and gas industry: laboratory and field-scale measurements > NMR applications in field scale > Field implementation and applications > Geosteering and well placement optimization,831,816
Green-energy powered sustainable computing,Wettability,Nível 4,Nível 3,0.501,root > Enhancing Energy Efficiency of Edge Computing Systems > At the Middle Edge Server Layer > Green-energy powered sustainable computing,A review on the applications of nuclear magnetic resonance (NMR) in the oil and gas industry: laboratory and field-scale measurements > Petrophysics > Wettability,133,416
Green-energy powered sustainable computing,Geosteering and well placement optimization,Nível 4,Nível 4,0.501,root > Enhancing Energy Efficiency of Edge Computing Systems > At the Middle Edge Server Layer > Green-energy powered sustainable computing,A review on the applications of nuclear magnetic resonance (NMR) in the oil and gas industry: laboratory and field-scale measurements > NMR applications in field scale > Field implementation and applications > Geosteering and well placement optimization,133,816
At the Bottom Device Layer,Permeability,Nível 3,Nível 3,0.501,root > Enhancing Energy Efficiency of Edge Computing Systems > At the Bottom Device Layer,A review on the applications of nuclear magnetic resonance (NMR) in the oil and gas industry: laboratory and field-scale measurements > Petrophysics > Permeability,85,552
Systems and Toolkits,Geosteering and well placement optimization,Nível 3,Nível 4,0.501,root > Deep Learning Optimization at the Edge > Systems and Toolkits,A review on the applications of nuclear magnetic resonance (NMR) in the oil and gas industry: laboratory and field-scale measurements > NMR applications in field scale > Field implementation and applications > Geosteering and well placement optimization,550,816
ASIC,Common misinterpretation in conventional rocks,Nível 4,Nível 3,0.501,root > Deep Learning Optimization at the Edge > Hardware System > ASIC,A review on the applications of nuclear magnetic resonance (NMR) in the oil and gas industry: laboratory and field-scale measurements > Special topics > Common misinterpretation in conventional rocks,205,749
Compatibility,Tar detection in carbonates,Nível 4,Nível 4,0.501,root > Key Design Issues > Mobility Support > Compatibility,A review on the applications of nuclear magnetic resonance (NMR) in the oil and gas industry: laboratory and field-scale measurements > NMR applications in field scale > Field implementation and applications > Tar detection in carbonates,107,491
SpanEdge,Enhanced oil recovery applications,Nível 2,Nível 2,0.501,Edge Computing Systems and Tools > SpanEdge,A review on the applications of nuclear magnetic resonance (NMR) in the oil and gas industry: laboratory and field-scale measurements > Enhanced oil recovery applications,490,1519
Firework,Design and improvements in LWD-NMR,Nível 2,Nível 3,0.501,Edge Computing Systems and Tools > Firework,A review on the applications of nuclear magnetic resonance (NMR) in the oil and gas industry: laboratory and field-scale measurements > NMR applications in field scale > Design and improvements in LWD-NMR,979,1620
Other Edge Computing Systems,Geosteering and well placement optimization,Nível 2,Nível 4,0.501,Edge Computing Systems and Tools > Other Edge Computing Systems,A review on the applications of nuclear magnetic resonance (NMR) in the oil and gas industry: laboratory and field-scale measurements > NMR applications in field scale > Field implementation and applications > Geosteering and well placement optimization,831,816
SpanEdge,Enhanced oil recovery applications,Nível 1,Nível 2,0.501,SpanEdge,A review on the applications of nuclear magnetic resonance (NMR) in the oil and gas industry: laboratory and field-scale measurements > Enhanced oil recovery applications,490,1519
Firework,Design and improvements in LWD-NMR,Nível 1,Nível 3,0.501,Firework,A review on the applications of nuclear magnetic resonance (NMR) in the oil and gas industry: laboratory and field-scale measurements > NMR applications in field scale > Design and improvements in LWD-NMR,979,1620
Other Edge Computing Systems,Geosteering and well placement optimization,Nível 1,Nível 4,0.501,Other Edge Computing Systems,A review on the applications of nuclear magnetic resonance (NMR) in the oil and gas industry: laboratory and field-scale measurements > NMR applications in field scale > Field implementation and applications > Geosteering and well placement optimization,831,816
Green-energy powered sustainable computing,Wettability,Nível 3,Nível 3,0.501,Enhancing Energy Efficiency of Edge Computing Systems > At the Middle Edge Server Layer > Green-energy powered sustainable computing,A review on the applications of nuclear magnetic resonance (NMR) in the oil and gas industry: laboratory and field-scale measurements > Petrophysics > Wettability,133,416
Green-energy powered sustainable computing,Geosteering and well placement optimization,Nível 3,Nível 4,0.501,Enhancing Energy Efficiency of Edge Computing Systems > At the Middle Edge Server Layer > Green-energy powered sustainable computing,A review on the applications of nuclear magnetic resonance (NMR) in the oil and gas industry: laboratory and field-scale measurements > NMR applications in field scale > Field implementation and applications > Geosteering and well placement optimization,133,816
At the Bottom Device Layer,Permeability,Nível 2,Nível 3,0.501,Enhancing Energy Efficiency of Edge Computing Systems > At the Bottom Device Layer,A review on the applications of nuclear magnetic resonance (NMR) in the oil and gas industry: laboratory and field-scale measurements > Petrophysics > Permeability,85,552
Green-energy powered sustainable computing,Wettability,Nível 2,Nível 3,0.501,At the Middle Edge Server Layer > Green-energy powered sustainable computing,A review on the applications of nuclear magnetic resonance (NMR) in the oil and gas industry: laboratory and field-scale measurements > Petrophysics > Wettability,133,416
Green-energy powered sustainable computing,Geosteering and well placement optimization,Nível 2,Nível 4,0.501,At the Middle Edge Server Layer > Green-energy powered sustainable computing,A review on the applications of nuclear magnetic resonance (NMR) in the oil and gas industry: laboratory and field-scale measurements > NMR applications in field scale > Field implementation and applications > Geosteering and well placement optimization,133,816
Green-energy powered sustainable computing,Wettability,Nível 1,Nível 3,0.501,Green-energy powered sustainable computing,A review on the applications of nuclear magnetic resonance (NMR) in the oil and gas industry: laboratory and field-scale measurements > Petrophysics > Wettability,133,416
Green-energy powered sustainable computing,Geosteering and well placement optimization,Nível 1,Nível 4,0.501,Green-energy powered sustainable computing,A review on the applications of nuclear magnetic resonance (NMR) in the oil and gas industry: laboratory and field-scale measurements > NMR applications in field scale > Field implementation and applications > Geosteering and well placement optimization,133,816
At the Bottom Device Layer,Permeability,Nível 1,Nível 3,0.501,At the Bottom Device Layer,A review on the applications of nuclear magnetic resonance (NMR) in the oil and gas industry: laboratory and field-scale measurements > Petrophysics > Permeability,85,552
Systems and Toolkits,Geosteering and well placement optimization,Nível 2,Nível 4,0.501,Deep Learning Optimization at the Edge > Systems and Toolkits,A review on the applications of nuclear magnetic resonance (NMR) in the oil and gas industry: laboratory and field-scale measurements > NMR applications in field scale > Field implementation and applications > Geosteering and well placement optimization,550,816
ASIC,Common misinterpretation in conventional rocks,Nível 3,Nível 3,0.501,Deep Learning Optimization at the Edge > Hardware System > ASIC,A review on the applications of nuclear magnetic resonance (NMR) in the oil and gas industry: laboratory and field-scale measurements > Special topics > Common misinterpretation in conventional rocks,205,749
Systems and Toolkits,Geosteering and well placement optimization,Nível 1,Nível 4,0.501,Systems and Toolkits,A review on the applications of nuclear magnetic resonance (NMR) in the oil and gas industry: laboratory and field-scale measurements > NMR applications in field scale > Field implementation and applications > Geosteering and well placement optimization,550,816
ASIC,Common misinterpretation in conventional rocks,Nível 2,Nível 3,0.501,Hardware System > ASIC,A review on the applications of nuclear magnetic resonance (NMR) in the oil and gas industry: laboratory and field-scale measurements > Special topics > Common misinterpretation in conventional rocks,205,749
ASIC,Common misinterpretation in conventional rocks,Nível 1,Nível 3,0.501,ASIC,A review on the applications of nuclear magnetic resonance (NMR) in the oil and gas industry: laboratory and field-scale measurements > Special topics > Common misinterpretation in conventional rocks,205,749
Compatibility,Tar detection in carbonates,Nível 3,Nível 4,0.501,Key Design Issues > Mobility Support > Compatibility,A review on the applications of nuclear magnetic resonance (NMR) in the oil and gas industry: laboratory and field-scale measurements > NMR applications in field scale > Field implementation and applications > Tar detection in carbonates,107,491
Compatibility,Tar detection in carbonates,Nível 2,Nível 4,0.501,Mobility Support > Compatibility,A review on the applications of nuclear magnetic resonance (NMR) in the oil and gas industry: laboratory and field-scale measurements > NMR applications in field scale > Field implementation and applications > Tar detection in carbonates,107,491
Compatibility,Tar detection in carbonates,Nível 1,Nível 4,0.501,Compatibility,A review on the applications of nuclear magnetic resonance (NMR) in the oil and gas industry: laboratory and field-scale measurements > NMR applications in field scale > Field implementation and applications > Tar detection in carbonates,107,491
SpanEdge,Two-dimensional NMR measurements,Nível 3,Nível 2,0.5005,root > Edge Computing Systems and Tools > SpanEdge,A review on the applications of nuclear magnetic resonance (NMR) in the oil and gas industry: laboratory and field-scale measurements > Two-dimensional NMR measurements,490,780
Cloud-Sea Computing Systems,Concluding remarks,Nível 3,Nível 2,0.5005,root > Edge Computing Systems and Tools > Cloud-Sea Computing Systems,A review on the applications of nuclear magnetic resonance (NMR) in the oil and gas industry: laboratory and field-scale measurements > Concluding remarks,587,564
Other Edge Computing Systems,NMR applications in laboratory scale,Nível 3,Nível 2,0.5005,root > Edge Computing Systems and Tools > Other Edge Computing Systems,A review on the applications of nuclear magnetic resonance (NMR) in the oil and gas industry: laboratory and field-scale measurements > NMR applications in laboratory scale,831,664
Other Edge Computing Systems,Concluding remarks,Nível 3,Nível 2,0.5005,root > Edge Computing Systems and Tools > Other Edge Computing Systems,A review on the applications of nuclear magnetic resonance (NMR) in the oil and gas industry: laboratory and field-scale measurements > Concluding remarks,831,564
System Architecture,Capillary pressure,Nível 3,Nível 3,0.5005,root > ParaDrop > System Architecture,A review on the applications of nuclear magnetic resonance (NMR) in the oil and gas industry: laboratory and field-scale measurements > Petrophysics > Capillary pressure,588,429
CORD,Common misinterpretation in conventional rocks,Nível 3,Nível 3,0.5005,root > Open Source Edge Computing Projects > CORD,A review on the applications of nuclear magnetic resonance (NMR) in the oil and gas industry: laboratory and field-scale measurements > Special topics > Common misinterpretation in conventional rocks,590,749
Green-energy powered sustainable computing,Abstract,Nível 4,Nível 2,0.5005,root > Enhancing Energy Efficiency of Edge Computing Systems > At the Middle Edge Server Layer > Green-energy powered sustainable computing,A review on the applications of nuclear magnetic resonance (NMR) in the oil and gas industry: laboratory and field-scale measurements > Abstract,133,276
Computation offloading to edge servers or cloud,Design and improvements in LWD-NMR,Nível 4,Nível 3,0.5005,root > Enhancing Energy Efficiency of Edge Computing Systems > At the Bottom Device Layer > Computation offloading to edge servers or cloud,A review on the applications of nuclear magnetic resonance (NMR) in the oil and gas industry: laboratory and field-scale measurements > NMR applications in field scale > Design and improvements in LWD-NMR,367,1620
SpanEdge,Two-dimensional NMR measurements,Nível 2,Nível 2,0.5005,Edge Computing Systems and Tools > SpanEdge,A review on the applications of nuclear magnetic resonance (NMR) in the oil and gas industry: laboratory and field-scale measurements > Two-dimensional NMR measurements,490,780
Cloud-Sea Computing Systems,Concluding remarks,Nível 2,Nível 2,0.5005,Edge Computing Systems and Tools > Cloud-Sea Computing Systems,A review on the applications of nuclear magnetic resonance (NMR) in the oil and gas industry: laboratory and field-scale measurements > Concluding remarks,587,564
Other Edge Computing Systems,NMR applications in laboratory scale,Nível 2,Nível 2,0.5005,Edge Computing Systems and Tools > Other Edge Computing Systems,A review on the applications of nuclear magnetic resonance (NMR) in the oil and gas industry: laboratory and field-scale measurements > NMR applications in laboratory scale,831,664
Other Edge Computing Systems,Concluding remarks,Nível 2,Nível 2,0.5005,Edge Computing Systems and Tools > Other Edge Computing Systems,A review on the applications of nuclear magnetic resonance (NMR) in the oil and gas industry: laboratory and field-scale measurements > Concluding remarks,831,564
SpanEdge,Two-dimensional NMR measurements,Nível 1,Nível 2,0.5005,SpanEdge,A review on the applications of nuclear magnetic resonance (NMR) in the oil and gas industry: laboratory and field-scale measurements > Two-dimensional NMR measurements,490,780
Cloud-Sea Computing Systems,Concluding remarks,Nível 1,Nível 2,0.5005,Cloud-Sea Computing Systems,A review on the applications of nuclear magnetic resonance (NMR) in the oil and gas industry: laboratory and field-scale measurements > Concluding remarks,587,564
Other Edge Computing Systems,NMR applications in laboratory scale,Nível 1,Nível 2,0.5005,Other Edge Computing Systems,A review on the applications of nuclear magnetic resonance (NMR) in the oil and gas industry: laboratory and field-scale measurements > NMR applications in laboratory scale,831,664
Other Edge Computing Systems,Concluding remarks,Nível 1,Nível 2,0.5005,Other Edge Computing Systems,A review on the applications of nuclear magnetic resonance (NMR) in the oil and gas industry: laboratory and field-scale measurements > Concluding remarks,831,564
System Architecture,Capillary pressure,Nível 2,Nível 3,0.5005,ParaDrop > System Architecture,A review on the applications of nuclear magnetic resonance (NMR) in the oil and gas industry: laboratory and field-scale measurements > Petrophysics > Capillary pressure,588,429
System Architecture,Capillary pressure,Nível 1,Nível 3,0.5005,System Architecture,A review on the applications of nuclear magnetic resonance (NMR) in the oil and gas industry: laboratory and field-scale measurements > Petrophysics > Capillary pressure,588,429
CORD,Common misinterpretation in conventional rocks,Nível 2,Nível 3,0.5005,Open Source Edge Computing Projects > CORD,A review on the applications of nuclear magnetic resonance (NMR) in the oil and gas industry: laboratory and field-scale measurements > Special topics > Common misinterpretation in conventional rocks,590,749
CORD,Common misinterpretation in conventional rocks,Nível 1,Nível 3,0.5005,CORD,A review on the applications of nuclear magnetic resonance (NMR) in the oil and gas industry: laboratory and field-scale measurements > Special topics > Common misinterpretation in conventional rocks,590,749
Green-energy powered sustainable computing,Abstract,Nível 3,Nível 2,0.5005,Enhancing Energy Efficiency of Edge Computing Systems > At the Middle Edge Server Layer > Green-energy powered sustainable computing,A review on the applications of nuclear magnetic resonance (NMR) in the oil and gas industry: laboratory and field-scale measurements > Abstract,133,276
Computation offloading to edge servers or cloud,Design and improvements in LWD-NMR,Nível 3,Nível 3,0.5005,Enhancing Energy Efficiency of Edge Computing Systems > At the Bottom Device Layer > Computation offloading to edge servers or cloud,A review on the applications of nuclear magnetic resonance (NMR) in the oil and gas industry: laboratory and field-scale measurements > NMR applications in field scale > Design and improvements in LWD-NMR,367,1620
Green-energy powered sustainable computing,Abstract,Nível 2,Nível 2,0.5005,At the Middle Edge Server Layer > Green-energy powered sustainable computing,A review on the applications of nuclear magnetic resonance (NMR) in the oil and gas industry: laboratory and field-scale measurements > Abstract,133,276
Green-energy powered sustainable computing,Abstract,Nível 1,Nível 2,0.5005,Green-energy powered sustainable computing,A review on the applications of nuclear magnetic resonance (NMR) in the oil and gas industry: laboratory and field-scale measurements > Abstract,133,276
Computation offloading to edge servers or cloud,Design and improvements in LWD-NMR,Nível 2,Nível 3,0.5005,At the Bottom Device Layer > Computation offloading to edge servers or cloud,A review on the applications of nuclear magnetic resonance (NMR) in the oil and gas industry: laboratory and field-scale measurements > NMR applications in field scale > Design and improvements in LWD-NMR,367,1620
Computation offloading to edge servers or cloud,Design and improvements in LWD-NMR,Nível 1,Nível 3,0.5005,Computation offloading to edge servers or cloud,A review on the applications of nuclear magnetic resonance (NMR) in the oil and gas industry: laboratory and field-scale measurements > NMR applications in field scale > Design and improvements in LWD-NMR,367,1620
Low-power system design and power management,NMR applications in laboratory scale,Nível 4,Nível 2,0.5,root > Enhancing Energy Efficiency of Edge Computing Systems > At the Middle Edge Server Layer > Low-power system design and power management,A review on the applications of nuclear magnetic resonance (NMR) in the oil and gas industry: laboratory and field-scale measurements > NMR applications in laboratory scale,289,664
FPGA-based Hardware,NMR applications in field scale,Nível 4,Nível 2,0.5,root > Deep Learning Optimization at the Edge > Hardware System > FPGA-based Hardware,A review on the applications of nuclear magnetic resonance (NMR) in the oil and gas industry: laboratory and field-scale measurements > NMR applications in field scale,251,464
Multi-domain Management and Cooperation,Enhanced oil recovery applications,Nível 4,Nível 2,0.5,root > Key Design Issues > Mobility Support > Multi-domain Management and Cooperation,A review on the applications of nuclear magnetic resonance (NMR) in the oil and gas industry: laboratory and field-scale measurements > Enhanced oil recovery applications,127,1519
Low-power system design and power management,NMR applications in laboratory scale,Nível 3,Nível 2,0.5,Enhancing Energy Efficiency of Edge Computing Systems > At the Middle Edge Server Layer > Low-power system design and power management,A review on the applications of nuclear magnetic resonance (NMR) in the oil and gas industry: laboratory and field-scale measurements > NMR applications in laboratory scale,289,664
Low-power system design and power management,NMR applications in laboratory scale,Nível 2,Nível 2,0.5,At the Middle Edge Server Layer > Low-power system design and power management,A review on the applications of nuclear magnetic resonance (NMR) in the oil and gas industry: laboratory and field-scale measurements > NMR applications in laboratory scale,289,664
Low-power system design and power management,NMR applications in laboratory scale,Nível 1,Nível 2,0.5,Low-power system design and power management,A review on the applications of nuclear magnetic resonance (NMR) in the oil and gas industry: laboratory and field-scale measurements > NMR applications in laboratory scale,289,664
FPGA-based Hardware,NMR applications in field scale,Nível 3,Nível 2,0.5,Deep Learning Optimization at the Edge > Hardware System > FPGA-based Hardware,A review on the applications of nuclear magnetic resonance (NMR) in the oil and gas industry: laboratory and field-scale measurements > NMR applications in field scale,251,464
FPGA-based Hardware,NMR applications in field scale,Nível 2,Nível 2,0.5,Hardware System > FPGA-based Hardware,A review on the applications of nuclear magnetic resonance (NMR) in the oil and gas industry: laboratory and field-scale measurements > NMR applications in field scale,251,464
FPGA-based Hardware,NMR applications in field scale,Nível 1,Nível 2,0.5,FPGA-based Hardware,A review on the applications of nuclear magnetic resonance (NMR) in the oil and gas industry: laboratory and field-scale measurements > NMR applications in field scale,251,464
Multi-domain Management and Cooperation,Enhanced oil recovery applications,Nível 3,Nível 2,0.5,Key Design Issues > Mobility Support > Multi-domain Management and Cooperation,A review on the applications of nuclear magnetic resonance (NMR) in the oil and gas industry: laboratory and field-scale measurements > Enhanced oil recovery applications,127,1519
Multi-domain Management and Cooperation,Enhanced oil recovery applications,Nível 2,Nível 2,0.5,Mobility Support > Multi-domain Management and Cooperation,A review on the applications of nuclear magnetic resonance (NMR) in the oil and gas industry: laboratory and field-scale measurements > Enhanced oil recovery applications,127,1519
Multi-domain Management and Cooperation,Enhanced oil recovery applications,Nível 1,Nível 2,0.5,Multi-domain Management and Cooperation,A review on the applications of nuclear magnetic resonance (NMR) in the oil and gas industry: laboratory and field-scale measurements > Enhanced oil recovery applications,127,1519
